= engine.log: the lines of each slice this report kept =
built by scripts/make_engine_log.py; the raw slices sit beside it

=== engine-interleave.log: 1738 lines, 560 kept ===
[strata] 2026-10-06 21:46:40 engine started: <strata checkout>/engine/strata --serve --pack <data root>/packs/coder-iq1_m --native <data root>/models/coder-IQ1_M/Qwen3.8-Flash-Next-GSQ-RCO-IQ1_M-00001-of-00002.gguf --ple-gguf <data root>/models/coder-IQ1_M/Qwen3.8-Flash-Next-GSQ-RCO-IQ1_M-00002-of-00002.gguf --expert-profile expert-profile-learned-coder.bin --expert-cache auto --prefill auto --spec 5 --spec-min-p 0.5 --mtp <data root>/mtp/rt --max-context 262144 --kv int8 --kv-resident 32768 --vram-reserve-mib 3072 --vram-reserve-later-mib 800 --pipeline-windows 2 --vision --layer-split 27 --expert-profile-save expert-profile-learned-coder.bin
strata generate: layer split: every stage keeps its own prompt buffers (~1904 MiB each, 2048-token chunks) (STRATA_SPLIT_OWN=1)
strata generate: layer split across 2 GPUs: CUDA0, then CUDA1 (split 27)
strata generate: PCIe probe: 28.2 GB/s host->device (best of 28.2 28.2 28.2 28.2) -> pcie_frac 0.55 (default 0.55)
strata generate: layer split: CUDA0 loads the dense weights of layers 0-26 only
strata generate: layer split: CUDA1 loads the dense weights of layers 27-47 only
strata generate: layer split: CUDA1 PCIe probe 3.1 GB/s (best of 3.1 3.1 3.1 3.1) -> pcie_frac 0.08
strata generate: layer split: CUDA1 holds its weights; 14.19 GiB free (its session follows the split search)
strata generate: KV streaming: 32768 of 262144 cells per QSA layer in VRAM, the K/V in 1.55 GiB of pinned RAM
strata generate: layer split: CUDA1 holds its weights, session [27, 48) and the head; 13.20 GiB free
strata mtp: draft layer loaded, 837 MiB of VRAM (experts 675, dense 111), files read in 0.79 s (992 MiB/s)
strata generate: GPU 0: AMD Radeon RX 7900 GRE (gfx1100)
strata generate: --pipeline-windows 2: 290 MiB of CUDA0 kept out of the expert cache (the second verifier, the GDN snapshots)
strata generate: expert cache auto: 13.21 GiB free, 3072 MiB reserved (+0 MiB for the draft head) -> 3405 slots
strata generate: expert cache 4661 slots, 8.44 GiB of VRAM; policy is
strata generate: layer split, CUDA1: 12.38 GiB free of 15.98, room for experts 9.62 GiB
strata generate: layer split: CUDA1 runs layers 27-47, expert cache 4765 slots (9.62 GiB), 4765 of its 5376 profiled pairs; slot 0 verified
strata generate: layer split: CUDA0 runs layers 0-26
strata generate: R4 hit path ON - resident experts are computed on the GPU
strata generate: session is up (engine 0.1.40)
strata generate: token graph hit path: 9426 resident experts, decided on the device
strata serve: layer split: 77% of the experts resident, the prompt path's streamed ring 96 slots
strata serve: layer split: layers 0-26 (CUDA0), 27-47 (CUDA1), one hand-off per window
strata mtp: draft head over 40525 tokens (81.2 MiB)
strata serve: --pipeline-windows 2: two verifiers per stage, the stages overlap across windows (decode too; the GDN snapshots beside the window)
strata serve: prompt 1757 tokens = 0 reused + 1757 read in 1898 ms (925.5 tok/s), 409 generated in 6160 ms (66.4 tok/s), drafts accepted 235 of 385, 1 checkpoints
strata serve: decode expert cache hit rate: 97.1% (300934 hits / 309870 lookups); 3530 more read by the GPU over PCIe or from another GPU (1.1% of all 313400 routed)
strata serve: KV streaming: 99.86% of 2286690 block reads hit VRAM, 13.1 MiB read from RAM
[strata] 2026-10-06 21:47:19 engine started: <strata checkout>/engine/strata --serve --pack <data root>/packs/coder-iq1_m --native <data root>/models/coder-IQ1_M/Qwen3.8-Flash-Next-GSQ-RCO-IQ1_M-00001-of-00002.gguf --ple-gguf <data root>/models/coder-IQ1_M/Qwen3.8-Flash-Next-GSQ-RCO-IQ1_M-00002-of-00002.gguf --expert-profile expert-profile-learned-coder.bin --expert-cache auto --prefill auto --spec 5 --spec-min-p 0.5 --mtp <data root>/mtp/rt --max-context 262144 --kv int8 --kv-resident 32768 --vram-reserve-mib 3072 --vram-reserve-later-mib 800 --pipeline-windows 2 --vision --pipeline-windows 1 --layer-split 27 --expert-profile-save expert-profile-learned-coder.bin
strata generate: layer split: every stage keeps its own prompt buffers (~1904 MiB each, 2048-token chunks) (STRATA_SPLIT_OWN=1)
strata generate: layer split across 2 GPUs: CUDA0, then CUDA1 (split 27)
strata generate: PCIe probe: 28.2 GB/s host->device (best of 28.2 28.2 28.2 28.2) -> pcie_frac 0.55 (default 0.55)
strata generate: layer split: CUDA0 loads the dense weights of layers 0-26 only
strata generate: layer split: CUDA1 loads the dense weights of layers 27-47 only
strata generate: layer split: CUDA1 PCIe probe 3.1 GB/s (best of 3.1 3.1 3.1 3.1) -> pcie_frac 0.08
strata generate: layer split: CUDA1 holds its weights; 14.19 GiB free (its session follows the split search)
strata generate: KV streaming: 32768 of 262144 cells per QSA layer in VRAM, the K/V in 1.55 GiB of pinned RAM
strata generate: layer split: CUDA1 holds its weights, session [27, 48) and the head; 13.20 GiB free
strata mtp: draft layer loaded, 836 MiB of VRAM (experts 675, dense 111), files read in 0.77 s (1015 MiB/s)
strata generate: GPU 0: AMD Radeon RX 7900 GRE (gfx1100)
strata generate: --pipeline-windows 1: 160 MiB of CUDA0 kept out of the expert cache (the second verifier)
strata generate: expert cache auto: 13.21 GiB free, 3072 MiB reserved (+0 MiB for the draft head) -> 3457 slots
strata generate: expert cache 4731 slots, 8.57 GiB of VRAM; policy is
strata generate: layer split, CUDA1: 12.38 GiB free of 15.98, room for experts 9.62 GiB
strata generate: layer split: CUDA1 runs layers 27-47, expert cache 4765 slots (9.62 GiB), 4765 of its 5376 profiled pairs; slot 0 verified
strata generate: layer split: CUDA0 runs layers 0-26
strata generate: R4 hit path ON - resident experts are computed on the GPU
strata generate: session is up (engine 0.1.40)
strata generate: token graph hit path: 9496 resident experts, decided on the device
strata serve: layer split: 77% of the experts resident, the prompt path's streamed ring 96 slots
strata serve: layer split: layers 0-26 (CUDA0), 27-47 (CUDA1), one hand-off per window
strata mtp: draft head over 40525 tokens (81.2 MiB)
strata serve: --pipeline-windows 1: two verifiers per stage, the stages overlap across windows
strata serve: prompt 1757 tokens = 0 reused + 1757 read in 1904 ms (922.7 tok/s), 414 generated in 6846 ms (60.5 tok/s), drafts accepted 240 of 374, 1 checkpoints
strata serve: decode expert cache hit rate: 97.5% (255468 hits / 261984 lookups); 2496 more read by the GPU over PCIe or from another GPU (0.9% of all 264480 routed)
strata serve: KV streaming: 99.80% of 1629126 block reads hit VRAM, 13.1 MiB read from RAM
[strata] 2026-10-06 21:47:57 engine started: <strata checkout>/engine/strata --serve --pack <data root>/packs/coder-iq1_m --native <data root>/models/coder-IQ1_M/Qwen3.8-Flash-Next-GSQ-RCO-IQ1_M-00001-of-00002.gguf --ple-gguf <data root>/models/coder-IQ1_M/Qwen3.8-Flash-Next-GSQ-RCO-IQ1_M-00002-of-00002.gguf --expert-profile expert-profile-learned-coder.bin --expert-cache auto --prefill auto --spec 5 --spec-min-p 0.5 --mtp <data root>/mtp/rt --max-context 262144 --kv int8 --kv-resident 32768 --vram-reserve-mib 3072 --vram-reserve-later-mib 800 --pipeline-windows 2 --vision --layer-split 27 --expert-profile-save expert-profile-learned-coder.bin
strata generate: layer split: every stage keeps its own prompt buffers (~1904 MiB each, 2048-token chunks) (STRATA_SPLIT_OWN=1)
strata generate: layer split across 2 GPUs: CUDA0, then CUDA1 (split 27)
strata generate: PCIe probe: 28.2 GB/s host->device (best of 28.2 28.2 28.2 28.2) -> pcie_frac 0.55 (default 0.55)
strata generate: layer split: CUDA0 loads the dense weights of layers 0-26 only
strata generate: layer split: CUDA1 loads the dense weights of layers 27-47 only
strata generate: layer split: CUDA1 PCIe probe 3.1 GB/s (best of 3.1 3.1 3.1 3.1) -> pcie_frac 0.08
strata generate: layer split: CUDA1 holds its weights; 14.19 GiB free (its session follows the split search)
strata generate: KV streaming: 32768 of 262144 cells per QSA layer in VRAM, the K/V in 1.55 GiB of pinned RAM
strata generate: layer split: CUDA1 holds its weights, session [27, 48) and the head; 13.20 GiB free
strata mtp: draft layer loaded, 837 MiB of VRAM (experts 675, dense 111), files read in 0.74 s (1063 MiB/s)
strata generate: GPU 0: AMD Radeon RX 7900 GRE (gfx1100)
strata generate: --pipeline-windows 2: 290 MiB of CUDA0 kept out of the expert cache (the second verifier, the GDN snapshots)
strata generate: expert cache auto: 13.23 GiB free, 3072 MiB reserved (+0 MiB for the draft head) -> 3414 slots
strata generate: expert cache 4673 slots, 8.46 GiB of VRAM; policy is
strata generate: layer split, CUDA1: 12.38 GiB free of 15.98, room for experts 9.62 GiB
strata generate: layer split: CUDA1 runs layers 27-47, expert cache 4765 slots (9.62 GiB), 4765 of its 5376 profiled pairs; slot 0 verified
strata generate: layer split: CUDA0 runs layers 0-26
strata generate: R4 hit path ON - resident experts are computed on the GPU
strata generate: session is up (engine 0.1.40)
strata generate: token graph hit path: 9438 resident experts, decided on the device
strata serve: layer split: 77% of the experts resident, the prompt path's streamed ring 96 slots
strata serve: layer split: layers 0-26 (CUDA0), 27-47 (CUDA1), one hand-off per window
strata mtp: draft head over 40525 tokens (81.2 MiB)
strata serve: --pipeline-windows 2: two verifiers per stage, the stages overlap across windows (decode too; the GDN snapshots beside the window)
strata serve: prompt 2334 tokens = 0 reused + 2334 read in 2773 ms (841.5 tok/s), 500 generated in 6891 ms (72.6 tok/s), drafts accepted 308 of 436, 1 checkpoints
strata serve: decode expert cache hit rate: 96.0% (332496 hits / 346178 lookups); 5782 more read by the GPU over PCIe or from another GPU (1.6% of all 351960 routed)
strata serve: KV streaming: 99.85% of 2754402 block reads hit VRAM, 17.2 MiB read from RAM
[strata] 2026-10-06 21:48:37 engine started: <strata checkout>/engine/strata --serve --pack <data root>/packs/coder-iq1_m --native <data root>/models/coder-IQ1_M/Qwen3.8-Flash-Next-GSQ-RCO-IQ1_M-00001-of-00002.gguf --ple-gguf <data root>/models/coder-IQ1_M/Qwen3.8-Flash-Next-GSQ-RCO-IQ1_M-00002-of-00002.gguf --expert-profile expert-profile-learned-coder.bin --expert-cache auto --prefill auto --spec 5 --spec-min-p 0.5 --mtp <data root>/mtp/rt --max-context 262144 --kv int8 --kv-resident 32768 --vram-reserve-mib 3072 --vram-reserve-later-mib 800 --pipeline-windows 2 --vision --pipeline-windows 1 --layer-split 27 --expert-profile-save expert-profile-learned-coder.bin
strata generate: layer split: every stage keeps its own prompt buffers (~1904 MiB each, 2048-token chunks) (STRATA_SPLIT_OWN=1)
strata generate: layer split across 2 GPUs: CUDA0, then CUDA1 (split 27)
strata generate: PCIe probe: 28.2 GB/s host->device (best of 28.2 28.2 28.2 28.2) -> pcie_frac 0.55 (default 0.55)
strata generate: layer split: CUDA0 loads the dense weights of layers 0-26 only
strata generate: layer split: CUDA1 loads the dense weights of layers 27-47 only
strata generate: layer split: CUDA1 PCIe probe 3.1 GB/s (best of 3.1 3.1 3.1 3.1) -> pcie_frac 0.08
strata generate: layer split: CUDA1 holds its weights; 14.19 GiB free (its session follows the split search)
strata generate: KV streaming: 32768 of 262144 cells per QSA layer in VRAM, the K/V in 1.55 GiB of pinned RAM
strata generate: layer split: CUDA1 holds its weights, session [27, 48) and the head; 13.20 GiB free
strata mtp: draft layer loaded, 836 MiB of VRAM (experts 675, dense 111), files read in 0.79 s (989 MiB/s)
strata generate: GPU 0: AMD Radeon RX 7900 GRE (gfx1100)
strata generate: --pipeline-windows 1: 160 MiB of CUDA0 kept out of the expert cache (the second verifier)
strata generate: expert cache auto: 13.21 GiB free, 3072 MiB reserved (+0 MiB for the draft head) -> 3457 slots
strata generate: expert cache 4731 slots, 8.57 GiB of VRAM; policy is
strata generate: layer split, CUDA1: 12.38 GiB free of 15.98, room for experts 9.62 GiB
strata generate: layer split: CUDA1 runs layers 27-47, expert cache 4765 slots (9.62 GiB), 4765 of its 5376 profiled pairs; slot 0 verified
strata generate: layer split: CUDA0 runs layers 0-26
strata generate: R4 hit path ON - resident experts are computed on the GPU
strata generate: session is up (engine 0.1.40)
strata generate: token graph hit path: 9496 resident experts, decided on the device
strata serve: layer split: 77% of the experts resident, the prompt path's streamed ring 96 slots
strata serve: layer split: layers 0-26 (CUDA0), 27-47 (CUDA1), one hand-off per window
strata mtp: draft head over 40525 tokens (81.2 MiB)
strata serve: --pipeline-windows 1: two verifiers per stage, the stages overlap across windows
strata serve: prompt 2334 tokens = 0 reused + 2334 read in 2734 ms (853.8 tok/s), 500 generated in 8371 ms (59.7 tok/s), drafts accepted 290 of 465, 1 checkpoints
strata serve: decode expert cache hit rate: 97.0% (310524 hits / 320199 lookups); 3801 more read by the GPU over PCIe or from another GPU (1.2% of all 324000 routed)
strata serve: KV streaming: 99.80% of 2098176 block reads hit VRAM, 17.1 MiB read from RAM
[strata] 2026-10-06 21:49:18 engine started: <strata checkout>/engine/strata --serve --pack <data root>/packs/coder-iq1_m --native <data root>/models/coder-IQ1_M/Qwen3.8-Flash-Next-GSQ-RCO-IQ1_M-00001-of-00002.gguf --ple-gguf <data root>/models/coder-IQ1_M/Qwen3.8-Flash-Next-GSQ-RCO-IQ1_M-00002-of-00002.gguf --expert-profile expert-profile-learned-coder.bin --expert-cache auto --prefill auto --spec 5 --spec-min-p 0.5 --mtp <data root>/mtp/rt --max-context 262144 --kv int8 --kv-resident 32768 --vram-reserve-mib 3072 --vram-reserve-later-mib 800 --pipeline-windows 2 --vision --layer-split 27 --expert-profile-save expert-profile-learned-coder.bin
strata generate: layer split: every stage keeps its own prompt buffers (~1904 MiB each, 2048-token chunks) (STRATA_SPLIT_OWN=1)
strata generate: layer split across 2 GPUs: CUDA0, then CUDA1 (split 27)
strata generate: PCIe probe: 28.2 GB/s host->device (best of 28.2 28.2 28.2 28.2) -> pcie_frac 0.55 (default 0.55)
strata generate: layer split: CUDA0 loads the dense weights of layers 0-26 only
strata generate: layer split: CUDA1 loads the dense weights of layers 27-47 only
strata generate: layer split: CUDA1 PCIe probe 3.1 GB/s (best of 3.1 3.1 3.1 3.1) -> pcie_frac 0.08
strata generate: layer split: CUDA1 holds its weights; 14.19 GiB free (its session follows the split search)
strata generate: KV streaming: 32768 of 262144 cells per QSA layer in VRAM, the K/V in 1.55 GiB of pinned RAM
strata generate: layer split: CUDA1 holds its weights, session [27, 48) and the head; 13.20 GiB free
strata mtp: draft layer loaded, 837 MiB of VRAM (experts 675, dense 111), files read in 0.73 s (1082 MiB/s)
strata generate: GPU 0: AMD Radeon RX 7900 GRE (gfx1100)
strata generate: --pipeline-windows 2: 290 MiB of CUDA0 kept out of the expert cache (the second verifier, the GDN snapshots)
strata generate: expert cache auto: 13.23 GiB free, 3072 MiB reserved (+0 MiB for the draft head) -> 3414 slots
strata generate: expert cache 4673 slots, 8.46 GiB of VRAM; policy is
strata generate: layer split, CUDA1: 12.38 GiB free of 15.98, room for experts 9.62 GiB
strata generate: layer split: CUDA1 runs layers 27-47, expert cache 4765 slots (9.62 GiB), 4765 of its 5376 profiled pairs; slot 0 verified
strata generate: layer split: CUDA0 runs layers 0-26
strata generate: R4 hit path ON - resident experts are computed on the GPU
strata generate: session is up (engine 0.1.40)
strata generate: token graph hit path: 9438 resident experts, decided on the device
strata serve: layer split: 77% of the experts resident, the prompt path's streamed ring 96 slots
strata serve: layer split: layers 0-26 (CUDA0), 27-47 (CUDA1), one hand-off per window
strata mtp: draft head over 40525 tokens (81.2 MiB)
strata serve: --pipeline-windows 2: two verifiers per stage, the stages overlap across windows (decode too; the GDN snapshots beside the window)
strata serve: prompt 2913 tokens = 0 reused + 2913 read in 2998 ms (971.8 tok/s), 500 generated in 7370 ms (67.8 tok/s), drafts accepted 298 of 480, 1 checkpoints
strata serve: decode expert cache hit rate: 97.1% (373391 hits / 384467 lookups); 4723 more read by the GPU over PCIe or from another GPU (1.2% of all 389190 routed)
strata serve: KV streaming: 99.83% of 3037806 block reads hit VRAM, 20.6 MiB read from RAM
[strata] 2026-10-06 21:49:59 engine started: <strata checkout>/engine/strata --serve --pack <data root>/packs/coder-iq1_m --native <data root>/models/coder-IQ1_M/Qwen3.8-Flash-Next-GSQ-RCO-IQ1_M-00001-of-00002.gguf --ple-gguf <data root>/models/coder-IQ1_M/Qwen3.8-Flash-Next-GSQ-RCO-IQ1_M-00002-of-00002.gguf --expert-profile expert-profile-learned-coder.bin --expert-cache auto --prefill auto --spec 5 --spec-min-p 0.5 --mtp <data root>/mtp/rt --max-context 262144 --kv int8 --kv-resident 32768 --vram-reserve-mib 3072 --vram-reserve-later-mib 800 --pipeline-windows 2 --vision --pipeline-windows 1 --layer-split 27 --expert-profile-save expert-profile-learned-coder.bin
strata generate: layer split: every stage keeps its own prompt buffers (~1904 MiB each, 2048-token chunks) (STRATA_SPLIT_OWN=1)
strata generate: layer split across 2 GPUs: CUDA0, then CUDA1 (split 27)
strata generate: PCIe probe: 28.2 GB/s host->device (best of 28.2 28.2 28.2 28.2) -> pcie_frac 0.55 (default 0.55)
strata generate: layer split: CUDA0 loads the dense weights of layers 0-26 only
strata generate: layer split: CUDA1 loads the dense weights of layers 27-47 only
strata generate: layer split: CUDA1 PCIe probe 3.1 GB/s (best of 3.1 3.1 3.1 3.1) -> pcie_frac 0.08
strata generate: layer split: CUDA1 holds its weights; 14.19 GiB free (its session follows the split search)
strata generate: KV streaming: 32768 of 262144 cells per QSA layer in VRAM, the K/V in 1.55 GiB of pinned RAM
strata generate: layer split: CUDA1 holds its weights, session [27, 48) and the head; 13.20 GiB free
strata mtp: draft layer loaded, 836 MiB of VRAM (experts 675, dense 111), files read in 0.73 s (1075 MiB/s)
strata generate: GPU 0: AMD Radeon RX 7900 GRE (gfx1100)
strata generate: --pipeline-windows 1: 160 MiB of CUDA0 kept out of the expert cache (the second verifier)
strata generate: expert cache auto: 13.21 GiB free, 3072 MiB reserved (+0 MiB for the draft head) -> 3457 slots
strata generate: expert cache 4731 slots, 8.57 GiB of VRAM; policy is
strata generate: layer split, CUDA1: 12.38 GiB free of 15.98, room for experts 9.62 GiB
strata generate: layer split: CUDA1 runs layers 27-47, expert cache 4765 slots (9.62 GiB), 4765 of its 5376 profiled pairs; slot 0 verified
strata generate: layer split: CUDA0 runs layers 0-26
strata generate: R4 hit path ON - resident experts are computed on the GPU
strata generate: session is up (engine 0.1.40)
strata generate: token graph hit path: 9496 resident experts, decided on the device
strata serve: layer split: 77% of the experts resident, the prompt path's streamed ring 96 slots
strata serve: layer split: layers 0-26 (CUDA0), 27-47 (CUDA1), one hand-off per window
strata mtp: draft head over 40525 tokens (81.2 MiB)
strata serve: --pipeline-windows 1: two verifiers per stage, the stages overlap across windows
strata serve: prompt 2913 tokens = 0 reused + 2913 read in 2997 ms (972.1 tok/s), 500 generated in 7316 ms (68.3 tok/s), drafts accepted 326 of 453, 1 checkpoints
strata serve: decode expert cache hit rate: 97.0% (288539 hits / 297508 lookups); 3932 more read by the GPU over PCIe or from another GPU (1.3% of all 301440 routed)
strata serve: KV streaming: 99.74% of 1953300 block reads hit VRAM, 20.6 MiB read from RAM
[strata] 2026-10-06 21:50:39 engine started: <strata checkout>/engine/strata --serve --pack <data root>/packs/coder-iq1_m --native <data root>/models/coder-IQ1_M/Qwen3.8-Flash-Next-GSQ-RCO-IQ1_M-00001-of-00002.gguf --ple-gguf <data root>/models/coder-IQ1_M/Qwen3.8-Flash-Next-GSQ-RCO-IQ1_M-00002-of-00002.gguf --expert-profile expert-profile-learned-coder.bin --expert-cache auto --prefill auto --spec 5 --spec-min-p 0.5 --mtp <data root>/mtp/rt --max-context 262144 --kv int8 --kv-resident 32768 --vram-reserve-mib 3072 --vram-reserve-later-mib 800 --pipeline-windows 2 --vision --layer-split 27 --expert-profile-save expert-profile-learned-coder.bin
strata generate: layer split: every stage keeps its own prompt buffers (~1904 MiB each, 2048-token chunks) (STRATA_SPLIT_OWN=1)
strata generate: layer split across 2 GPUs: CUDA0, then CUDA1 (split 27)
strata generate: PCIe probe: 28.2 GB/s host->device (best of 28.2 28.2 28.2 28.2) -> pcie_frac 0.55 (default 0.55)
strata generate: layer split: CUDA0 loads the dense weights of layers 0-26 only
strata generate: layer split: CUDA1 loads the dense weights of layers 27-47 only
strata generate: layer split: CUDA1 PCIe probe 3.1 GB/s (best of 3.1 3.1 3.1 3.1) -> pcie_frac 0.08
strata generate: layer split: CUDA1 holds its weights; 14.19 GiB free (its session follows the split search)
strata generate: KV streaming: 32768 of 262144 cells per QSA layer in VRAM, the K/V in 1.55 GiB of pinned RAM
strata generate: layer split: CUDA1 holds its weights, session [27, 48) and the head; 13.20 GiB free
strata mtp: draft layer loaded, 837 MiB of VRAM (experts 675, dense 111), files read in 0.71 s (1103 MiB/s)
strata generate: GPU 0: AMD Radeon RX 7900 GRE (gfx1100)
strata generate: --pipeline-windows 2: 290 MiB of CUDA0 kept out of the expert cache (the second verifier, the GDN snapshots)
strata generate: expert cache auto: 13.23 GiB free, 3072 MiB reserved (+0 MiB for the draft head) -> 3414 slots
strata generate: expert cache 4673 slots, 8.46 GiB of VRAM; policy is
strata generate: layer split, CUDA1: 12.38 GiB free of 15.98, room for experts 9.62 GiB
strata generate: layer split: CUDA1 runs layers 27-47, expert cache 4765 slots (9.62 GiB), 4765 of its 5376 profiled pairs; slot 0 verified
strata generate: layer split: CUDA0 runs layers 0-26
strata generate: R4 hit path ON - resident experts are computed on the GPU
strata generate: session is up (engine 0.1.40)
strata generate: token graph hit path: 9438 resident experts, decided on the device
strata serve: layer split: 77% of the experts resident, the prompt path's streamed ring 96 slots
strata serve: layer split: layers 0-26 (CUDA0), 27-47 (CUDA1), one hand-off per window
strata mtp: draft head over 40525 tokens (81.2 MiB)
strata serve: --pipeline-windows 2: two verifiers per stage, the stages overlap across windows (decode too; the GDN snapshots beside the window)
strata serve: prompt 3584 tokens = 0 reused + 3584 read in 2822 ms (1270.1 tok/s), 500 generated in 7269 ms (68.8 tok/s), drafts accepted 288 of 411, 1 checkpoints
strata serve: decode expert cache hit rate: 96.5% (336947 hits / 349065 lookups); 5175 more read by the GPU over PCIe or from another GPU (1.5% of all 354240 routed)
strata serve: KV streaming: 99.78% of 2803704 block reads hit VRAM, 24.7 MiB read from RAM
[strata] 2026-10-06 21:51:19 engine started: <strata checkout>/engine/strata --serve --pack <data root>/packs/coder-iq1_m --native <data root>/models/coder-IQ1_M/Qwen3.8-Flash-Next-GSQ-RCO-IQ1_M-00001-of-00002.gguf --ple-gguf <data root>/models/coder-IQ1_M/Qwen3.8-Flash-Next-GSQ-RCO-IQ1_M-00002-of-00002.gguf --expert-profile expert-profile-learned-coder.bin --expert-cache auto --prefill auto --spec 5 --spec-min-p 0.5 --mtp <data root>/mtp/rt --max-context 262144 --kv int8 --kv-resident 32768 --vram-reserve-mib 3072 --vram-reserve-later-mib 800 --pipeline-windows 2 --vision --pipeline-windows 1 --layer-split 27 --expert-profile-save expert-profile-learned-coder.bin
strata generate: layer split: every stage keeps its own prompt buffers (~1904 MiB each, 2048-token chunks) (STRATA_SPLIT_OWN=1)
strata generate: layer split across 2 GPUs: CUDA0, then CUDA1 (split 27)
strata generate: PCIe probe: 28.2 GB/s host->device (best of 28.2 28.2 28.2 28.2) -> pcie_frac 0.55 (default 0.55)
strata generate: layer split: CUDA0 loads the dense weights of layers 0-26 only
strata generate: layer split: CUDA1 loads the dense weights of layers 27-47 only
strata generate: layer split: CUDA1 PCIe probe 3.1 GB/s (best of 3.1 3.1 3.1 3.1) -> pcie_frac 0.08
strata generate: layer split: CUDA1 holds its weights; 14.19 GiB free (its session follows the split search)
strata generate: KV streaming: 32768 of 262144 cells per QSA layer in VRAM, the K/V in 1.55 GiB of pinned RAM
strata generate: layer split: CUDA1 holds its weights, session [27, 48) and the head; 13.20 GiB free
strata mtp: draft layer loaded, 836 MiB of VRAM (experts 675, dense 111), files read in 0.72 s (1091 MiB/s)
strata generate: GPU 0: AMD Radeon RX 7900 GRE (gfx1100)
strata generate: --pipeline-windows 1: 160 MiB of CUDA0 kept out of the expert cache (the second verifier)
strata generate: expert cache auto: 13.23 GiB free, 3072 MiB reserved (+0 MiB for the draft head) -> 3465 slots
strata generate: expert cache 4742 slots, 8.59 GiB of VRAM; policy is
strata generate: layer split, CUDA1: 12.38 GiB free of 15.98, room for experts 9.62 GiB
strata generate: layer split: CUDA1 runs layers 27-47, expert cache 4765 slots (9.62 GiB), 4765 of its 5376 profiled pairs; slot 0 verified
strata generate: layer split: CUDA0 runs layers 0-26
strata generate: R4 hit path ON - resident experts are computed on the GPU
strata generate: session is up (engine 0.1.40)
strata generate: token graph hit path: 9507 resident experts, decided on the device
strata serve: layer split: 77% of the experts resident, the prompt path's streamed ring 96 slots
strata serve: layer split: layers 0-26 (CUDA0), 27-47 (CUDA1), one hand-off per window
strata mtp: draft head over 40525 tokens (81.2 MiB)
strata serve: --pipeline-windows 1: two verifiers per stage, the stages overlap across windows
strata serve: prompt 3584 tokens = 0 reused + 3584 read in 2829 ms (1266.8 tok/s), 500 generated in 7344 ms (68.1 tok/s), drafts accepted 335 of 493, 1 checkpoints
strata serve: decode expert cache hit rate: 97.1% (305046 hits / 314084 lookups); 3676 more read by the GPU over PCIe or from another GPU (1.2% of all 317760 routed)
strata serve: KV streaming: 99.70% of 2058114 block reads hit VRAM, 24.7 MiB read from RAM
[strata] 2026-10-06 21:51:59 engine started: <strata checkout>/engine/strata --serve --pack <data root>/packs/coder-iq1_m --native <data root>/models/coder-IQ1_M/Qwen3.8-Flash-Next-GSQ-RCO-IQ1_M-00001-of-00002.gguf --ple-gguf <data root>/models/coder-IQ1_M/Qwen3.8-Flash-Next-GSQ-RCO-IQ1_M-00002-of-00002.gguf --expert-profile expert-profile-learned-coder.bin --expert-cache auto --prefill auto --spec 5 --spec-min-p 0.5 --mtp <data root>/mtp/rt --max-context 262144 --kv int8 --kv-resident 32768 --vram-reserve-mib 3072 --vram-reserve-later-mib 800 --pipeline-windows 2 --vision --layer-split 27 --expert-profile-save expert-profile-learned-coder.bin
strata generate: layer split: every stage keeps its own prompt buffers (~1904 MiB each, 2048-token chunks) (STRATA_SPLIT_OWN=1)
strata generate: layer split across 2 GPUs: CUDA0, then CUDA1 (split 27)
strata generate: PCIe probe: 28.2 GB/s host->device (best of 28.2 28.2 28.2 28.2) -> pcie_frac 0.55 (default 0.55)
strata generate: layer split: CUDA0 loads the dense weights of layers 0-26 only
strata generate: layer split: CUDA1 loads the dense weights of layers 27-47 only
strata generate: layer split: CUDA1 PCIe probe 3.1 GB/s (best of 3.1 3.1 3.1 3.1) -> pcie_frac 0.08
strata generate: layer split: CUDA1 holds its weights; 14.19 GiB free (its session follows the split search)
strata generate: KV streaming: 32768 of 262144 cells per QSA layer in VRAM, the K/V in 1.55 GiB of pinned RAM
strata generate: layer split: CUDA1 holds its weights, session [27, 48) and the head; 13.20 GiB free
strata mtp: draft layer loaded, 837 MiB of VRAM (experts 675, dense 111), files read in 0.77 s (1015 MiB/s)
strata generate: GPU 0: AMD Radeon RX 7900 GRE (gfx1100)
strata generate: --pipeline-windows 2: 290 MiB of CUDA0 kept out of the expert cache (the second verifier, the GDN snapshots)
strata generate: expert cache auto: 13.21 GiB free, 3072 MiB reserved (+0 MiB for the draft head) -> 3405 slots
strata generate: expert cache 4661 slots, 8.44 GiB of VRAM; policy is
strata generate: layer split, CUDA1: 12.38 GiB free of 15.98, room for experts 9.62 GiB
strata generate: layer split: CUDA1 runs layers 27-47, expert cache 4765 slots (9.62 GiB), 4765 of its 5376 profiled pairs; slot 0 verified
strata generate: layer split: CUDA0 runs layers 0-26
strata generate: R4 hit path ON - resident experts are computed on the GPU
strata generate: session is up (engine 0.1.40)
strata generate: token graph hit path: 9426 resident experts, decided on the device
strata serve: layer split: 77% of the experts resident, the prompt path's streamed ring 96 slots
strata serve: layer split: layers 0-26 (CUDA0), 27-47 (CUDA1), one hand-off per window
strata mtp: draft head over 40525 tokens (81.2 MiB)
strata serve: --pipeline-windows 2: two verifiers per stage, the stages overlap across windows (decode too; the GDN snapshots beside the window)
strata serve: prompt 4238 tokens = 0 reused + 4238 read in 3442 ms (1231.3 tok/s), 500 generated in 6827 ms (73.2 tok/s), drafts accepted 307 of 454, 1 checkpoints
strata serve: decode expert cache hit rate: 97.0% (335489 hits / 345865 lookups); 4255 more read by the GPU over PCIe or from another GPU (1.2% of all 350120 routed)
strata serve: KV streaming: 99.73% of 2643504 block reads hit VRAM, 28.6 MiB read from RAM
[strata] 2026-10-06 21:52:40 engine started: <strata checkout>/engine/strata --serve --pack <data root>/packs/coder-iq1_m --native <data root>/models/coder-IQ1_M/Qwen3.8-Flash-Next-GSQ-RCO-IQ1_M-00001-of-00002.gguf --ple-gguf <data root>/models/coder-IQ1_M/Qwen3.8-Flash-Next-GSQ-RCO-IQ1_M-00002-of-00002.gguf --expert-profile expert-profile-learned-coder.bin --expert-cache auto --prefill auto --spec 5 --spec-min-p 0.5 --mtp <data root>/mtp/rt --max-context 262144 --kv int8 --kv-resident 32768 --vram-reserve-mib 3072 --vram-reserve-later-mib 800 --pipeline-windows 2 --vision --pipeline-windows 1 --layer-split 27 --expert-profile-save expert-profile-learned-coder.bin
strata generate: layer split: every stage keeps its own prompt buffers (~1904 MiB each, 2048-token chunks) (STRATA_SPLIT_OWN=1)
strata generate: layer split across 2 GPUs: CUDA0, then CUDA1 (split 27)
strata generate: PCIe probe: 28.2 GB/s host->device (best of 28.2 28.2 28.2 28.2) -> pcie_frac 0.55 (default 0.55)
strata generate: layer split: CUDA0 loads the dense weights of layers 0-26 only
strata generate: layer split: CUDA1 loads the dense weights of layers 27-47 only
strata generate: layer split: CUDA1 PCIe probe 3.1 GB/s (best of 3.1 3.1 3.1 3.1) -> pcie_frac 0.08
strata generate: layer split: CUDA1 holds its weights; 14.19 GiB free (its session follows the split search)
strata generate: KV streaming: 32768 of 262144 cells per QSA layer in VRAM, the K/V in 1.55 GiB of pinned RAM
strata generate: layer split: CUDA1 holds its weights, session [27, 48) and the head; 13.20 GiB free
strata mtp: draft layer loaded, 836 MiB of VRAM (experts 675, dense 111), files read in 0.72 s (1091 MiB/s)
strata generate: GPU 0: AMD Radeon RX 7900 GRE (gfx1100)
strata generate: --pipeline-windows 1: 160 MiB of CUDA0 kept out of the expert cache (the second verifier)
strata generate: expert cache auto: 13.21 GiB free, 3072 MiB reserved (+0 MiB for the draft head) -> 3457 slots
strata generate: expert cache 4731 slots, 8.57 GiB of VRAM; policy is
strata generate: layer split, CUDA1: 12.38 GiB free of 15.98, room for experts 9.62 GiB
strata generate: layer split: CUDA1 runs layers 27-47, expert cache 4765 slots (9.62 GiB), 4765 of its 5376 profiled pairs; slot 0 verified
strata generate: layer split: CUDA0 runs layers 0-26
strata generate: R4 hit path ON - resident experts are computed on the GPU
strata generate: session is up (engine 0.1.40)
strata generate: token graph hit path: 9496 resident experts, decided on the device
strata serve: layer split: 77% of the experts resident, the prompt path's streamed ring 96 slots
strata serve: layer split: layers 0-26 (CUDA0), 27-47 (CUDA1), one hand-off per window
strata mtp: draft head over 40525 tokens (81.2 MiB)
strata serve: --pipeline-windows 1: two verifiers per stage, the stages overlap across windows
strata serve: prompt 4238 tokens = 0 reused + 4238 read in 3388 ms (1250.8 tok/s), 256 generated in 4046 ms (63.3 tok/s), drafts accepted 126 of 126, 1 checkpoints
strata serve: decode expert cache hit rate: 98.1% (119811 hits / 122193 lookups); 687 more read by the GPU over PCIe or from another GPU (0.6% of all 122880 routed)
strata serve: KV streaming: 99.21% of 807222 block reads hit VRAM, 25.6 MiB read from RAM
[strata] 2026-10-06 21:53:17 engine started: <strata checkout>/engine/strata --serve --pack <data root>/packs/coder-iq1_m --native <data root>/models/coder-IQ1_M/Qwen3.8-Flash-Next-GSQ-RCO-IQ1_M-00001-of-00002.gguf --ple-gguf <data root>/models/coder-IQ1_M/Qwen3.8-Flash-Next-GSQ-RCO-IQ1_M-00002-of-00002.gguf --expert-profile expert-profile-learned-coder.bin --expert-cache auto --prefill auto --spec 5 --spec-min-p 0.5 --mtp <data root>/mtp/rt --max-context 262144 --kv int8 --kv-resident 32768 --vram-reserve-mib 3072 --vram-reserve-later-mib 800 --pipeline-windows 2 --vision --layer-split 27 --expert-profile-save expert-profile-learned-coder.bin
strata generate: layer split: every stage keeps its own prompt buffers (~1904 MiB each, 2048-token chunks) (STRATA_SPLIT_OWN=1)
strata generate: layer split across 2 GPUs: CUDA0, then CUDA1 (split 27)
strata generate: PCIe probe: 28.2 GB/s host->device (best of 28.2 28.2 28.2 28.2) -> pcie_frac 0.55 (default 0.55)
strata generate: layer split: CUDA0 loads the dense weights of layers 0-26 only
strata generate: layer split: CUDA1 loads the dense weights of layers 27-47 only
strata generate: layer split: CUDA1 PCIe probe 3.1 GB/s (best of 3.1 3.1 3.1 3.1) -> pcie_frac 0.08
strata generate: layer split: CUDA1 holds its weights; 14.19 GiB free (its session follows the split search)
strata generate: KV streaming: 32768 of 262144 cells per QSA layer in VRAM, the K/V in 1.55 GiB of pinned RAM
strata generate: layer split: CUDA1 holds its weights, session [27, 48) and the head; 13.20 GiB free
strata mtp: draft layer loaded, 837 MiB of VRAM (experts 675, dense 111), files read in 0.79 s (994 MiB/s)
strata generate: GPU 0: AMD Radeon RX 7900 GRE (gfx1100)
strata generate: --pipeline-windows 2: 290 MiB of CUDA0 kept out of the expert cache (the second verifier, the GDN snapshots)
strata generate: expert cache auto: 13.23 GiB free, 3072 MiB reserved (+0 MiB for the draft head) -> 3414 slots
strata generate: expert cache 4673 slots, 8.46 GiB of VRAM; policy is
strata generate: layer split, CUDA1: 12.38 GiB free of 15.98, room for experts 9.62 GiB
strata generate: layer split: CUDA1 runs layers 27-47, expert cache 4765 slots (9.62 GiB), 4765 of its 5376 profiled pairs; slot 0 verified
strata generate: layer split: CUDA0 runs layers 0-26
strata generate: R4 hit path ON - resident experts are computed on the GPU
strata generate: session is up (engine 0.1.40)
strata generate: token graph hit path: 9438 resident experts, decided on the device
strata serve: layer split: 77% of the experts resident, the prompt path's streamed ring 96 slots
strata serve: layer split: layers 0-26 (CUDA0), 27-47 (CUDA1), one hand-off per window
strata mtp: draft head over 40525 tokens (81.2 MiB)
strata serve: --pipeline-windows 2: two verifiers per stage, the stages overlap across windows (decode too; the GDN snapshots beside the window)
strata serve: prompt 1757 tokens = 0 reused + 1757 read in 1912 ms (918.9 tok/s), 336 generated in 4985 ms (67.4 tok/s), drafts accepted 195 of 308, 1 checkpoints
strata serve: decode expert cache hit rate: 96.9% (242415 hits / 250139 lookups); 3001 more read by the GPU over PCIe or from another GPU (1.2% of all 253140 routed)
strata serve: KV streaming: 99.83% of 1811094 block reads hit VRAM, 12.7 MiB read from RAM
[strata] 2026-10-06 21:53:54 engine started: <strata checkout>/engine/strata --serve --pack <data root>/packs/coder-iq1_m --native <data root>/models/coder-IQ1_M/Qwen3.8-Flash-Next-GSQ-RCO-IQ1_M-00001-of-00002.gguf --ple-gguf <data root>/models/coder-IQ1_M/Qwen3.8-Flash-Next-GSQ-RCO-IQ1_M-00002-of-00002.gguf --expert-profile expert-profile-learned-coder.bin --expert-cache auto --prefill auto --spec 5 --spec-min-p 0.5 --mtp <data root>/mtp/rt --max-context 262144 --kv int8 --kv-resident 32768 --vram-reserve-mib 3072 --vram-reserve-later-mib 800 --pipeline-windows 2 --vision --pipeline-windows 1 --layer-split 27 --expert-profile-save expert-profile-learned-coder.bin
strata generate: layer split: every stage keeps its own prompt buffers (~1904 MiB each, 2048-token chunks) (STRATA_SPLIT_OWN=1)
strata generate: layer split across 2 GPUs: CUDA0, then CUDA1 (split 27)
strata generate: PCIe probe: 28.2 GB/s host->device (best of 28.2 28.2 28.2 28.2) -> pcie_frac 0.55 (default 0.55)
strata generate: layer split: CUDA0 loads the dense weights of layers 0-26 only
strata generate: layer split: CUDA1 loads the dense weights of layers 27-47 only
strata generate: layer split: CUDA1 PCIe probe 3.1 GB/s (best of 3.1 3.1 3.1 3.1) -> pcie_frac 0.08
strata generate: layer split: CUDA1 holds its weights; 14.19 GiB free (its session follows the split search)
strata generate: KV streaming: 32768 of 262144 cells per QSA layer in VRAM, the K/V in 1.55 GiB of pinned RAM
strata generate: layer split: CUDA1 holds its weights, session [27, 48) and the head; 13.20 GiB free
strata mtp: draft layer loaded, 836 MiB of VRAM (experts 675, dense 111), files read in 0.75 s (1045 MiB/s)
strata generate: GPU 0: AMD Radeon RX 7900 GRE (gfx1100)
strata generate: --pipeline-windows 1: 160 MiB of CUDA0 kept out of the expert cache (the second verifier)
strata generate: expert cache auto: 13.23 GiB free, 3072 MiB reserved (+0 MiB for the draft head) -> 3465 slots
strata generate: expert cache 4742 slots, 8.59 GiB of VRAM; policy is
strata generate: layer split, CUDA1: 12.38 GiB free of 15.98, room for experts 9.62 GiB
strata generate: layer split: CUDA1 runs layers 27-47, expert cache 4765 slots (9.62 GiB), 4765 of its 5376 profiled pairs; slot 0 verified
strata generate: layer split: CUDA0 runs layers 0-26
strata generate: R4 hit path ON - resident experts are computed on the GPU
strata generate: session is up (engine 0.1.40)
strata generate: token graph hit path: 9507 resident experts, decided on the device
strata serve: layer split: 77% of the experts resident, the prompt path's streamed ring 96 slots
strata serve: layer split: layers 0-26 (CUDA0), 27-47 (CUDA1), one hand-off per window
strata mtp: draft head over 40525 tokens (81.2 MiB)
strata serve: --pipeline-windows 1: two verifiers per stage, the stages overlap across windows
strata serve: prompt 1757 tokens = 0 reused + 1757 read in 1925 ms (912.8 tok/s), 258 generated in 4064 ms (63.5 tok/s), drafts accepted 159 of 232, 1 checkpoints
strata serve: decode expert cache hit rate: 96.4% (151464 hits / 157090 lookups); 2270 more read by the GPU over PCIe or from another GPU (1.4% of all 159360 routed)
strata serve: KV streaming: 99.68% of 954138 block reads hit VRAM, 12.2 MiB read from RAM
[strata] 2026-10-06 21:54:30 engine started: <strata checkout>/engine/strata --serve --pack <data root>/packs/coder-iq1_m --native <data root>/models/coder-IQ1_M/Qwen3.8-Flash-Next-GSQ-RCO-IQ1_M-00001-of-00002.gguf --ple-gguf <data root>/models/coder-IQ1_M/Qwen3.8-Flash-Next-GSQ-RCO-IQ1_M-00002-of-00002.gguf --expert-profile expert-profile-learned-coder.bin --expert-cache auto --prefill auto --spec 5 --spec-min-p 0.5 --mtp <data root>/mtp/rt --max-context 262144 --kv int8 --kv-resident 32768 --vram-reserve-mib 3072 --vram-reserve-later-mib 800 --pipeline-windows 2 --vision --layer-split 27 --expert-profile-save expert-profile-learned-coder.bin
strata generate: layer split: every stage keeps its own prompt buffers (~1904 MiB each, 2048-token chunks) (STRATA_SPLIT_OWN=1)
strata generate: layer split across 2 GPUs: CUDA0, then CUDA1 (split 27)
strata generate: PCIe probe: 28.2 GB/s host->device (best of 28.2 28.2 28.2 28.2) -> pcie_frac 0.55 (default 0.55)
strata generate: layer split: CUDA0 loads the dense weights of layers 0-26 only
strata generate: layer split: CUDA1 loads the dense weights of layers 27-47 only
strata generate: layer split: CUDA1 PCIe probe 3.1 GB/s (best of 3.1 3.1 3.1 3.1) -> pcie_frac 0.08
strata generate: layer split: CUDA1 holds its weights; 14.19 GiB free (its session follows the split search)
strata generate: KV streaming: 32768 of 262144 cells per QSA layer in VRAM, the K/V in 1.55 GiB of pinned RAM
strata generate: layer split: CUDA1 holds its weights, session [27, 48) and the head; 13.20 GiB free
strata mtp: draft layer loaded, 837 MiB of VRAM (experts 675, dense 111), files read in 0.79 s (989 MiB/s)
strata generate: GPU 0: AMD Radeon RX 7900 GRE (gfx1100)
strata generate: --pipeline-windows 2: 290 MiB of CUDA0 kept out of the expert cache (the second verifier, the GDN snapshots)
strata generate: expert cache auto: 13.21 GiB free, 3072 MiB reserved (+0 MiB for the draft head) -> 3405 slots
strata generate: expert cache 4661 slots, 8.44 GiB of VRAM; policy is
strata generate: layer split, CUDA1: 12.38 GiB free of 15.98, room for experts 9.62 GiB
strata generate: layer split: CUDA1 runs layers 27-47, expert cache 4765 slots (9.62 GiB), 4765 of its 5376 profiled pairs; slot 0 verified
strata generate: layer split: CUDA0 runs layers 0-26
strata generate: R4 hit path ON - resident experts are computed on the GPU
strata generate: session is up (engine 0.1.40)
strata generate: token graph hit path: 9426 resident experts, decided on the device
strata serve: layer split: 77% of the experts resident, the prompt path's streamed ring 96 slots
strata serve: layer split: layers 0-26 (CUDA0), 27-47 (CUDA1), one hand-off per window
strata mtp: draft head over 40525 tokens (81.2 MiB)
strata serve: --pipeline-windows 2: two verifiers per stage, the stages overlap across windows (decode too; the GDN snapshots beside the window)
strata serve: prompt 2334 tokens = 0 reused + 2334 read in 2739 ms (852.2 tok/s), 500 generated in 7471 ms (66.9 tok/s), drafts accepted 289 of 479, 1 checkpoints
strata serve: decode expert cache hit rate: 96.4% (369378 hits / 383194 lookups); 5886 more read by the GPU over PCIe or from another GPU (1.5% of all 389080 routed)
strata serve: KV streaming: 99.86% of 3010146 block reads hit VRAM, 17.2 MiB read from RAM
[strata] 2026-10-06 21:55:10 engine started: <strata checkout>/engine/strata --serve --pack <data root>/packs/coder-iq1_m --native <data root>/models/coder-IQ1_M/Qwen3.8-Flash-Next-GSQ-RCO-IQ1_M-00001-of-00002.gguf --ple-gguf <data root>/models/coder-IQ1_M/Qwen3.8-Flash-Next-GSQ-RCO-IQ1_M-00002-of-00002.gguf --expert-profile expert-profile-learned-coder.bin --expert-cache auto --prefill auto --spec 5 --spec-min-p 0.5 --mtp <data root>/mtp/rt --max-context 262144 --kv int8 --kv-resident 32768 --vram-reserve-mib 3072 --vram-reserve-later-mib 800 --pipeline-windows 2 --vision --pipeline-windows 1 --layer-split 27 --expert-profile-save expert-profile-learned-coder.bin
strata generate: layer split: every stage keeps its own prompt buffers (~1904 MiB each, 2048-token chunks) (STRATA_SPLIT_OWN=1)
strata generate: layer split across 2 GPUs: CUDA0, then CUDA1 (split 27)
strata generate: PCIe probe: 28.2 GB/s host->device (best of 28.2 28.2 28.2 28.2) -> pcie_frac 0.55 (default 0.55)
strata generate: layer split: CUDA0 loads the dense weights of layers 0-26 only
strata generate: layer split: CUDA1 loads the dense weights of layers 27-47 only
strata generate: layer split: CUDA1 PCIe probe 3.1 GB/s (best of 3.1 3.1 3.1 3.1) -> pcie_frac 0.08
strata generate: layer split: CUDA1 holds its weights; 14.19 GiB free (its session follows the split search)
strata generate: KV streaming: 32768 of 262144 cells per QSA layer in VRAM, the K/V in 1.55 GiB of pinned RAM
strata generate: layer split: CUDA1 holds its weights, session [27, 48) and the head; 13.20 GiB free
strata mtp: draft layer loaded, 836 MiB of VRAM (experts 675, dense 111), files read in 0.76 s (1029 MiB/s)
strata generate: GPU 0: AMD Radeon RX 7900 GRE (gfx1100)
strata generate: --pipeline-windows 1: 160 MiB of CUDA0 kept out of the expert cache (the second verifier)
strata generate: expert cache auto: 13.23 GiB free, 3072 MiB reserved (+0 MiB for the draft head) -> 3465 slots
strata generate: expert cache 4742 slots, 8.59 GiB of VRAM; policy is
strata generate: layer split, CUDA1: 12.38 GiB free of 15.98, room for experts 9.62 GiB
strata generate: layer split: CUDA1 runs layers 27-47, expert cache 4765 slots (9.62 GiB), 4765 of its 5376 profiled pairs; slot 0 verified
strata generate: layer split: CUDA0 runs layers 0-26
strata generate: R4 hit path ON - resident experts are computed on the GPU
strata generate: session is up (engine 0.1.40)
strata generate: token graph hit path: 9507 resident experts, decided on the device
strata serve: layer split: 77% of the experts resident, the prompt path's streamed ring 96 slots
strata serve: layer split: layers 0-26 (CUDA0), 27-47 (CUDA1), one hand-off per window
strata mtp: draft head over 40525 tokens (81.2 MiB)
strata serve: --pipeline-windows 1: two verifiers per stage, the stages overlap across windows
strata serve: prompt 2334 tokens = 0 reused + 2334 read in 2780 ms (839.6 tok/s), 500 generated in 7836 ms (63.8 tok/s), drafts accepted 309 of 464, 1 checkpoints
strata serve: decode expert cache hit rate: 96.7% (300636 hits / 310880 lookups); 4000 more read by the GPU over PCIe or from another GPU (1.3% of all 314880 routed)
strata serve: KV streaming: 99.79% of 2039676 block reads hit VRAM, 17.1 MiB read from RAM
[strata] 2026-10-06 21:55:51 engine started: <strata checkout>/engine/strata --serve --pack <data root>/packs/coder-iq1_m --native <data root>/models/coder-IQ1_M/Qwen3.8-Flash-Next-GSQ-RCO-IQ1_M-00001-of-00002.gguf --ple-gguf <data root>/models/coder-IQ1_M/Qwen3.8-Flash-Next-GSQ-RCO-IQ1_M-00002-of-00002.gguf --expert-profile expert-profile-learned-coder.bin --expert-cache auto --prefill auto --spec 5 --spec-min-p 0.5 --mtp <data root>/mtp/rt --max-context 262144 --kv int8 --kv-resident 32768 --vram-reserve-mib 3072 --vram-reserve-later-mib 800 --pipeline-windows 2 --vision --layer-split 27 --expert-profile-save expert-profile-learned-coder.bin
strata generate: layer split: every stage keeps its own prompt buffers (~1904 MiB each, 2048-token chunks) (STRATA_SPLIT_OWN=1)
strata generate: layer split across 2 GPUs: CUDA0, then CUDA1 (split 27)
strata generate: PCIe probe: 28.2 GB/s host->device (best of 28.2 28.2 28.2 28.2) -> pcie_frac 0.55 (default 0.55)
strata generate: layer split: CUDA0 loads the dense weights of layers 0-26 only
strata generate: layer split: CUDA1 loads the dense weights of layers 27-47 only
strata generate: layer split: CUDA1 PCIe probe 3.1 GB/s (best of 3.1 3.1 3.1 3.1) -> pcie_frac 0.08
strata generate: layer split: CUDA1 holds its weights; 14.19 GiB free (its session follows the split search)
strata generate: KV streaming: 32768 of 262144 cells per QSA layer in VRAM, the K/V in 1.55 GiB of pinned RAM
strata generate: layer split: CUDA1 holds its weights, session [27, 48) and the head; 13.20 GiB free
strata mtp: draft layer loaded, 837 MiB of VRAM (experts 675, dense 111), files read in 0.74 s (1062 MiB/s)
strata generate: GPU 0: AMD Radeon RX 7900 GRE (gfx1100)
strata generate: --pipeline-windows 2: 290 MiB of CUDA0 kept out of the expert cache (the second verifier, the GDN snapshots)
strata generate: expert cache auto: 13.21 GiB free, 3072 MiB reserved (+0 MiB for the draft head) -> 3405 slots
strata generate: expert cache 4661 slots, 8.44 GiB of VRAM; policy is
strata generate: layer split, CUDA1: 12.38 GiB free of 15.98, room for experts 9.62 GiB
strata generate: layer split: CUDA1 runs layers 27-47, expert cache 4765 slots (9.62 GiB), 4765 of its 5376 profiled pairs; slot 0 verified
strata generate: layer split: CUDA0 runs layers 0-26
strata generate: R4 hit path ON - resident experts are computed on the GPU
strata generate: session is up (engine 0.1.40)
strata generate: token graph hit path: 9426 resident experts, decided on the device
strata serve: layer split: 77% of the experts resident, the prompt path's streamed ring 96 slots
strata serve: layer split: layers 0-26 (CUDA0), 27-47 (CUDA1), one hand-off per window
strata mtp: draft head over 40525 tokens (81.2 MiB)
strata serve: --pipeline-windows 2: two verifiers per stage, the stages overlap across windows (decode too; the GDN snapshots beside the window)
strata serve: prompt 2913 tokens = 0 reused + 2913 read in 3066 ms (950.2 tok/s), 500 generated in 7046 ms (71.0 tok/s), drafts accepted 295 of 429, 1 checkpoints
strata serve: decode expert cache hit rate: 97.0% (350149 hits / 361031 lookups); 4649 more read by the GPU over PCIe or from another GPU (1.3% of all 365680 routed)
strata serve: KV streaming: 99.83% of 2957760 block reads hit VRAM, 20.6 MiB read from RAM
[strata] 2026-10-06 21:56:31 engine started: <strata checkout>/engine/strata --serve --pack <data root>/packs/coder-iq1_m --native <data root>/models/coder-IQ1_M/Qwen3.8-Flash-Next-GSQ-RCO-IQ1_M-00001-of-00002.gguf --ple-gguf <data root>/models/coder-IQ1_M/Qwen3.8-Flash-Next-GSQ-RCO-IQ1_M-00002-of-00002.gguf --expert-profile expert-profile-learned-coder.bin --expert-cache auto --prefill auto --spec 5 --spec-min-p 0.5 --mtp <data root>/mtp/rt --max-context 262144 --kv int8 --kv-resident 32768 --vram-reserve-mib 3072 --vram-reserve-later-mib 800 --pipeline-windows 2 --vision --pipeline-windows 1 --layer-split 27 --expert-profile-save expert-profile-learned-coder.bin
strata generate: layer split: every stage keeps its own prompt buffers (~1904 MiB each, 2048-token chunks) (STRATA_SPLIT_OWN=1)
strata generate: layer split across 2 GPUs: CUDA0, then CUDA1 (split 27)
strata generate: PCIe probe: 28.2 GB/s host->device (best of 28.2 28.2 28.2 28.2) -> pcie_frac 0.55 (default 0.55)
strata generate: layer split: CUDA0 loads the dense weights of layers 0-26 only
strata generate: layer split: CUDA1 loads the dense weights of layers 27-47 only
strata generate: layer split: CUDA1 PCIe probe 3.1 GB/s (best of 3.1 3.1 3.1 3.1) -> pcie_frac 0.08
strata generate: layer split: CUDA1 holds its weights; 14.19 GiB free (its session follows the split search)
strata generate: KV streaming: 32768 of 262144 cells per QSA layer in VRAM, the K/V in 1.55 GiB of pinned RAM
strata generate: layer split: CUDA1 holds its weights, session [27, 48) and the head; 13.20 GiB free
strata mtp: draft layer loaded, 836 MiB of VRAM (experts 675, dense 111), files read in 0.81 s (971 MiB/s)
strata generate: GPU 0: AMD Radeon RX 7900 GRE (gfx1100)
strata generate: --pipeline-windows 1: 160 MiB of CUDA0 kept out of the expert cache (the second verifier)
strata generate: expert cache auto: 13.21 GiB free, 3072 MiB reserved (+0 MiB for the draft head) -> 3457 slots
strata generate: expert cache 4731 slots, 8.57 GiB of VRAM; policy is
strata generate: layer split, CUDA1: 12.38 GiB free of 15.98, room for experts 9.62 GiB
strata generate: layer split: CUDA1 runs layers 27-47, expert cache 4765 slots (9.62 GiB), 4765 of its 5376 profiled pairs; slot 0 verified
strata generate: layer split: CUDA0 runs layers 0-26
strata generate: R4 hit path ON - resident experts are computed on the GPU
strata generate: session is up (engine 0.1.40)
strata generate: token graph hit path: 9496 resident experts, decided on the device
strata serve: layer split: 77% of the experts resident, the prompt path's streamed ring 96 slots
strata serve: layer split: layers 0-26 (CUDA0), 27-47 (CUDA1), one hand-off per window
strata mtp: draft head over 40525 tokens (81.2 MiB)
strata serve: --pipeline-windows 1: two verifiers per stage, the stages overlap across windows
strata serve: prompt 2913 tokens = 0 reused + 2913 read in 3074 ms (947.7 tok/s), 500 generated in 7177 ms (69.7 tok/s), drafts accepted 326 of 433, 1 checkpoints
strata serve: decode expert cache hit rate: 97.5% (281534 hits / 288831 lookups); 3009 more read by the GPU over PCIe or from another GPU (1.0% of all 291840 routed)
strata serve: KV streaming: 99.73% of 1891746 block reads hit VRAM, 20.6 MiB read from RAM
[strata] 2026-10-06 21:57:11 engine started: <strata checkout>/engine/strata --serve --pack <data root>/packs/coder-iq1_m --native <data root>/models/coder-IQ1_M/Qwen3.8-Flash-Next-GSQ-RCO-IQ1_M-00001-of-00002.gguf --ple-gguf <data root>/models/coder-IQ1_M/Qwen3.8-Flash-Next-GSQ-RCO-IQ1_M-00002-of-00002.gguf --expert-profile expert-profile-learned-coder.bin --expert-cache auto --prefill auto --spec 5 --spec-min-p 0.5 --mtp <data root>/mtp/rt --max-context 262144 --kv int8 --kv-resident 32768 --vram-reserve-mib 3072 --vram-reserve-later-mib 800 --pipeline-windows 2 --vision --layer-split 27 --expert-profile-save expert-profile-learned-coder.bin
strata generate: layer split: every stage keeps its own prompt buffers (~1904 MiB each, 2048-token chunks) (STRATA_SPLIT_OWN=1)
strata generate: layer split across 2 GPUs: CUDA0, then CUDA1 (split 27)
strata generate: PCIe probe: 28.2 GB/s host->device (best of 28.2 28.2 28.2 28.2) -> pcie_frac 0.55 (default 0.55)
strata generate: layer split: CUDA0 loads the dense weights of layers 0-26 only
strata generate: layer split: CUDA1 loads the dense weights of layers 27-47 only
strata generate: layer split: CUDA1 PCIe probe 3.1 GB/s (best of 3.1 3.1 3.1 3.1) -> pcie_frac 0.08
strata generate: layer split: CUDA1 holds its weights; 14.19 GiB free (its session follows the split search)
strata generate: KV streaming: 32768 of 262144 cells per QSA layer in VRAM, the K/V in 1.55 GiB of pinned RAM
strata generate: layer split: CUDA1 holds its weights, session [27, 48) and the head; 13.20 GiB free
strata mtp: draft layer loaded, 837 MiB of VRAM (experts 675, dense 111), files read in 0.74 s (1061 MiB/s)
strata generate: GPU 0: AMD Radeon RX 7900 GRE (gfx1100)
strata generate: --pipeline-windows 2: 290 MiB of CUDA0 kept out of the expert cache (the second verifier, the GDN snapshots)
strata generate: expert cache auto: 13.23 GiB free, 3072 MiB reserved (+0 MiB for the draft head) -> 3414 slots
strata generate: expert cache 4673 slots, 8.46 GiB of VRAM; policy is
strata generate: layer split, CUDA1: 12.38 GiB free of 15.98, room for experts 9.62 GiB
strata generate: layer split: CUDA1 runs layers 27-47, expert cache 4765 slots (9.62 GiB), 4765 of its 5376 profiled pairs; slot 0 verified
strata generate: layer split: CUDA0 runs layers 0-26
strata generate: R4 hit path ON - resident experts are computed on the GPU
strata generate: session is up (engine 0.1.40)
strata generate: token graph hit path: 9438 resident experts, decided on the device
strata serve: layer split: 77% of the experts resident, the prompt path's streamed ring 96 slots
strata serve: layer split: layers 0-26 (CUDA0), 27-47 (CUDA1), one hand-off per window
strata mtp: draft head over 40525 tokens (81.2 MiB)
strata serve: --pipeline-windows 2: two verifiers per stage, the stages overlap across windows (decode too; the GDN snapshots beside the window)
strata serve: prompt 3584 tokens = 0 reused + 3584 read in 2822 ms (1270.1 tok/s), 500 generated in 6729 ms (74.3 tok/s), drafts accepted 316 of 475, 1 checkpoints
strata serve: decode expert cache hit rate: 97.1% (347818 hits / 358373 lookups); 4557 more read by the GPU over PCIe or from another GPU (1.3% of all 362930 routed)
strata serve: KV streaming: 99.77% of 2723616 block reads hit VRAM, 24.7 MiB read from RAM
[strata] 2026-10-06 21:57:51 engine started: <strata checkout>/engine/strata --serve --pack <data root>/packs/coder-iq1_m --native <data root>/models/coder-IQ1_M/Qwen3.8-Flash-Next-GSQ-RCO-IQ1_M-00001-of-00002.gguf --ple-gguf <data root>/models/coder-IQ1_M/Qwen3.8-Flash-Next-GSQ-RCO-IQ1_M-00002-of-00002.gguf --expert-profile expert-profile-learned-coder.bin --expert-cache auto --prefill auto --spec 5 --spec-min-p 0.5 --mtp <data root>/mtp/rt --max-context 262144 --kv int8 --kv-resident 32768 --vram-reserve-mib 3072 --vram-reserve-later-mib 800 --pipeline-windows 2 --vision --pipeline-windows 1 --layer-split 27 --expert-profile-save expert-profile-learned-coder.bin
strata generate: layer split: every stage keeps its own prompt buffers (~1904 MiB each, 2048-token chunks) (STRATA_SPLIT_OWN=1)
strata generate: layer split across 2 GPUs: CUDA0, then CUDA1 (split 27)
strata generate: PCIe probe: 28.2 GB/s host->device (best of 28.2 28.2 28.2 28.2) -> pcie_frac 0.55 (default 0.55)
strata generate: layer split: CUDA0 loads the dense weights of layers 0-26 only
strata generate: layer split: CUDA1 loads the dense weights of layers 27-47 only
strata generate: layer split: CUDA1 PCIe probe 3.1 GB/s (best of 3.1 3.1 3.1 3.1) -> pcie_frac 0.08
strata generate: layer split: CUDA1 holds its weights; 14.19 GiB free (its session follows the split search)
strata generate: KV streaming: 32768 of 262144 cells per QSA layer in VRAM, the K/V in 1.55 GiB of pinned RAM
strata generate: layer split: CUDA1 holds its weights, session [27, 48) and the head; 13.20 GiB free
strata mtp: draft layer loaded, 836 MiB of VRAM (experts 675, dense 111), files read in 0.78 s (1011 MiB/s)
strata generate: GPU 0: AMD Radeon RX 7900 GRE (gfx1100)
strata generate: --pipeline-windows 1: 160 MiB of CUDA0 kept out of the expert cache (the second verifier)
strata generate: expert cache auto: 13.23 GiB free, 3072 MiB reserved (+0 MiB for the draft head) -> 3465 slots
strata generate: expert cache 4742 slots, 8.59 GiB of VRAM; policy is
strata generate: layer split, CUDA1: 12.38 GiB free of 15.98, room for experts 9.62 GiB
strata generate: layer split: CUDA1 runs layers 27-47, expert cache 4765 slots (9.62 GiB), 4765 of its 5376 profiled pairs; slot 0 verified
strata generate: layer split: CUDA0 runs layers 0-26
strata generate: R4 hit path ON - resident experts are computed on the GPU
strata generate: session is up (engine 0.1.40)
strata generate: token graph hit path: 9507 resident experts, decided on the device
strata serve: layer split: 77% of the experts resident, the prompt path's streamed ring 96 slots
strata serve: layer split: layers 0-26 (CUDA0), 27-47 (CUDA1), one hand-off per window
strata mtp: draft head over 40525 tokens (81.2 MiB)
strata serve: --pipeline-windows 1: two verifiers per stage, the stages overlap across windows
strata serve: prompt 3584 tokens = 0 reused + 3584 read in 2818 ms (1271.9 tok/s), 500 generated in 7740 ms (64.6 tok/s), drafts accepted 322 of 501, 1 checkpoints
strata serve: decode expert cache hit rate: 97.3% (313554 hits / 322308 lookups); 3612 more read by the GPU over PCIe or from another GPU (1.1% of all 325920 routed)
strata serve: KV streaming: 99.71% of 2110524 block reads hit VRAM, 24.6 MiB read from RAM
[strata] 2026-10-06 21:58:32 engine started: <strata checkout>/engine/strata --serve --pack <data root>/packs/coder-iq1_m --native <data root>/models/coder-IQ1_M/Qwen3.8-Flash-Next-GSQ-RCO-IQ1_M-00001-of-00002.gguf --ple-gguf <data root>/models/coder-IQ1_M/Qwen3.8-Flash-Next-GSQ-RCO-IQ1_M-00002-of-00002.gguf --expert-profile expert-profile-learned-coder.bin --expert-cache auto --prefill auto --spec 5 --spec-min-p 0.5 --mtp <data root>/mtp/rt --max-context 262144 --kv int8 --kv-resident 32768 --vram-reserve-mib 3072 --vram-reserve-later-mib 800 --pipeline-windows 2 --vision --layer-split 27 --expert-profile-save expert-profile-learned-coder.bin
strata generate: layer split: every stage keeps its own prompt buffers (~1904 MiB each, 2048-token chunks) (STRATA_SPLIT_OWN=1)
strata generate: layer split across 2 GPUs: CUDA0, then CUDA1 (split 27)
strata generate: PCIe probe: 28.2 GB/s host->device (best of 28.2 28.2 28.2 28.2) -> pcie_frac 0.55 (default 0.55)
strata generate: layer split: CUDA0 loads the dense weights of layers 0-26 only
strata generate: layer split: CUDA1 loads the dense weights of layers 27-47 only
strata generate: layer split: CUDA1 PCIe probe 3.1 GB/s (best of 3.1 3.1 3.1 3.1) -> pcie_frac 0.08
strata generate: layer split: CUDA1 holds its weights; 14.19 GiB free (its session follows the split search)
strata generate: KV streaming: 32768 of 262144 cells per QSA layer in VRAM, the K/V in 1.55 GiB of pinned RAM
strata generate: layer split: CUDA1 holds its weights, session [27, 48) and the head; 13.20 GiB free
strata mtp: draft layer loaded, 837 MiB of VRAM (experts 675, dense 111), files read in 0.72 s (1093 MiB/s)
strata generate: GPU 0: AMD Radeon RX 7900 GRE (gfx1100)
strata generate: --pipeline-windows 2: 290 MiB of CUDA0 kept out of the expert cache (the second verifier, the GDN snapshots)
strata generate: expert cache auto: 13.21 GiB free, 3072 MiB reserved (+0 MiB for the draft head) -> 3405 slots
strata generate: expert cache 4661 slots, 8.44 GiB of VRAM; policy is
strata generate: layer split, CUDA1: 12.38 GiB free of 15.98, room for experts 9.62 GiB
strata generate: layer split: CUDA1 runs layers 27-47, expert cache 4765 slots (9.62 GiB), 4765 of its 5376 profiled pairs; slot 0 verified
strata generate: layer split: CUDA0 runs layers 0-26
strata generate: R4 hit path ON - resident experts are computed on the GPU
strata generate: session is up (engine 0.1.40)
strata generate: token graph hit path: 9426 resident experts, decided on the device
strata serve: layer split: 77% of the experts resident, the prompt path's streamed ring 96 slots
strata serve: layer split: layers 0-26 (CUDA0), 27-47 (CUDA1), one hand-off per window
strata mtp: draft head over 40525 tokens (81.2 MiB)
strata serve: --pipeline-windows 2: two verifiers per stage, the stages overlap across windows (decode too; the GDN snapshots beside the window)
strata serve: prompt 4238 tokens = 0 reused + 4238 read in 3516 ms (1205.2 tok/s), 500 generated in 7157 ms (69.9 tok/s), drafts accepted 295 of 444, 1 checkpoints
strata serve: decode expert cache hit rate: 97.1% (349643 hits / 360080 lookups); 4150 more read by the GPU over PCIe or from another GPU (1.1% of all 364230 routed)
strata serve: KV streaming: 99.75% of 2822166 block reads hit VRAM, 28.6 MiB read from RAM
[strata] 2026-10-06 21:59:12 engine started: <strata checkout>/engine/strata --serve --pack <data root>/packs/coder-iq1_m --native <data root>/models/coder-IQ1_M/Qwen3.8-Flash-Next-GSQ-RCO-IQ1_M-00001-of-00002.gguf --ple-gguf <data root>/models/coder-IQ1_M/Qwen3.8-Flash-Next-GSQ-RCO-IQ1_M-00002-of-00002.gguf --expert-profile expert-profile-learned-coder.bin --expert-cache auto --prefill auto --spec 5 --spec-min-p 0.5 --mtp <data root>/mtp/rt --max-context 262144 --kv int8 --kv-resident 32768 --vram-reserve-mib 3072 --vram-reserve-later-mib 800 --pipeline-windows 2 --vision --pipeline-windows 1 --layer-split 27 --expert-profile-save expert-profile-learned-coder.bin
strata generate: layer split: every stage keeps its own prompt buffers (~1904 MiB each, 2048-token chunks) (STRATA_SPLIT_OWN=1)
strata generate: layer split across 2 GPUs: CUDA0, then CUDA1 (split 27)
strata generate: PCIe probe: 28.2 GB/s host->device (best of 28.2 28.2 28.2 28.2) -> pcie_frac 0.55 (default 0.55)
strata generate: layer split: CUDA0 loads the dense weights of layers 0-26 only
strata generate: layer split: CUDA1 loads the dense weights of layers 27-47 only
strata generate: layer split: CUDA1 PCIe probe 3.1 GB/s (best of 3.1 3.1 3.1 3.1) -> pcie_frac 0.08
strata generate: layer split: CUDA1 holds its weights; 14.19 GiB free (its session follows the split search)
strata generate: KV streaming: 32768 of 262144 cells per QSA layer in VRAM, the K/V in 1.55 GiB of pinned RAM
strata generate: layer split: CUDA1 holds its weights, session [27, 48) and the head; 13.20 GiB free
strata mtp: draft layer loaded, 836 MiB of VRAM (experts 675, dense 111), files read in 0.77 s (1025 MiB/s)
strata generate: GPU 0: AMD Radeon RX 7900 GRE (gfx1100)
strata generate: --pipeline-windows 1: 160 MiB of CUDA0 kept out of the expert cache (the second verifier)
strata generate: expert cache auto: 13.23 GiB free, 3072 MiB reserved (+0 MiB for the draft head) -> 3465 slots
strata generate: expert cache 4742 slots, 8.59 GiB of VRAM; policy is
strata generate: layer split, CUDA1: 12.38 GiB free of 15.98, room for experts 9.62 GiB
strata generate: layer split: CUDA1 runs layers 27-47, expert cache 4765 slots (9.62 GiB), 4765 of its 5376 profiled pairs; slot 0 verified
strata generate: layer split: CUDA0 runs layers 0-26
strata generate: R4 hit path ON - resident experts are computed on the GPU
strata generate: session is up (engine 0.1.40)
strata generate: token graph hit path: 9507 resident experts, decided on the device
strata serve: layer split: 77% of the experts resident, the prompt path's streamed ring 96 slots
strata serve: layer split: layers 0-26 (CUDA0), 27-47 (CUDA1), one hand-off per window
strata mtp: draft head over 40525 tokens (81.2 MiB)
strata serve: --pipeline-windows 1: two verifiers per stage, the stages overlap across windows
strata serve: prompt 4238 tokens = 0 reused + 4238 read in 3674 ms (1153.5 tok/s), 500 generated in 7823 ms (63.9 tok/s), drafts accepted 310 of 457, 1 checkpoints
strata serve: decode expert cache hit rate: 97.3% (300579 hits / 308796 lookups); 3204 more read by the GPU over PCIe or from another GPU (1.0% of all 312000 routed)
strata serve: KV streaming: 99.65% of 2021148 block reads hit VRAM, 28.5 MiB read from RAM

=== engine-ab-pipeline-off.log: 227 lines, 104 kept ===
[strata] 2026-10-06 22:04:59 engine started: <strata checkout>/engine/strata --serve --pack <data root>/packs/coder-iq1_m --native <data root>/models/coder-IQ1_M/Qwen3.8-Flash-Next-GSQ-RCO-IQ1_M-00001-of-00002.gguf --ple-gguf <data root>/models/coder-IQ1_M/Qwen3.8-Flash-Next-GSQ-RCO-IQ1_M-00002-of-00002.gguf --expert-profile expert-profile-learned-coder.bin --expert-cache auto --prefill auto --spec 5 --spec-min-p 0.5 --mtp <data root>/mtp/rt --max-context 262144 --kv int8 --kv-resident 32768 --vram-reserve-mib 3072 --vram-reserve-later-mib 800 --pipeline-windows 2 --vision --layer-split 27 --expert-profile-save expert-profile-learned-coder.bin
strata generate: layer split: every stage keeps its own prompt buffers (~1904 MiB each, 2048-token chunks) (STRATA_SPLIT_OWN=1)
strata generate: layer split across 2 GPUs: CUDA0, then CUDA1 (split 27)
strata generate: PCIe probe: 28.2 GB/s host->device (best of 28.2 28.2 28.2 28.2) -> pcie_frac 0.55 (default 0.55)
strata generate: layer split: CUDA0 loads the dense weights of layers 0-26 only
strata generate: layer split: CUDA1 loads the dense weights of layers 27-47 only
strata generate: layer split: CUDA1 PCIe probe 3.1 GB/s (best of 3.1 3.1 3.1 3.1) -> pcie_frac 0.08
strata generate: layer split: CUDA1 holds its weights; 14.19 GiB free (its session follows the split search)
strata generate: KV streaming: 32768 of 262144 cells per QSA layer in VRAM, the K/V in 1.55 GiB of pinned RAM
strata generate: layer split: CUDA1 holds its weights, session [27, 48) and the head; 13.20 GiB free
strata mtp: draft layer loaded, 837 MiB of VRAM (experts 675, dense 111), files read in 0.80 s (984 MiB/s)
strata generate: GPU 0: AMD Radeon RX 7900 GRE (gfx1100)
strata generate: --pipeline-windows 2: 290 MiB of CUDA0 kept out of the expert cache (the second verifier, the GDN snapshots)
strata generate: expert cache auto: 13.23 GiB free, 3072 MiB reserved (+0 MiB for the draft head) -> 3414 slots
strata generate: expert cache 4673 slots, 8.46 GiB of VRAM; policy is
strata generate: layer split, CUDA1: 12.38 GiB free of 15.98, room for experts 9.62 GiB
strata generate: layer split: CUDA1 runs layers 27-47, expert cache 4765 slots (9.62 GiB), 4765 of its 5376 profiled pairs; slot 0 verified
strata generate: layer split: CUDA0 runs layers 0-26
strata generate: R4 hit path ON - resident experts are computed on the GPU
strata generate: session is up (engine 0.1.40)
strata generate: token graph hit path: 9438 resident experts, decided on the device
strata serve: layer split: 77% of the experts resident, the prompt path's streamed ring 96 slots
strata serve: layer split: layers 0-26 (CUDA0), 27-47 (CUDA1), one hand-off per window
strata mtp: draft head over 40525 tokens (81.2 MiB)
strata serve: --pipeline-windows 2: two verifiers per stage, the stages overlap across windows (decode too; the GDN snapshots beside the window)
strata serve: prompt 15 tokens = 0 reused + 15 read in 380 ms (39.4 tok/s), 2 generated in 87 ms (22.9 tok/s), drafts accepted 4 of 4, 1 checkpoints
strata serve: decode expert cache hit rate: 81.3% (2457 hits / 3021 lookups); 379 more read by the GPU over PCIe or from another GPU (11.1% of all 3400 routed)
strata serve: KV streaming: 91.67% of 432 block reads hit VRAM, 0.1 MiB read from RAM
strata serve: prompt 4210 tokens = 0 reused + 4210 read in 3233 ms (1302.1 tok/s), 128 generated in 1804 ms (70.9 tok/s), drafts accepted 76 of 98, 1 checkpoints
strata serve: decode expert cache hit rate: 93.3% (75503 hits / 80904 lookups); 2246 more read by the GPU over PCIe or from another GPU (2.7% of all 83150 routed)
strata serve: KV streaming: 99.03% of 662436 block reads hit VRAM, 25.8 MiB read from RAM
strata serve: prompt 4451 tokens = 4337 reused + 114 read in 625 ms (182.3 tok/s), 128 generated in 1901 ms (67.3 tok/s), drafts accepted 77 of 129, 2 checkpoints
strata serve: decode expert cache hit rate: 98.1% (99711 hits / 101646 lookups); 664 more read by the GPU over PCIe or from another GPU (0.6% of all 102310 routed)
strata serve: KV streaming: 99.54% of 1472778 block reads hit VRAM, 27.5 MiB read from RAM
strata serve: prompt 8830 tokens = 0 reused + 8830 read in 5026 ms (1756.8 tok/s), 128 generated in 1526 ms (83.9 tok/s), drafts accepted 84 of 113, 1 checkpoints
strata serve: decode expert cache hit rate: 98.9% (84827 hits / 85805 lookups); 345 more read by the GPU over PCIe or from another GPU (0.4% of all 86150 routed)
strata serve: KV streaming: 98.34% of 671664 block reads hit VRAM, 45.0 MiB read from RAM
strata serve: prompt 9071 tokens = 8958 reused + 113 read in 619 ms (182.6 tok/s), 128 generated in 1966 ms (65.1 tok/s), drafts accepted 74 of 124, 2 checkpoints
strata serve: decode expert cache hit rate: 98.5% (103453 hits / 105045 lookups); 555 more read by the GPU over PCIe or from another GPU (0.5% of all 105600 routed)
strata serve: KV streaming: 99.21% of 1537440 block reads hit VRAM, 49.2 MiB read from RAM
strata serve: prompt 4210 tokens = 0 reused + 4210 read in 2962 ms (1421.2 tok/s), 128 generated in 1728 ms (74.1 tok/s), drafts accepted 83 of 115, 1 checkpoints
strata serve: decode expert cache hit rate: 98.6% (91577 hits / 92840 lookups); 520 more read by the GPU over PCIe or from another GPU (0.6% of all 93360 routed)
strata serve: KV streaming: 99.16% of 767190 block reads hit VRAM, 26.0 MiB read from RAM
strata serve: prompt 4451 tokens = 4203 reused + 248 read in 787 ms (315.1 tok/s), 128 generated in 2134 ms (60.0 tok/s), drafts accepted 62 of 110, 2 checkpoints
strata serve: decode expert cache hit rate: 99.0% (96527 hits / 97495 lookups); 235 more read by the GPU over PCIe or from another GPU (0.2% of all 97730 routed)
strata serve: KV streaming: 99.55% of 1512804 block reads hit VRAM, 27.5 MiB read from RAM
strata serve: prompt 8830 tokens = 0 reused + 8830 read in 5062 ms (1744.3 tok/s), 128 generated in 1599 ms (80.1 tok/s), drafts accepted 79 of 108, 1 checkpoints
strata serve: decode expert cache hit rate: 98.9% (84434 hits / 85358 lookups); 372 more read by the GPU over PCIe or from another GPU (0.4% of all 85730 routed)
strata serve: KV streaming: 98.28% of 656244 block reads hit VRAM, 45.4 MiB read from RAM
strata serve: prompt 9071 tokens = 8957 reused + 114 read in 603 ms (189.1 tok/s), 128 generated in 1750 ms (73.2 tok/s), drafts accepted 78 of 121, 2 checkpoints
strata serve: decode expert cache hit rate: 99.1% (93558 hits / 94431 lookups); 319 more read by the GPU over PCIe or from another GPU (0.3% of all 94750 routed)
strata serve: KV streaming: 99.14% of 1407996 block reads hit VRAM, 48.8 MiB read from RAM
[strata] 2026-10-06 22:06:05 engine started: <strata checkout>/engine/strata --serve --pack <data root>/packs/coder-iq1_m --native <data root>/models/coder-IQ1_M/Qwen3.8-Flash-Next-GSQ-RCO-IQ1_M-00001-of-00002.gguf --ple-gguf <data root>/models/coder-IQ1_M/Qwen3.8-Flash-Next-GSQ-RCO-IQ1_M-00002-of-00002.gguf --expert-profile expert-profile-learned-coder.bin --expert-cache auto --prefill auto --spec 5 --spec-min-p 0.5 --mtp <data root>/mtp/rt --max-context 262144 --kv int8 --kv-resident 32768 --vram-reserve-mib 3072 --vram-reserve-later-mib 800 --pipeline-windows 2 --vision --pipeline-windows 1 --layer-split 27 --expert-profile-save expert-profile-learned-coder.bin
strata generate: layer split: every stage keeps its own prompt buffers (~1904 MiB each, 2048-token chunks) (STRATA_SPLIT_OWN=1)
strata generate: layer split across 2 GPUs: CUDA0, then CUDA1 (split 27)
strata generate: PCIe probe: 28.2 GB/s host->device (best of 28.2 28.2 28.2 28.2) -> pcie_frac 0.55 (default 0.55)
strata generate: layer split: CUDA0 loads the dense weights of layers 0-26 only
strata generate: layer split: CUDA1 loads the dense weights of layers 27-47 only
strata generate: layer split: CUDA1 PCIe probe 3.1 GB/s (best of 3.1 3.1 3.1 3.1) -> pcie_frac 0.08
strata generate: layer split: CUDA1 holds its weights; 14.19 GiB free (its session follows the split search)
strata generate: KV streaming: 32768 of 262144 cells per QSA layer in VRAM, the K/V in 1.55 GiB of pinned RAM
strata generate: layer split: CUDA1 holds its weights, session [27, 48) and the head; 13.20 GiB free
strata mtp: draft layer loaded, 836 MiB of VRAM (experts 675, dense 111), files read in 0.74 s (1067 MiB/s)
strata generate: GPU 0: AMD Radeon RX 7900 GRE (gfx1100)
strata generate: --pipeline-windows 1: 160 MiB of CUDA0 kept out of the expert cache (the second verifier)
strata generate: expert cache auto: 13.21 GiB free, 3072 MiB reserved (+0 MiB for the draft head) -> 3457 slots
strata generate: expert cache 4731 slots, 8.57 GiB of VRAM; policy is
strata generate: layer split, CUDA1: 12.38 GiB free of 15.98, room for experts 9.62 GiB
strata generate: layer split: CUDA1 runs layers 27-47, expert cache 4765 slots (9.62 GiB), 4765 of its 5376 profiled pairs; slot 0 verified
strata generate: layer split: CUDA0 runs layers 0-26
strata generate: R4 hit path ON - resident experts are computed on the GPU
strata generate: session is up (engine 0.1.40)
strata generate: token graph hit path: 9496 resident experts, decided on the device
strata serve: layer split: 77% of the experts resident, the prompt path's streamed ring 96 slots
strata serve: layer split: layers 0-26 (CUDA0), 27-47 (CUDA1), one hand-off per window
strata mtp: draft head over 40525 tokens (81.2 MiB)
strata serve: --pipeline-windows 1: two verifiers per stage, the stages overlap across windows
strata serve: prompt 15 tokens = 0 reused + 15 read in 371 ms (40.4 tok/s), 2 generated in 90 ms (22.3 tok/s), drafts accepted 4 of 4, 1 checkpoints
strata serve: decode expert cache hit rate: 83.5% (2168 hits / 2597 lookups); 283 more read by the GPU over PCIe or from another GPU (9.8% of all 2880 routed)
strata serve: KV streaming: 91.67% of 360 block reads hit VRAM, 0.1 MiB read from RAM
strata serve: prompt 4210 tokens = 0 reused + 4210 read in 3585 ms (1174.4 tok/s), 128 generated in 2029 ms (63.1 tok/s), drafts accepted 81 of 114, 1 checkpoints
strata serve: decode expert cache hit rate: 94.4% (71249 hits / 75486 lookups); 1794 more read by the GPU over PCIe or from another GPU (2.3% of all 77280 routed)
strata serve: KV streaming: 98.76% of 514512 block reads hit VRAM, 25.7 MiB read from RAM
strata serve: prompt 4451 tokens = 4337 reused + 114 read in 624 ms (182.7 tok/s), 128 generated in 2249 ms (56.9 tok/s), drafts accepted 68 of 115, 2 checkpoints
strata serve: decode expert cache hit rate: 98.1% (81999 hits / 83559 lookups); 441 more read by the GPU over PCIe or from another GPU (0.5% of all 84000 routed)
strata serve: KV streaming: 99.37% of 1072182 block reads hit VRAM, 27.4 MiB read from RAM
strata serve: prompt 8830 tokens = 0 reused + 8830 read in 5079 ms (1738.6 tok/s), 128 generated in 1738 ms (73.6 tok/s), drafts accepted 88 of 116, 1 checkpoints
strata serve: decode expert cache hit rate: 98.8% (74607 hits / 75508 lookups); 332 more read by the GPU over PCIe or from another GPU (0.4% of all 75840 routed)
strata serve: KV streaming: 97.81% of 505272 block reads hit VRAM, 44.5 MiB read from RAM
strata serve: prompt 9071 tokens = 8823 reused + 248 read in 819 ms (302.7 tok/s), 128 generated in 1981 ms (64.6 tok/s), drafts accepted 82 of 124, 2 checkpoints
strata serve: decode expert cache hit rate: 98.6% (81446 hits / 82595 lookups); 445 more read by the GPU over PCIe or from another GPU (0.5% of all 83040 routed)
strata serve: KV streaming: 98.87% of 1056780 block reads hit VRAM, 48.3 MiB read from RAM
strata serve: prompt 4210 tokens = 0 reused + 4210 read in 2997 ms (1404.5 tok/s), 128 generated in 1849 ms (69.2 tok/s), drafts accepted 81 of 112, 1 checkpoints
strata serve: decode expert cache hit rate: 99.0% (75772 hits / 76528 lookups); 272 more read by the GPU over PCIe or from another GPU (0.4% of all 76800 routed)
strata serve: KV streaming: 98.75% of 511440 block reads hit VRAM, 25.8 MiB read from RAM
strata serve: prompt 4451 tokens = 4338 reused + 113 read in 592 ms (190.9 tok/s), 118 generated in 1841 ms (64.1 tok/s), drafts accepted 69 of 105, 2 checkpoints
strata serve: decode expert cache hit rate: 99.0% (72976 hits / 73692 lookups); 228 more read by the GPU over PCIe or from another GPU (0.3% of all 73920 routed)
strata serve: KV streaming: 99.32% of 1004382 block reads hit VRAM, 27.3 MiB read from RAM
strata serve: prompt 8830 tokens = 0 reused + 8830 read in 5100 ms (1731.4 tok/s), 128 generated in 1810 ms (70.7 tok/s), drafts accepted 87 of 117, 1 checkpoints
strata serve: decode expert cache hit rate: 99.2% (76842 hits / 77496 lookups); 264 more read by the GPU over PCIe or from another GPU (0.3% of all 77760 routed)
strata serve: KV streaming: 97.83% of 517608 block reads hit VRAM, 45.3 MiB read from RAM
strata serve: prompt 9071 tokens = 8823 reused + 248 read in 792 ms (313.1 tok/s), 128 generated in 2078 ms (61.6 tok/s), drafts accepted 76 of 131, 2 checkpoints
strata serve: decode expert cache hit rate: 98.6% (86138 hits / 87395 lookups); 445 more read by the GPU over PCIe or from another GPU (0.5% of all 87840 routed)
strata serve: KV streaming: 98.90% of 1099914 block reads hit VRAM, 48.7 MiB read from RAM

=== engine-ab-stage-trim-off.log: 277 lines, 126 kept ===
[strata] 2026-10-06 22:07:08 engine started: <strata checkout>/engine/strata --serve --pack <data root>/packs/coder-iq1_m --native <data root>/models/coder-IQ1_M/Qwen3.8-Flash-Next-GSQ-RCO-IQ1_M-00001-of-00002.gguf --ple-gguf <data root>/models/coder-IQ1_M/Qwen3.8-Flash-Next-GSQ-RCO-IQ1_M-00002-of-00002.gguf --expert-profile expert-profile-learned-coder.bin --expert-cache auto --prefill auto --spec 5 --spec-min-p 0.5 --mtp <data root>/mtp/rt --max-context 262144 --kv int8 --kv-resident 32768 --vram-reserve-mib 3072 --vram-reserve-later-mib 800 --pipeline-windows 2 --vision --layer-split 27 --expert-profile-save expert-profile-learned-coder.bin
strata generate: layer split: every stage keeps its own prompt buffers (~1904 MiB each, 2048-token chunks) (STRATA_SPLIT_OWN=1)
strata generate: layer split across 2 GPUs: CUDA0, then CUDA1 (split 27)
strata generate: PCIe probe: 28.2 GB/s host->device (best of 28.2 28.2 28.2 28.2) -> pcie_frac 0.55 (default 0.55)
strata generate: layer split: CUDA0 loads the dense weights of layers 0-26 only
strata generate: layer split: CUDA1 loads the dense weights of layers 27-47 only
strata generate: layer split: CUDA1 PCIe probe 3.1 GB/s (best of 3.1 3.1 3.1 3.1) -> pcie_frac 0.08
strata generate: layer split: CUDA1 holds its weights; 14.19 GiB free (its session follows the split search)
strata generate: KV streaming: 32768 of 262144 cells per QSA layer in VRAM, the K/V in 1.55 GiB of pinned RAM
strata generate: layer split: CUDA1 holds its weights, session [27, 48) and the head; 13.20 GiB free
strata mtp: draft layer loaded, 837 MiB of VRAM (experts 675, dense 111), files read in 0.78 s (1009 MiB/s)
strata generate: GPU 0: AMD Radeon RX 7900 GRE (gfx1100)
strata generate: --pipeline-windows 2: 290 MiB of CUDA0 kept out of the expert cache (the second verifier, the GDN snapshots)
strata generate: expert cache auto: 13.23 GiB free, 3072 MiB reserved (+0 MiB for the draft head) -> 3414 slots
strata generate: expert cache 4673 slots, 8.46 GiB of VRAM; policy is
strata generate: layer split, CUDA1: 12.38 GiB free of 15.98, room for experts 9.62 GiB
strata generate: layer split: CUDA1 runs layers 27-47, expert cache 4765 slots (9.62 GiB), 4765 of its 5376 profiled pairs; slot 0 verified
strata generate: layer split: CUDA0 runs layers 0-26
strata generate: R4 hit path ON - resident experts are computed on the GPU
strata generate: session is up (engine 0.1.40)
strata generate: token graph hit path: 9438 resident experts, decided on the device
strata serve: layer split: 77% of the experts resident, the prompt path's streamed ring 96 slots
strata serve: layer split: layers 0-26 (CUDA0), 27-47 (CUDA1), one hand-off per window
strata mtp: draft head over 40525 tokens (81.2 MiB)
strata serve: --pipeline-windows 2: two verifiers per stage, the stages overlap across windows (decode too; the GDN snapshots beside the window)
[strata] 2026-10-06 22:12:13 engine started: <strata checkout>/engine/strata --serve --pack <data root>/packs/coder-iq1_m --native <data root>/models/coder-IQ1_M/Qwen3.8-Flash-Next-GSQ-RCO-IQ1_M-00001-of-00002.gguf --ple-gguf <data root>/models/coder-IQ1_M/Qwen3.8-Flash-Next-GSQ-RCO-IQ1_M-00002-of-00002.gguf --expert-profile expert-profile-learned-coder.bin --expert-cache auto --prefill auto --spec 5 --spec-min-p 0.5 --mtp <data root>/mtp/rt --max-context 262144 --kv int8 --kv-resident 32768 --vram-reserve-mib 3072 --vram-reserve-later-mib 800 --pipeline-windows 2 --vision --layer-split 27 --expert-profile-save expert-profile-learned-coder.bin
strata generate: layer split: every stage keeps its own prompt buffers (~1904 MiB each, 2048-token chunks) (STRATA_SPLIT_OWN=1)
strata generate: layer split across 2 GPUs: CUDA0, then CUDA1 (split 27)
strata generate: PCIe probe: 28.2 GB/s host->device (best of 28.2 28.2 28.2 28.2) -> pcie_frac 0.55 (default 0.55)
strata generate: layer split: CUDA0 loads the dense weights of layers 0-26 only
strata generate: layer split: CUDA1 loads the dense weights of layers 27-47 only
strata generate: layer split: CUDA1 PCIe probe 3.1 GB/s (best of 3.1 3.1 3.1 3.1) -> pcie_frac 0.08
strata generate: layer split: CUDA1 holds its weights; 14.19 GiB free (its session follows the split search)
strata generate: KV streaming: 32768 of 262144 cells per QSA layer in VRAM, the K/V in 1.55 GiB of pinned RAM
strata generate: layer split: CUDA1 holds its weights, session [27, 48) and the head; 13.20 GiB free
strata mtp: draft layer loaded, 837 MiB of VRAM (experts 675, dense 111), files read in 0.79 s (998 MiB/s)
strata generate: GPU 0: AMD Radeon RX 7900 GRE (gfx1100)
strata generate: --pipeline-windows 2: 290 MiB of CUDA0 kept out of the expert cache (the second verifier, the GDN snapshots)
strata generate: expert cache auto: 13.23 GiB free, 3072 MiB reserved (+0 MiB for the draft head) -> 3414 slots
strata generate: expert cache 4673 slots, 8.46 GiB of VRAM; policy is
strata generate: layer split, CUDA1: 12.38 GiB free of 15.98, room for experts 9.62 GiB
strata generate: layer split: CUDA1 runs layers 27-47, expert cache 4765 slots (9.62 GiB), 4765 of its 5376 profiled pairs; slot 0 verified
strata generate: layer split: CUDA0 runs layers 0-26
strata generate: R4 hit path ON - resident experts are computed on the GPU
strata generate: session is up (engine 0.1.40)
strata generate: token graph hit path: 9438 resident experts, decided on the device
strata serve: layer split: 77% of the experts resident, the prompt path's streamed ring 96 slots
strata serve: layer split: layers 0-26 (CUDA0), 27-47 (CUDA1), one hand-off per window
strata mtp: draft head over 40525 tokens (81.2 MiB)
strata serve: --pipeline-windows 2: two verifiers per stage, the stages overlap across windows (decode too; the GDN snapshots beside the window)
strata serve: prompt 15 tokens = 0 reused + 15 read in 376 ms (39.9 tok/s), 2 generated in 88 ms (22.7 tok/s), drafts accepted 4 of 4, 1 checkpoints
strata serve: decode expert cache hit rate: 81.3% (2457 hits / 3021 lookups); 379 more read by the GPU over PCIe or from another GPU (11.1% of all 3400 routed)
strata serve: KV streaming: 91.67% of 432 block reads hit VRAM, 0.1 MiB read from RAM
strata serve: prompt 4210 tokens = 0 reused + 4210 read in 3423 ms (1229.7 tok/s), 128 generated in 1892 ms (67.6 tok/s), drafts accepted 80 of 115, 1 checkpoints
strata serve: decode expert cache hit rate: 93.6% (85902 hits / 91815 lookups); 2595 more read by the GPU over PCIe or from another GPU (2.7% of all 94410 routed)
strata serve: KV streaming: 99.16% of 767160 block reads hit VRAM, 25.9 MiB read from RAM
strata serve: prompt 4451 tokens = 4337 reused + 114 read in 632 ms (180.4 tok/s), 128 generated in 1677 ms (76.3 tok/s), drafts accepted 78 of 106, 2 checkpoints
strata serve: decode expert cache hit rate: 97.7% (83565 hits / 85513 lookups); 667 more read by the GPU over PCIe or from another GPU (0.8% of all 86180 routed)
strata serve: KV streaming: 99.52% of 1420320 block reads hit VRAM, 27.6 MiB read from RAM
strata serve: prompt 8830 tokens = 0 reused + 8830 read in 5042 ms (1751.3 tok/s), 128 generated in 1682 ms (76.1 tok/s), drafts accepted 78 of 118, 1 checkpoints
strata serve: decode expert cache hit rate: 98.7% (90812 hits / 92011 lookups); 429 more read by the GPU over PCIe or from another GPU (0.5% of all 92440 routed)
strata serve: KV streaming: 98.39% of 711702 block reads hit VRAM, 46.3 MiB read from RAM
strata serve: prompt 9071 tokens = 8957 reused + 114 read in 617 ms (184.6 tok/s), 128 generated in 1863 ms (68.7 tok/s), drafts accepted 71 of 107, 2 checkpoints
strata serve: decode expert cache hit rate: 98.4% (89100 hits / 90513 lookups); 487 more read by the GPU over PCIe or from another GPU (0.5% of all 91000 routed)
strata serve: KV streaming: 99.12% of 1404924 block reads hit VRAM, 49.5 MiB read from RAM
strata serve: prompt 4210 tokens = 0 reused + 4210 read in 2965 ms (1420.1 tok/s), 128 generated in 1699 ms (75.3 tok/s), drafts accepted 79 of 115, 1 checkpoints
strata serve: decode expert cache hit rate: 99.0% (93649 hits / 94621 lookups); 369 more read by the GPU over PCIe or from another GPU (0.4% of all 94990 routed)
strata serve: KV streaming: 99.17% of 770244 block reads hit VRAM, 25.9 MiB read from RAM
strata serve: prompt 4451 tokens = 4338 reused + 113 read in 585 ms (193.3 tok/s), 128 generated in 1617 ms (79.1 tok/s), drafts accepted 78 of 101, 2 checkpoints
strata serve: decode expert cache hit rate: 99.1% (82492 hits / 83201 lookups); 219 more read by the GPU over PCIe or from another GPU (0.3% of all 83420 routed)
strata serve: KV streaming: 99.52% of 1417260 block reads hit VRAM, 27.5 MiB read from RAM
strata serve: prompt 8830 tokens = 0 reused + 8830 read in 5058 ms (1745.7 tok/s), 128 generated in 1512 ms (84.7 tok/s), drafts accepted 81 of 94, 1 checkpoints
strata serve: decode expert cache hit rate: 99.2% (76215 hits / 76827 lookups); 193 more read by the GPU over PCIe or from another GPU (0.3% of all 77020 routed)
strata serve: KV streaming: 98.15% of 603894 block reads hit VRAM, 45.0 MiB read from RAM
strata serve: prompt 9071 tokens = 8957 reused + 114 read in 608 ms (187.6 tok/s), 128 generated in 1810 ms (70.7 tok/s), drafts accepted 76 of 121, 2 checkpoints
strata serve: decode expert cache hit rate: 99.0% (94325 hits / 95258 lookups); 302 more read by the GPU over PCIe or from another GPU (0.3% of all 95560 routed)
strata serve: KV streaming: 99.10% of 1346424 block reads hit VRAM, 48.7 MiB read from RAM
[strata] 2026-10-06 22:13:19 engine started: <strata checkout>/engine/strata --serve --pack <data root>/packs/coder-iq1_m --native <data root>/models/coder-IQ1_M/Qwen3.8-Flash-Next-GSQ-RCO-IQ1_M-00001-of-00002.gguf --ple-gguf <data root>/models/coder-IQ1_M/Qwen3.8-Flash-Next-GSQ-RCO-IQ1_M-00002-of-00002.gguf --expert-profile expert-profile-learned-coder.bin --expert-cache auto --prefill auto --spec 5 --spec-min-p 0.5 --mtp <data root>/mtp/rt --max-context 262144 --kv int8 --kv-resident 32768 --vram-reserve-mib 3072 --vram-reserve-later-mib 800 --pipeline-windows 2 --vision --layer-split 27 --expert-profile-save expert-profile-learned-coder.bin
strata generate: layer split: every stage keeps its own prompt buffers (~1904 MiB each, 2048-token chunks) (STRATA_SPLIT_OWN=1)
strata generate: layer split across 2 GPUs: CUDA0, then CUDA1 (split 27)
strata generate: PCIe probe: 28.2 GB/s host->device (best of 28.2 28.2 28.2 28.2) -> pcie_frac 0.55 (default 0.55)
strata generate: layer split: CUDA1 PCIe probe 3.1 GB/s (best of 3.1 3.1 3.1 3.1) -> pcie_frac 0.08
strata generate: layer split: CUDA1 holds its weights; 12.24 GiB free (its session follows the split search)
strata generate: KV streaming: 32768 of 262144 cells per QSA layer in VRAM, the K/V in 1.55 GiB of pinned RAM
strata generate: layer split: CUDA1 holds its weights, session [27, 48) and the head; 11.25 GiB free
strata mtp: draft layer loaded, 837 MiB of VRAM (experts 675, dense 111), files read in 0.74 s (1057 MiB/s)
strata generate: GPU 0: AMD Radeon RX 7900 GRE (gfx1100)
strata generate: --pipeline-windows 2: 290 MiB of CUDA0 kept out of the expert cache (the second verifier, the GDN snapshots)
strata generate: expert cache auto: 11.70 GiB free, 3072 MiB reserved (+0 MiB for the draft head) -> 2795 slots
strata generate: expert cache 3832 slots, 6.93 GiB of VRAM; policy is
strata generate: layer split, CUDA1: 10.43 GiB free of 15.98, room for experts 7.67 GiB
strata generate: layer split: CUDA1 runs layers 27-47, expert cache 3792 slots (7.67 GiB), 3792 of its 5376 profiled pairs; slot 0 verified
strata generate: layer split: CUDA0 runs layers 0-26
strata generate: R4 hit path ON - resident experts are computed on the GPU
strata generate: session is up (engine 0.1.40)
strata generate: token graph hit path: 7624 resident experts, decided on the device
strata serve: layer split: layers 0-26 (CUDA0), 27-47 (CUDA1), one hand-off per window
strata mtp: draft head over 40525 tokens (81.2 MiB)
strata serve: --pipeline-windows 2: two verifiers per stage, the stages overlap across windows (decode too; the GDN snapshots beside the window)
strata serve: prompt 15 tokens = 0 reused + 15 read in 414 ms (36.2 tok/s), 2 generated in 101 ms (19.8 tok/s), drafts accepted 4 of 4, 1 checkpoints
strata serve: decode expert cache hit rate: 69.1% (1979 hits / 2863 lookups); 477 more read by the GPU over PCIe or from another GPU (14.3% of all 3340 routed)
strata serve: KV streaming: 91.67% of 432 block reads hit VRAM, 0.1 MiB read from RAM
strata serve: prompt 4210 tokens = 0 reused + 4210 read in 4767 ms (883.2 tok/s), 128 generated in 2218 ms (57.7 tok/s), drafts accepted 71 of 113, 1 checkpoints
strata serve: decode expert cache hit rate: 87.9% (79273 hits / 90196 lookups); 4214 more read by the GPU over PCIe or from another GPU (4.5% of all 94410 routed)
strata serve: KV streaming: 99.14% of 748692 block reads hit VRAM, 25.9 MiB read from RAM
strata serve: prompt 4451 tokens = 4337 reused + 114 read in 862 ms (132.3 tok/s), 128 generated in 1669 ms (76.7 tok/s), drafts accepted 82 of 116, 2 checkpoints
strata serve: decode expert cache hit rate: 95.4% (85994 hits / 90116 lookups); 1604 more read by the GPU over PCIe or from another GPU (1.7% of all 91720 routed)
strata serve: KV streaming: 99.53% of 1460406 block reads hit VRAM, 27.5 MiB read from RAM
strata serve: prompt 8830 tokens = 0 reused + 8830 read in 7303 ms (1209.0 tok/s), 128 generated in 1852 ms (69.1 tok/s), drafts accepted 78 of 130, 1 checkpoints
strata serve: decode expert cache hit rate: 96.6% (94191 hits / 97510 lookups); 1560 more read by the GPU over PCIe or from another GPU (1.6% of all 99070 routed)
strata serve: KV streaming: 98.52% of 776406 block reads hit VRAM, 46.4 MiB read from RAM
strata serve: prompt 9071 tokens = 8957 reused + 114 read in 813 ms (140.3 tok/s), 128 generated in 1800 ms (71.1 tok/s), drafts accepted 80 of 121, 2 checkpoints
strata serve: decode expert cache hit rate: 97.6% (90555 hits / 92825 lookups); 975 more read by the GPU over PCIe or from another GPU (1.0% of all 93800 routed)
strata serve: KV streaming: 99.19% of 1521996 block reads hit VRAM, 49.4 MiB read from RAM
strata serve: prompt 4210 tokens = 0 reused + 4210 read in 4219 ms (997.8 tok/s), 128 generated in 1935 ms (66.1 tok/s), drafts accepted 72 of 113, 1 checkpoints
strata serve: decode expert cache hit rate: 97.2% (90035 hits / 92625 lookups); 1235 more read by the GPU over PCIe or from another GPU (1.3% of all 93860 routed)
strata serve: KV streaming: 99.13% of 736356 block reads hit VRAM, 25.9 MiB read from RAM
strata serve: prompt 4451 tokens = 4203 reused + 248 read in 1006 ms (246.4 tok/s), 128 generated in 1967 ms (65.1 tok/s), drafts accepted 77 of 117, 2 checkpoints
strata serve: decode expert cache hit rate: 96.7% (93681 hits / 96836 lookups); 1364 more read by the GPU over PCIe or from another GPU (1.4% of all 98200 routed)
strata serve: KV streaming: 99.55% of 1503528 block reads hit VRAM, 27.5 MiB read from RAM
strata serve: prompt 8830 tokens = 0 reused + 8830 read in 7276 ms (1213.6 tok/s), 128 generated in 1659 ms (77.1 tok/s), drafts accepted 83 of 117, 1 checkpoints
strata serve: decode expert cache hit rate: 97.1% (85204 hits / 87711 lookups); 1259 more read by the GPU over PCIe or from another GPU (1.4% of all 88970 routed)
strata serve: KV streaming: 98.33% of 674736 block reads hit VRAM, 45.5 MiB read from RAM
strata serve: prompt 9071 tokens = 8823 reused + 248 read in 975 ms (254.3 tok/s), 128 generated in 1811 ms (70.7 tok/s), drafts accepted 75 of 112, 2 checkpoints
strata serve: decode expert cache hit rate: 96.9% (84874 hits / 87584 lookups); 1276 more read by the GPU over PCIe or from another GPU (1.4% of all 88860 routed)
strata serve: KV streaming: 99.10% of 1349478 block reads hit VRAM, 49.0 MiB read from RAM

=== engine-ab-resident.log: 311 lines, 140 kept ===
[strata] 2026-10-06 22:14:29 engine started: <strata checkout>/engine/strata --serve --pack <data root>/packs/coder-iq1_m --native <data root>/models/coder-IQ1_M/Qwen3.8-Flash-Next-GSQ-RCO-IQ1_M-00001-of-00002.gguf --ple-gguf <data root>/models/coder-IQ1_M/Qwen3.8-Flash-Next-GSQ-RCO-IQ1_M-00002-of-00002.gguf --expert-profile expert-profile-learned-coder.bin --expert-cache auto --prefill auto --spec 5 --spec-min-p 0.5 --mtp <data root>/mtp/rt --max-context 262144 --kv int8 --kv-resident 32768 --vram-reserve-mib 3072 --vram-reserve-later-mib 800 --pipeline-windows 2 --vision --layer-split 27 --expert-profile-save expert-profile-learned-coder.bin
strata generate: layer split: every stage keeps its own prompt buffers (~1904 MiB each, 2048-token chunks) (STRATA_SPLIT_OWN=1)
strata generate: layer split across 2 GPUs: CUDA0, then CUDA1 (split 27)
strata generate: PCIe probe: 28.2 GB/s host->device (best of 28.2 28.2 28.2 28.2) -> pcie_frac 0.55 (default 0.55)
strata generate: layer split: CUDA0 loads the dense weights of layers 0-26 only
strata generate: layer split: CUDA1 loads the dense weights of layers 27-47 only
strata generate: layer split: CUDA1 PCIe probe 3.1 GB/s (best of 3.1 3.1 3.1 3.1) -> pcie_frac 0.08
strata generate: layer split: CUDA1 holds its weights; 14.19 GiB free (its session follows the split search)
strata generate: KV streaming: 32768 of 262144 cells per QSA layer in VRAM, the K/V in 1.55 GiB of pinned RAM
strata generate: layer split: CUDA1 holds its weights, session [27, 48) and the head; 13.20 GiB free
strata mtp: draft layer loaded, 837 MiB of VRAM (experts 675, dense 111), files read in 0.78 s (1012 MiB/s)
strata generate: GPU 0: AMD Radeon RX 7900 GRE (gfx1100)
strata generate: --pipeline-windows 2: 290 MiB of CUDA0 kept out of the expert cache (the second verifier, the GDN snapshots)
strata generate: expert cache auto: 13.23 GiB free, 3072 MiB reserved (+0 MiB for the draft head) -> 3414 slots
strata generate: expert cache 4673 slots, 8.46 GiB of VRAM; policy is
strata generate: layer split, CUDA1: 12.38 GiB free of 15.98, room for experts 9.62 GiB
strata generate: layer split: CUDA1 runs layers 27-47, expert cache 4765 slots (9.62 GiB), 4765 of its 5376 profiled pairs; slot 0 verified
strata generate: layer split: CUDA0 runs layers 0-26
strata generate: R4 hit path ON - resident experts are computed on the GPU
strata generate: session is up (engine 0.1.40)
strata generate: token graph hit path: 9438 resident experts, decided on the device
strata serve: layer split: 77% of the experts resident, the prompt path's streamed ring 96 slots
strata serve: layer split: layers 0-26 (CUDA0), 27-47 (CUDA1), one hand-off per window
strata mtp: draft head over 40525 tokens (81.2 MiB)
strata serve: --pipeline-windows 2: two verifiers per stage, the stages overlap across windows (decode too; the GDN snapshots beside the window)
[strata] 2026-10-06 22:19:34 engine started: <strata checkout>/engine/strata --serve --pack <data root>/packs/coder-iq1_m --native <data root>/models/coder-IQ1_M/Qwen3.8-Flash-Next-GSQ-RCO-IQ1_M-00001-of-00002.gguf --ple-gguf <data root>/models/coder-IQ1_M/Qwen3.8-Flash-Next-GSQ-RCO-IQ1_M-00002-of-00002.gguf --expert-profile expert-profile-learned-coder.bin --expert-cache auto --prefill auto --spec 5 --spec-min-p 0.5 --mtp <data root>/mtp/rt --max-context 262144 --kv int8 --kv-resident 32768 --vram-reserve-mib 3072 --vram-reserve-later-mib 800 --pipeline-windows 2 --vision --layer-split 27 --expert-profile-save expert-profile-learned-coder.bin
strata generate: layer split: every stage keeps its own prompt buffers (~1904 MiB each, 2048-token chunks) (STRATA_SPLIT_OWN=1)
strata generate: layer split across 2 GPUs: CUDA0, then CUDA1 (split 27)
strata generate: PCIe probe: 28.2 GB/s host->device (best of 27.9 27.1 25.7 28.2) -> pcie_frac 0.55 (default 0.55)
strata generate: layer split: CUDA0 loads the dense weights of layers 0-26 only
strata generate: layer split: CUDA1 loads the dense weights of layers 27-47 only
strata generate: layer split: CUDA1 PCIe probe 3.1 GB/s (best of 3.1 3.1 3.1 3.1) -> pcie_frac 0.08
strata generate: layer split: CUDA1 holds its weights; 14.19 GiB free (its session follows the split search)
strata generate: KV streaming: 32768 of 262144 cells per QSA layer in VRAM, the K/V in 1.55 GiB of pinned RAM
strata generate: layer split: CUDA1 holds its weights, session [27, 48) and the head; 13.20 GiB free
strata mtp: draft layer loaded, 837 MiB of VRAM (experts 675, dense 111), files read in 0.80 s (986 MiB/s)
strata generate: GPU 0: AMD Radeon RX 7900 GRE (gfx1100)
strata generate: --pipeline-windows 2: 290 MiB of CUDA0 kept out of the expert cache (the second verifier, the GDN snapshots)
strata generate: expert cache auto: 13.21 GiB free, 3072 MiB reserved (+0 MiB for the draft head) -> 3405 slots
strata generate: expert cache 4661 slots, 8.44 GiB of VRAM; policy is
strata generate: layer split, CUDA1: 12.38 GiB free of 15.98, room for experts 9.62 GiB
strata generate: layer split: CUDA1 runs layers 27-47, expert cache 4765 slots (9.62 GiB), 4765 of its 5376 profiled pairs; slot 0 verified
strata generate: layer split: CUDA0 runs layers 0-26
strata generate: R4 hit path ON - resident experts are computed on the GPU
strata generate: session is up (engine 0.1.40)
strata generate: token graph hit path: 9426 resident experts, decided on the device
strata serve: layer split: 77% of the experts resident, the prompt path's streamed ring 96 slots
strata serve: layer split: layers 0-26 (CUDA0), 27-47 (CUDA1), one hand-off per window
strata mtp: draft head over 40525 tokens (81.2 MiB)
strata serve: --pipeline-windows 2: two verifiers per stage, the stages overlap across windows (decode too; the GDN snapshots beside the window)
strata serve: prompt 15 tokens = 0 reused + 15 read in 389 ms (38.6 tok/s), 2 generated in 90 ms (22.2 tok/s), drafts accepted 4 of 4, 1 checkpoints
strata serve: decode expert cache hit rate: 81.4% (2452 hits / 3014 lookups); 386 more read by the GPU over PCIe or from another GPU (11.4% of all 3400 routed)
strata serve: KV streaming: 91.67% of 432 block reads hit VRAM, 0.1 MiB read from RAM
strata serve: prompt 4210 tokens = 0 reused + 4210 read in 3408 ms (1235.2 tok/s), 128 generated in 2002 ms (63.9 tok/s), drafts accepted 78 of 115, 1 checkpoints
strata serve: decode expert cache hit rate: 93.8% (85520 hits / 91130 lookups); 2500 more read by the GPU over PCIe or from another GPU (2.7% of all 93630 routed)
strata serve: KV streaming: 99.17% of 779496 block reads hit VRAM, 25.9 MiB read from RAM
strata serve: prompt 4451 tokens = 4203 reused + 248 read in 823 ms (301.3 tok/s), 128 generated in 2020 ms (63.4 tok/s), drafts accepted 67 of 97, 2 checkpoints
strata serve: decode expert cache hit rate: 97.5% (88390 hits / 90641 lookups); 729 more read by the GPU over PCIe or from another GPU (0.8% of all 91370 routed)
strata serve: KV streaming: 99.55% of 1522038 block reads hit VRAM, 27.5 MiB read from RAM
strata serve: prompt 8830 tokens = 0 reused + 8830 read in 5086 ms (1736.0 tok/s), 128 generated in 1713 ms (74.7 tok/s), drafts accepted 81 of 121, 1 checkpoints
strata serve: decode expert cache hit rate: 98.4% (89590 hits / 91029 lookups); 571 more read by the GPU over PCIe or from another GPU (0.6% of all 91600 routed)
strata serve: KV streaming: 98.37% of 708618 block reads hit VRAM, 46.5 MiB read from RAM
strata serve: prompt 9071 tokens = 8958 reused + 113 read in 624 ms (181.1 tok/s), 128 generated in 2018 ms (63.4 tok/s), drafts accepted 67 of 97, 2 checkpoints
strata serve: decode expert cache hit rate: 98.8% (88922 hits / 89969 lookups); 281 more read by the GPU over PCIe or from another GPU (0.3% of all 90250 routed)
strata serve: KV streaming: 99.14% of 1432668 block reads hit VRAM, 49.9 MiB read from RAM
strata serve: prompt 4210 tokens = 0 reused + 4210 read in 3007 ms (1400.2 tok/s), 128 generated in 1844 ms (69.4 tok/s), drafts accepted 77 of 126, 1 checkpoints
strata serve: decode expert cache hit rate: 99.0% (97925 hits / 98921 lookups); 369 more read by the GPU over PCIe or from another GPU (0.4% of all 99290 routed)
strata serve: KV streaming: 99.15% of 754842 block reads hit VRAM, 25.8 MiB read from RAM
strata serve: prompt 4451 tokens = 4338 reused + 113 read in 598 ms (189.0 tok/s), 128 generated in 2086 ms (61.3 tok/s), drafts accepted 68 of 117, 2 checkpoints
strata serve: decode expert cache hit rate: 99.2% (101868 hits / 102651 lookups); 249 more read by the GPU over PCIe or from another GPU (0.2% of all 102900 routed)
strata serve: KV streaming: 99.56% of 1565148 block reads hit VRAM, 27.5 MiB read from RAM
strata serve: prompt 8830 tokens = 0 reused + 8830 read in 5143 ms (1716.8 tok/s), 76 generated in 968 ms (78.5 tok/s), drafts accepted 47 of 61, 1 checkpoints
strata serve: decode expert cache hit rate: 99.1% (49989 hits / 50446 lookups); 174 more read by the GPU over PCIe or from another GPU (0.3% of all 50620 routed)
strata serve: KV streaming: 97.38% of 406698 block reads hit VRAM, 42.9 MiB read from RAM
strata serve: prompt 9018 tokens = 8905 reused + 113 read in 614 ms (184.2 tok/s), 128 generated in 1826 ms (70.1 tok/s), drafts accepted 77 of 121, 2 checkpoints
strata serve: decode expert cache hit rate: 99.0% (94899 hits / 95892 lookups); 368 more read by the GPU over PCIe or from another GPU (0.4% of all 96260 routed)
strata serve: KV streaming: 98.96% of 1149210 block reads hit VRAM, 48.3 MiB read from RAM
[strata] 2026-10-06 22:20:41 engine started: <strata checkout>/engine/strata --serve --pack <data root>/packs/coder-iq1_m --native <data root>/models/coder-IQ1_M/Qwen3.8-Flash-Next-GSQ-RCO-IQ1_M-00001-of-00002.gguf --ple-gguf <data root>/models/coder-IQ1_M/Qwen3.8-Flash-Next-GSQ-RCO-IQ1_M-00002-of-00002.gguf --expert-profile expert-profile-learned-coder.bin --expert-cache auto --prefill auto --spec 5 --spec-min-p 0.5 --mtp <data root>/mtp/rt --max-context 262144 --kv int8 --kv-resident 32768 --vram-reserve-mib 3072 --vram-reserve-later-mib 800 --pipeline-windows 2 --vision --resident-budget-gib 30 --layer-split 27 --expert-profile-save expert-profile-learned-coder.bin
strata generate: layer split: every stage keeps its own prompt buffers (~1904 MiB each, 2048-token chunks) (STRATA_SPLIT_OWN=1)
strata generate: layer split across 2 GPUs: CUDA0, then CUDA1 (split 27)
strata generate: PCIe probe: 28.2 GB/s host->device (best of 27.7 28.2 28.2 24.5) -> pcie_frac 0.55 (default 0.55)
strata generate: layer split: CUDA0 loads the dense weights of layers 0-26 only
strata generate: layer split: CUDA1 loads the dense weights of layers 27-47 only
strata generate: layer split: CUDA1 PCIe probe 3.1 GB/s (best of 3.1 3.1 3.1 3.1) -> pcie_frac 0.08
strata generate: layer split: CUDA1 holds its weights; 14.19 GiB free (its session follows the split search)
strata generate: KV streaming: 32768 of 262144 cells per QSA layer in VRAM, the K/V in 1.55 GiB of pinned RAM
strata generate: layer split: CUDA1 holds its weights, session [27, 48) and the head; 13.20 GiB free
strata mtp: draft layer loaded, 837 MiB of VRAM (experts 675, dense 111), files read in 0.78 s (1012 MiB/s)
strata generate: GPU 0: AMD Radeon RX 7900 GRE (gfx1100)
strata generate: --pipeline-windows 2: 290 MiB of CUDA0 kept out of the expert cache (the second verifier, the GDN snapshots)
strata generate: expert cache auto: 13.19 GiB free, 3072 MiB reserved (+0 MiB for the draft head) -> 3395 slots
strata generate: expert cache 4648 slots, 8.42 GiB of VRAM; policy is
strata generate: layer split, CUDA1: 12.38 GiB free of 15.98, room for experts 9.62 GiB
strata generate: layer split: CUDA1 runs layers 27-47, expert cache 4765 slots (9.62 GiB), 4765 of its 5376 profiled pairs; slot 0 verified
strata generate: layer split: CUDA0 runs layers 0-26
strata generate: R4 hit path ON - resident experts are computed on the GPU
strata generate: session is up (engine 0.1.40)
strata generate: token graph hit path: 9413 resident experts, decided on the device
FileExpertSource: mapped pinned cache complement ready: resident 5.38 GiB, pinned 5.38 GiB in 3 s; page-locked and mapped
strata generate: resident RAM mode: 5.38 GiB of experts in RAM (page-locked), 4648 in the GPU cache; adaptive swaps exchange them with the GPU cache (no file reads)
strata serve: layer split: 77% of the experts resident, the prompt path's streamed ring 96 slots
strata serve: layer split: layers 0-26 (CUDA0), 27-47 (CUDA1), one hand-off per window
strata mtp: draft head over 40525 tokens (81.2 MiB)
strata serve: --pipeline-windows 2: two verifiers per stage, the stages overlap across windows (decode too; the GDN snapshots beside the window)
strata serve: prompt 15 tokens = 0 reused + 15 read in 376 ms (39.9 tok/s), 2 generated in 89 ms (22.4 tok/s), drafts accepted 4 of 4, 1 checkpoints
strata serve: decode expert cache hit rate: 81.3% (2437 hits / 2998 lookups); 382 more read by the GPU over PCIe or from another GPU (11.3% of all 3380 routed)
strata serve: resident RAM: 5.38 GiB of experts in RAM, 0 exchanged with the VRAM tier, 0 blob reads from the file
strata serve: KV streaming: 91.67% of 432 block reads hit VRAM, 0.1 MiB read from RAM
strata serve: prompt 4210 tokens = 0 reused + 4210 read in 3205 ms (1313.5 tok/s), 128 generated in 2208 ms (58.0 tok/s), drafts accepted 75 of 105, 1 checkpoints
strata serve: decode expert cache hit rate: 92.8% (78554 hits / 84670 lookups); 2660 more read by the GPU over PCIe or from another GPU (3.0% of all 87330 routed)
strata serve: resident RAM: 5.38 GiB of experts in RAM, 1147 exchanged with the VRAM tier, 0 blob reads from the file
strata serve: KV streaming: 99.04% of 671664 block reads hit VRAM, 25.8 MiB read from RAM
strata serve: prompt 4451 tokens = 4337 reused + 114 read in 635 ms (179.6 tok/s), 128 generated in 2008 ms (63.7 tok/s), drafts accepted 70 of 104, 2 checkpoints
strata serve: decode expert cache hit rate: 98.0% (88570 hits / 90385 lookups); 605 more read by the GPU over PCIe or from another GPU (0.7% of all 90990 routed)
strata serve: resident RAM: 5.38 GiB of experts in RAM, 1655 exchanged with the VRAM tier, 0 blob reads from the file
strata serve: KV streaming: 99.51% of 1374132 block reads hit VRAM, 27.4 MiB read from RAM
strata serve: prompt 8830 tokens = 0 reused + 8830 read in 5137 ms (1718.9 tok/s), 128 generated in 1888 ms (67.8 tok/s), drafts accepted 79 of 107, 1 checkpoints
strata serve: decode expert cache hit rate: 98.8% (89140 hits / 90252 lookups); 368 more read by the GPU over PCIe or from another GPU (0.4% of all 90620 routed)
strata serve: resident RAM: 5.38 GiB of experts in RAM, 1952 exchanged with the VRAM tier, 0 blob reads from the file
strata serve: KV streaming: 98.49% of 745584 block reads hit VRAM, 45.3 MiB read from RAM
strata serve: prompt 9071 tokens = 8823 reused + 248 read in 823 ms (301.4 tok/s), 128 generated in 1921 ms (66.6 tok/s), drafts accepted 76 of 125, 2 checkpoints
strata serve: decode expert cache hit rate: 98.5% (93952 hits / 95420 lookups); 490 more read by the GPU over PCIe or from another GPU (0.5% of all 95910 routed)
strata serve: resident RAM: 5.38 GiB of experts in RAM, 2252 exchanged with the VRAM tier, 0 blob reads from the file
strata serve: KV streaming: 99.17% of 1457304 block reads hit VRAM, 48.8 MiB read from RAM
strata serve: prompt 4210 tokens = 0 reused + 4210 read in 3036 ms (1386.9 tok/s), 128 generated in 1775 ms (72.1 tok/s), drafts accepted 79 of 103, 1 checkpoints
strata serve: decode expert cache hit rate: 99.0% (85711 hits / 86550 lookups); 270 more read by the GPU over PCIe or from another GPU (0.3% of all 86820 routed)
strata serve: resident RAM: 5.38 GiB of experts in RAM, 2506 exchanged with the VRAM tier, 0 blob reads from the file
strata serve: KV streaming: 99.07% of 690144 block reads hit VRAM, 25.9 MiB read from RAM
strata serve: prompt 4451 tokens = 4203 reused + 248 read in 794 ms (312.5 tok/s), 128 generated in 2115 ms (60.5 tok/s), drafts accepted 69 of 116, 2 checkpoints
strata serve: decode expert cache hit rate: 98.5% (99825 hits / 101318 lookups); 512 more read by the GPU over PCIe or from another GPU (0.5% of all 101830 routed)
strata serve: resident RAM: 5.38 GiB of experts in RAM, 2886 exchanged with the VRAM tier, 0 blob reads from the file
strata serve: KV streaming: 99.54% of 1488102 block reads hit VRAM, 27.5 MiB read from RAM
strata serve: prompt 8830 tokens = 0 reused + 8830 read in 5155 ms (1713.0 tok/s), 128 generated in 1820 ms (70.3 tok/s), drafts accepted 76 of 109, 1 checkpoints
strata serve: decode expert cache hit rate: 98.7% (86829 hits / 87948 lookups); 452 more read by the GPU over PCIe or from another GPU (0.5% of all 88400 routed)
strata serve: resident RAM: 5.38 GiB of experts in RAM, 3230 exchanged with the VRAM tier, 0 blob reads from the file
strata serve: KV streaming: 98.34% of 687066 block reads hit VRAM, 45.9 MiB read from RAM
strata serve: prompt 9071 tokens = 8958 reused + 113 read in 606 ms (186.5 tok/s), 128 generated in 1954 ms (65.5 tok/s), drafts accepted 73 of 114, 2 checkpoints
strata serve: decode expert cache hit rate: 99.1% (92256 hits / 93125 lookups); 325 more read by the GPU over PCIe or from another GPU (0.3% of all 93450 routed)
strata serve: resident RAM: 5.38 GiB of experts in RAM, 3451 exchanged with the VRAM tier, 0 blob reads from the file
strata serve: KV streaming: 99.14% of 1417254 block reads hit VRAM, 49.1 MiB read from RAM

=== soak-engine.log: 1352 lines, 983 kept ===
[strata] 2026-10-06 22:21:45 engine started: <strata checkout>/engine/strata --serve --pack <data root>/packs/coder-iq1_m --native <data root>/models/coder-IQ1_M/Qwen3.8-Flash-Next-GSQ-RCO-IQ1_M-00001-of-00002.gguf --ple-gguf <data root>/models/coder-IQ1_M/Qwen3.8-Flash-Next-GSQ-RCO-IQ1_M-00002-of-00002.gguf --expert-profile expert-profile-learned-coder.bin --expert-cache auto --prefill auto --spec 5 --spec-min-p 0.5 --mtp <data root>/mtp/rt --max-context 262144 --kv int8 --kv-resident 32768 --vram-reserve-mib 3072 --vram-reserve-later-mib 800 --pipeline-windows 2 --vision --resident-budget-gib 30 --layer-split 27 --expert-profile-save expert-profile-learned-coder.bin
strata generate: layer split: every stage keeps its own prompt buffers (~1904 MiB each, 2048-token chunks) (STRATA_SPLIT_OWN=1)
strata generate: layer split across 2 GPUs: CUDA0, then CUDA1 (split 27)
strata generate: PCIe probe: 28.2 GB/s host->device (best of 28.2 28.0 28.2 28.2) -> pcie_frac 0.55 (default 0.55)
strata generate: layer split: CUDA0 loads the dense weights of layers 0-26 only
strata generate: layer split: CUDA1 loads the dense weights of layers 27-47 only
strata generate: layer split: CUDA1 PCIe probe 3.1 GB/s (best of 3.1 3.1 3.1 3.1) -> pcie_frac 0.08
strata generate: layer split: CUDA1 holds its weights; 14.19 GiB free (its session follows the split search)
strata generate: KV streaming: 32768 of 262144 cells per QSA layer in VRAM, the K/V in 1.55 GiB of pinned RAM
strata generate: layer split: CUDA1 holds its weights, session [27, 48) and the head; 13.20 GiB free
strata mtp: draft layer loaded, 837 MiB of VRAM (experts 675, dense 111), files read in 0.62 s (1266 MiB/s)
strata generate: GPU 0: AMD Radeon RX 7900 GRE (gfx1100)
strata generate: --pipeline-windows 2: 290 MiB of CUDA0 kept out of the expert cache (the second verifier, the GDN snapshots)
strata generate: expert cache auto: 13.19 GiB free, 3072 MiB reserved (+0 MiB for the draft head) -> 3395 slots
strata generate: expert cache 4648 slots, 8.42 GiB of VRAM; policy is
strata generate: layer split, CUDA1: 12.38 GiB free of 15.98, room for experts 9.62 GiB
strata generate: layer split: CUDA1 runs layers 27-47, expert cache 4765 slots (9.62 GiB), 4765 of its 5376 profiled pairs; slot 0 verified
strata generate: layer split: CUDA0 runs layers 0-26
strata generate: R4 hit path ON - resident experts are computed on the GPU
strata generate: session is up (engine 0.1.40)
strata generate: token graph hit path: 9413 resident experts, decided on the device
FileExpertSource: mapped pinned cache complement ready: resident 5.38 GiB, pinned 5.38 GiB in 4 s; page-locked and mapped
strata generate: resident RAM mode: 5.38 GiB of experts in RAM (page-locked), 4648 in the GPU cache; adaptive swaps exchange them with the GPU cache (no file reads)
strata serve: layer split: 77% of the experts resident, the prompt path's streamed ring 96 slots
strata serve: layer split: layers 0-26 (CUDA0), 27-47 (CUDA1), one hand-off per window
strata mtp: draft head over 40525 tokens (81.2 MiB)
strata serve: --pipeline-windows 2: two verifiers per stage, the stages overlap across windows (decode too; the GDN snapshots beside the window)
strata serve: prompt 75 tokens = 0 reused + 75 read in 1148 ms (65.3 tok/s), 128 generated in 2074 ms (61.7 tok/s), drafts accepted 83 of 135, 1 checkpoints
strata serve: decode expert cache hit rate: 95.9% (96555 hits / 100735 lookups); 1655 more read by the GPU over PCIe or from another GPU (1.6% of all 102390 routed)
strata serve: resident RAM: 5.38 GiB of experts in RAM, 823 exchanged with the VRAM tier, 0 blob reads from the file
strata serve: KV streaming: 99.42% of 53862 block reads hit VRAM, 1.3 MiB read from RAM
strata serve: prompt 76 tokens = 0 reused + 76 read in 565 ms (134.5 tok/s), 128 generated in 1868 ms (68.5 tok/s), drafts accepted 80 of 110, 1 checkpoints
strata serve: decode expert cache hit rate: 97.7% (88171 hits / 90207 lookups); 663 more read by the GPU over PCIe or from another GPU (0.7% of all 90870 routed)
strata serve: resident RAM: 5.38 GiB of experts in RAM, 1329 exchanged with the VRAM tier, 0 blob reads from the file
strata serve: KV streaming: 99.39% of 51540 block reads hit VRAM, 1.3 MiB read from RAM
strata serve: prompt 76 tokens = 0 reused + 76 read in 590 ms (128.7 tok/s), 128 generated in 2015 ms (63.5 tok/s), drafts accepted 81 of 135, 1 checkpoints
strata serve: decode expert cache hit rate: 96.8% (103422 hits / 106838 lookups); 1422 more read by the GPU over PCIe or from another GPU (1.3% of all 108260 routed)
strata serve: resident RAM: 5.38 GiB of experts in RAM, 2032 exchanged with the VRAM tier, 0 blob reads from the file
strata serve: KV streaming: 99.48% of 59388 block reads hit VRAM, 1.2 MiB read from RAM
strata serve: prompt 75 tokens = 0 reused + 75 read in 555 ms (135.0 tok/s), 128 generated in 1809 ms (70.8 tok/s), drafts accepted 80 of 121, 1 checkpoints
strata serve: decode expert cache hit rate: 98.0% (93954 hits / 95832 lookups); 708 more read by the GPU over PCIe or from another GPU (0.7% of all 96540 routed)
strata serve: resident RAM: 5.38 GiB of experts in RAM, 2509 exchanged with the VRAM tier, 0 blob reads from the file
strata serve: KV streaming: 99.41% of 52512 block reads hit VRAM, 1.3 MiB read from RAM
strata serve: prompt 73 tokens = 0 reused + 73 read in 579 ms (126.1 tok/s), 128 generated in 2097 ms (61.0 tok/s), drafts accepted 65 of 114, 1 checkpoints
strata serve: decode expert cache hit rate: 98.6% (95439 hits / 96800 lookups); 380 more read by the GPU over PCIe or from another GPU (0.4% of all 97180 routed)
strata serve: resident RAM: 5.38 GiB of experts in RAM, 2891 exchanged with the VRAM tier, 0 blob reads from the file
strata serve: KV streaming: 99.37% of 49776 block reads hit VRAM, 1.3 MiB read from RAM
strata serve: prompt 74 tokens = 0 reused + 74 read in 556 ms (133.2 tok/s), 128 generated in 1612 ms (79.4 tok/s), drafts accepted 85 of 108, 1 checkpoints
strata serve: decode expert cache hit rate: 98.2% (84839 hits / 86389 lookups); 591 more read by the GPU over PCIe or from another GPU (0.7% of all 86980 routed)
strata serve: resident RAM: 5.38 GiB of experts in RAM, 3238 exchanged with the VRAM tier, 0 blob reads from the file
strata serve: KV streaming: 99.34% of 47328 block reads hit VRAM, 1.3 MiB read from RAM
strata serve: prompt 77 tokens = 0 reused + 77 read in 571 ms (134.9 tok/s), 128 generated in 2040 ms (62.8 tok/s), drafts accepted 83 of 143, 1 checkpoints
strata serve: decode expert cache hit rate: 97.2% (105455 hits / 108532 lookups); 1158 more read by the GPU over PCIe or from another GPU (1.1% of all 109690 routed)
strata serve: resident RAM: 5.38 GiB of experts in RAM, 3879 exchanged with the VRAM tier, 0 blob reads from the file
strata serve: KV streaming: 99.45% of 57990 block reads hit VRAM, 1.3 MiB read from RAM
strata serve: prompt 72 tokens = 0 reused + 72 read in 560 ms (128.7 tok/s), 128 generated in 2100 ms (60.9 tok/s), drafts accepted 69 of 128, 1 checkpoints
strata serve: decode expert cache hit rate: 98.7% (103390 hits / 104763 lookups); 437 more read by the GPU over PCIe or from another GPU (0.4% of all 105200 routed)
strata serve: resident RAM: 5.38 GiB of experts in RAM, 4287 exchanged with the VRAM tier, 0 blob reads from the file
strata serve: KV streaming: 99.43% of 52932 block reads hit VRAM, 1.2 MiB read from RAM
strata serve: prompt 75 tokens = 0 reused + 75 read in 546 ms (137.4 tok/s), 128 generated in 1838 ms (69.6 tok/s), drafts accepted 78 of 134, 1 checkpoints
strata serve: decode expert cache hit rate: 98.7% (100346 hits / 101717 lookups); 523 more read by the GPU over PCIe or from another GPU (0.5% of all 102240 routed)
strata serve: resident RAM: 5.38 GiB of experts in RAM, 4608 exchanged with the VRAM tier, 0 blob reads from the file
strata serve: KV streaming: 99.39% of 52194 block reads hit VRAM, 1.3 MiB read from RAM
strata serve: prompt 74 tokens = 0 reused + 74 read in 564 ms (131.3 tok/s), 128 generated in 2117 ms (60.4 tok/s), drafts accepted 71 of 129, 1 checkpoints
strata serve: decode expert cache hit rate: 98.6% (107522 hits / 109041 lookups); 519 more read by the GPU over PCIe or from another GPU (0.5% of all 109560 routed)
strata serve: resident RAM: 5.38 GiB of experts in RAM, 5035 exchanged with the VRAM tier, 0 blob reads from the file
strata serve: KV streaming: 99.46% of 57558 block reads hit VRAM, 1.3 MiB read from RAM
strata serve: prompt 75 tokens = 0 reused + 75 read in 560 ms (133.9 tok/s), 128 generated in 2147 ms (59.6 tok/s), drafts accepted 77 of 132, 1 checkpoints
strata serve: decode expert cache hit rate: 97.3% (104647 hits / 107562 lookups); 1208 more read by the GPU over PCIe or from another GPU (1.1% of all 108770 routed)
strata serve: resident RAM: 5.38 GiB of experts in RAM, 5759 exchanged with the VRAM tier, 0 blob reads from the file
strata serve: KV streaming: 99.46% of 58728 block reads hit VRAM, 1.3 MiB read from RAM
strata serve: prompt 74 tokens = 0 reused + 74 read in 542 ms (136.6 tok/s), 128 generated in 2086 ms (61.4 tok/s), drafts accepted 73 of 132, 1 checkpoints
strata serve: decode expert cache hit rate: 98.8% (106050 hits / 107368 lookups); 402 more read by the GPU over PCIe or from another GPU (0.4% of all 107770 routed)
strata serve: resident RAM: 5.38 GiB of experts in RAM, 6105 exchanged with the VRAM tier, 0 blob reads from the file
strata serve: KV streaming: 99.47% of 59124 block reads hit VRAM, 1.3 MiB read from RAM
strata serve: prompt 76 tokens = 0 reused + 76 read in 542 ms (140.2 tok/s), 128 generated in 2084 ms (61.4 tok/s), drafts accepted 71 of 132, 1 checkpoints
strata serve: decode expert cache hit rate: 98.8% (107446 hits / 108730 lookups); 410 more read by the GPU over PCIe or from another GPU (0.4% of all 109140 routed)
strata serve: resident RAM: 5.38 GiB of experts in RAM, 6457 exchanged with the VRAM tier, 0 blob reads from the file
strata serve: KV streaming: 99.50% of 62250 block reads hit VRAM, 1.3 MiB read from RAM
strata serve: prompt 80 tokens = 0 reused + 80 read in 565 ms (141.6 tok/s), 128 generated in 2080 ms (61.5 tok/s), drafts accepted 74 of 125, 1 checkpoints
strata serve: decode expert cache hit rate: 97.9% (101705 hits / 103898 lookups); 702 more read by the GPU over PCIe or from another GPU (0.7% of all 104600 routed)
strata serve: resident RAM: 5.38 GiB of experts in RAM, 7020 exchanged with the VRAM tier, 0 blob reads from the file
strata serve: KV streaming: 99.47% of 60216 block reads hit VRAM, 1.3 MiB read from RAM
strata serve: prompt 77 tokens = 0 reused + 77 read in 547 ms (140.7 tok/s), 128 generated in 1470 ms (87.1 tok/s), drafts accepted 92 of 113, 1 checkpoints
strata serve: decode expert cache hit rate: 95.2% (74029 hits / 77794 lookups); 2096 more read by the GPU over PCIe or from another GPU (2.6% of all 79890 routed)
strata serve: resident RAM: 5.38 GiB of experts in RAM, 7677 exchanged with the VRAM tier, 0 blob reads from the file
strata serve: KV streaming: 99.25% of 41664 block reads hit VRAM, 1.3 MiB read from RAM
strata serve: prompt 77 tokens = 0 reused + 77 read in 584 ms (131.9 tok/s), 128 generated in 1913 ms (66.9 tok/s), drafts accepted 80 of 134, 1 checkpoints
strata serve: decode expert cache hit rate: 97.8% (100224 hits / 102441 lookups); 949 more read by the GPU over PCIe or from another GPU (0.9% of all 103390 routed)
strata serve: resident RAM: 5.38 GiB of experts in RAM, 8358 exchanged with the VRAM tier, 0 blob reads from the file
strata serve: KV streaming: 99.44% of 55542 block reads hit VRAM, 1.3 MiB read from RAM
strata serve: prompt 78 tokens = 0 reused + 78 read in 554 ms (140.8 tok/s), 128 generated in 1754 ms (73.0 tok/s), drafts accepted 85 of 123, 1 checkpoints
strata serve: decode expert cache hit rate: 98.6% (95944 hits / 97298 lookups); 462 more read by the GPU over PCIe or from another GPU (0.5% of all 97760 routed)
strata serve: resident RAM: 5.38 GiB of experts in RAM, 8682 exchanged with the VRAM tier, 0 blob reads from the file
strata serve: KV streaming: 99.44% of 56568 block reads hit VRAM, 1.3 MiB read from RAM
strata serve: prompt 78 tokens = 0 reused + 78 read in 558 ms (139.9 tok/s), 128 generated in 1846 ms (69.3 tok/s), drafts accepted 79 of 118, 1 checkpoints
strata serve: decode expert cache hit rate: 98.0% (93660 hits / 95601 lookups); 759 more read by the GPU over PCIe or from another GPU (0.8% of all 96360 routed)
strata serve: resident RAM: 5.38 GiB of experts in RAM, 9199 exchanged with the VRAM tier, 0 blob reads from the file
strata serve: KV streaming: 99.40% of 52998 block reads hit VRAM, 1.3 MiB read from RAM
strata serve: prompt 77 tokens = 0 reused + 77 read in 546 ms (140.9 tok/s), 128 generated in 1719 ms (74.5 tok/s), drafts accepted 82 of 126, 1 checkpoints
strata serve: decode expert cache hit rate: 98.4% (98311 hits / 99888 lookups); 552 more read by the GPU over PCIe or from another GPU (0.5% of all 100440 routed)
strata serve: resident RAM: 5.38 GiB of experts in RAM, 9538 exchanged with the VRAM tier, 0 blob reads from the file
strata serve: KV streaming: 99.42% of 53604 block reads hit VRAM, 1.3 MiB read from RAM
strata serve: prompt 75 tokens = 0 reused + 75 read in 580 ms (129.2 tok/s), 128 generated in 2214 ms (57.8 tok/s), drafts accepted 67 of 129, 1 checkpoints
strata serve: decode expert cache hit rate: 98.8% (107636 hits / 108934 lookups); 326 more read by the GPU over PCIe or from another GPU (0.3% of all 109260 routed)
strata serve: resident RAM: 5.38 GiB of experts in RAM, 9939 exchanged with the VRAM tier, 0 blob reads from the file
strata serve: KV streaming: 99.46% of 58050 block reads hit VRAM, 1.3 MiB read from RAM
strata serve: prompt 76 tokens = 0 reused + 76 read in 558 ms (136.2 tok/s), 128 generated in 1622 ms (78.9 tok/s), drafts accepted 82 of 114, 1 checkpoints
strata serve: decode expert cache hit rate: 97.9% (85943 hits / 87785 lookups); 755 more read by the GPU over PCIe or from another GPU (0.9% of all 88540 routed)
strata serve: resident RAM: 5.38 GiB of experts in RAM, 10371 exchanged with the VRAM tier, 0 blob reads from the file
strata serve: KV streaming: 99.33% of 47112 block reads hit VRAM, 1.3 MiB read from RAM
strata serve: prompt 79 tokens = 0 reused + 79 read in 597 ms (132.3 tok/s), 128 generated in 2160 ms (59.3 tok/s), drafts accepted 73 of 149, 1 checkpoints
strata serve: decode expert cache hit rate: 98.0% (116882 hits / 119210 lookups); 970 more read by the GPU over PCIe or from another GPU (0.8% of all 120180 routed)
strata serve: resident RAM: 5.38 GiB of experts in RAM, 10994 exchanged with the VRAM tier, 0 blob reads from the file
strata serve: KV streaming: 99.54% of 68604 block reads hit VRAM, 1.3 MiB read from RAM
strata serve: prompt 74 tokens = 0 reused + 74 read in 554 ms (133.6 tok/s), 128 generated in 2027 ms (63.2 tok/s), drafts accepted 70 of 124, 1 checkpoints
strata serve: decode expert cache hit rate: 98.9% (105124 hits / 106264 lookups); 356 more read by the GPU over PCIe or from another GPU (0.3% of all 106620 routed)
strata serve: resident RAM: 5.38 GiB of experts in RAM, 11282 exchanged with the VRAM tier, 0 blob reads from the file
strata serve: KV streaming: 99.46% of 56184 block reads hit VRAM, 1.2 MiB read from RAM
strata serve: prompt 75 tokens = 0 reused + 75 read in 553 ms (135.6 tok/s), 128 generated in 1926 ms (66.5 tok/s), drafts accepted 74 of 140, 1 checkpoints
strata serve: decode expert cache hit rate: 98.4% (107755 hits / 109470 lookups); 630 more read by the GPU over PCIe or from another GPU (0.6% of all 110100 routed)
strata serve: resident RAM: 5.38 GiB of experts in RAM, 11728 exchanged with the VRAM tier, 0 blob reads from the file
strata serve: KV streaming: 99.48% of 60096 block reads hit VRAM, 1.3 MiB read from RAM
strata serve: prompt 74 tokens = 0 reused + 74 read in 562 ms (131.6 tok/s), 128 generated in 2271 ms (56.4 tok/s), drafts accepted 68 of 150, 1 checkpoints
strata serve: decode expert cache hit rate: 98.6% (119484 hits / 121215 lookups); 605 more read by the GPU over PCIe or from another GPU (0.5% of all 121820 routed)
strata serve: resident RAM: 5.38 GiB of experts in RAM, 12173 exchanged with the VRAM tier, 0 blob reads from the file
strata serve: KV streaming: 99.53% of 64602 block reads hit VRAM, 1.2 MiB read from RAM
strata serve: prompt 75 tokens = 0 reused + 75 read in 570 ms (131.6 tok/s), 128 generated in 2124 ms (60.3 tok/s), drafts accepted 71 of 122, 1 checkpoints
strata serve: decode expert cache hit rate: 97.1% (94745 hits / 97533 lookups); 1227 more read by the GPU over PCIe or from another GPU (1.2% of all 98760 routed)
strata serve: resident RAM: 5.38 GiB of experts in RAM, 12915 exchanged with the VRAM tier, 0 blob reads from the file
strata serve: KV streaming: 99.39% of 50118 block reads hit VRAM, 1.2 MiB read from RAM
strata serve: prompt 74 tokens = 0 reused + 74 read in 550 ms (134.5 tok/s), 128 generated in 2029 ms (63.1 tok/s), drafts accepted 74 of 128, 1 checkpoints
strata serve: decode expert cache hit rate: 98.7% (105056 hits / 106419 lookups); 441 more read by the GPU over PCIe or from another GPU (0.4% of all 106860 routed)
strata serve: resident RAM: 5.38 GiB of experts in RAM, 13287 exchanged with the VRAM tier, 0 blob reads from the file
strata serve: KV streaming: 99.47% of 58506 block reads hit VRAM, 1.3 MiB read from RAM
strata serve: prompt 76 tokens = 0 reused + 76 read in 550 ms (138.1 tok/s), 128 generated in 1963 ms (65.2 tok/s), drafts accepted 74 of 117, 1 checkpoints
strata serve: decode expert cache hit rate: 98.3% (96300 hits / 97954 lookups); 606 more read by the GPU over PCIe or from another GPU (0.6% of all 98560 routed)
strata serve: resident RAM: 5.38 GiB of experts in RAM, 13756 exchanged with the VRAM tier, 0 blob reads from the file
strata serve: KV streaming: 99.41% of 54306 block reads hit VRAM, 1.3 MiB read from RAM
strata serve: prompt 80 tokens = 0 reused + 80 read in 570 ms (140.4 tok/s), 128 generated in 2064 ms (62.0 tok/s), drafts accepted 71 of 115, 1 checkpoints
strata serve: decode expert cache hit rate: 97.4% (96791 hits / 99356 lookups); 1014 more read by the GPU over PCIe or from another GPU (1.0% of all 100370 routed)
strata serve: resident RAM: 5.38 GiB of experts in RAM, 14406 exchanged with the VRAM tier, 0 blob reads from the file
strata serve: KV streaming: 99.45% of 58032 block reads hit VRAM, 1.3 MiB read from RAM
strata serve: prompt 77 tokens = 0 reused + 77 read in 550 ms (140.1 tok/s), 128 generated in 1486 ms (86.1 tok/s), drafts accepted 92 of 116, 1 checkpoints
strata serve: decode expert cache hit rate: 95.6% (75348 hits / 78819 lookups); 1781 more read by the GPU over PCIe or from another GPU (2.2% of all 80600 routed)
strata serve: resident RAM: 5.38 GiB of experts in RAM, 15155 exchanged with the VRAM tier, 0 blob reads from the file
strata serve: KV streaming: 99.21% of 40116 block reads hit VRAM, 1.3 MiB read from RAM
strata serve: prompt 77 tokens = 0 reused + 77 read in 557 ms (138.3 tok/s), 128 generated in 1890 ms (67.7 tok/s), drafts accepted 81 of 130, 1 checkpoints
strata serve: decode expert cache hit rate: 97.9% (97614 hits / 99746 lookups); 944 more read by the GPU over PCIe or from another GPU (0.9% of all 100690 routed)
strata serve: resident RAM: 5.38 GiB of experts in RAM, 15733 exchanged with the VRAM tier, 0 blob reads from the file
strata serve: KV streaming: 99.43% of 54354 block reads hit VRAM, 1.3 MiB read from RAM
strata serve: prompt 78 tokens = 0 reused + 78 read in 556 ms (140.3 tok/s), 128 generated in 1802 ms (71.0 tok/s), drafts accepted 78 of 117, 1 checkpoints
strata serve: decode expert cache hit rate: 98.4% (92057 hits / 93599 lookups); 571 more read by the GPU over PCIe or from another GPU (0.6% of all 94170 routed)
strata serve: resident RAM: 5.38 GiB of experts in RAM, 16172 exchanged with the VRAM tier, 0 blob reads from the file
strata serve: KV streaming: 99.40% of 52812 block reads hit VRAM, 1.3 MiB read from RAM
strata serve: prompt 78 tokens = 0 reused + 78 read in 550 ms (141.8 tok/s), 128 generated in 2253 ms (56.8 tok/s), drafts accepted 68 of 141, 1 checkpoints
strata serve: decode expert cache hit rate: 98.0% (111966 hits / 114285 lookups); 845 more read by the GPU over PCIe or from another GPU (0.7% of all 115130 routed)
strata serve: resident RAM: 5.38 GiB of experts in RAM, 16650 exchanged with the VRAM tier, 0 blob reads from the file
strata serve: KV streaming: 99.50% of 63216 block reads hit VRAM, 1.3 MiB read from RAM
strata serve: prompt 77 tokens = 0 reused + 77 read in 540 ms (142.7 tok/s), 128 generated in 1971 ms (64.9 tok/s), drafts accepted 79 of 132, 1 checkpoints
strata serve: decode expert cache hit rate: 98.4% (105944 hits / 107651 lookups); 589 more read by the GPU over PCIe or from another GPU (0.5% of all 108240 routed)
strata serve: resident RAM: 5.38 GiB of experts in RAM, 17120 exchanged with the VRAM tier, 0 blob reads from the file
strata serve: KV streaming: 99.49% of 62460 block reads hit VRAM, 1.3 MiB read from RAM
strata serve: prompt 75 tokens = 0 reused + 75 read in 566 ms (132.4 tok/s), 128 generated in 2258 ms (56.7 tok/s), drafts accepted 64 of 122, 1 checkpoints
strata serve: decode expert cache hit rate: 98.7% (107594 hits / 109030 lookups); 450 more read by the GPU over PCIe or from another GPU (0.4% of all 109480 routed)
strata serve: resident RAM: 5.38 GiB of experts in RAM, 17574 exchanged with the VRAM tier, 0 blob reads from the file
strata serve: KV streaming: 99.49% of 60312 block reads hit VRAM, 1.2 MiB read from RAM
strata serve: prompt 76 tokens = 0 reused + 76 read in 561 ms (135.5 tok/s), 128 generated in 1629 ms (78.6 tok/s), drafts accepted 79 of 108, 1 checkpoints
strata serve: decode expert cache hit rate: 97.9% (83923 hits / 85747 lookups); 743 more read by the GPU over PCIe or from another GPU (0.9% of all 86490 routed)
strata serve: resident RAM: 5.38 GiB of experts in RAM, 18027 exchanged with the VRAM tier, 0 blob reads from the file
strata serve: KV streaming: 99.31% of 46074 block reads hit VRAM, 1.3 MiB read from RAM
strata serve: prompt 79 tokens = 0 reused + 79 read in 593 ms (133.2 tok/s), 128 generated in 2194 ms (58.3 tok/s), drafts accepted 74 of 158, 1 checkpoints
strata serve: decode expert cache hit rate: 98.0% (120851 hits / 123275 lookups); 1045 more read by the GPU over PCIe or from another GPU (0.8% of all 124320 routed)
strata serve: resident RAM: 5.38 GiB of experts in RAM, 18734 exchanged with the VRAM tier, 0 blob reads from the file
strata serve: KV streaming: 99.54% of 69150 block reads hit VRAM, 1.3 MiB read from RAM
strata serve: prompt 74 tokens = 0 reused + 74 read in 551 ms (134.2 tok/s), 128 generated in 2125 ms (60.2 tok/s), drafts accepted 69 of 127, 1 checkpoints
strata serve: decode expert cache hit rate: 99.0% (106254 hits / 107334 lookups); 346 more read by the GPU over PCIe or from another GPU (0.3% of all 107680 routed)
strata serve: resident RAM: 5.38 GiB of experts in RAM, 19062 exchanged with the VRAM tier, 0 blob reads from the file
strata serve: KV streaming: 99.47% of 57432 block reads hit VRAM, 1.2 MiB read from RAM
strata serve: prompt 75 tokens = 0 reused + 75 read in 536 ms (139.8 tok/s), 128 generated in 1746 ms (73.3 tok/s), drafts accepted 79 of 118, 1 checkpoints
strata serve: decode expert cache hit rate: 98.6% (91464 hits / 92766 lookups); 544 more read by the GPU over PCIe or from another GPU (0.6% of all 93310 routed)
strata serve: resident RAM: 5.38 GiB of experts in RAM, 19400 exchanged with the VRAM tier, 0 blob reads from the file
strata serve: KV streaming: 99.39% of 51024 block reads hit VRAM, 1.3 MiB read from RAM
strata serve: prompt 74 tokens = 0 reused + 74 read in 561 ms (132.0 tok/s), 128 generated in 2055 ms (62.3 tok/s), drafts accepted 74 of 149, 1 checkpoints
strata serve: decode expert cache hit rate: 98.4% (110134 hits / 111969 lookups); 731 more read by the GPU over PCIe or from another GPU (0.6% of all 112700 routed)
strata serve: resident RAM: 5.38 GiB of experts in RAM, 19917 exchanged with the VRAM tier, 0 blob reads from the file
strata serve: KV streaming: 99.46% of 57912 block reads hit VRAM, 1.3 MiB read from RAM
strata serve: prompt 75 tokens = 0 reused + 75 read in 556 ms (134.8 tok/s), 128 generated in 2208 ms (58.0 tok/s), drafts accepted 69 of 123, 1 checkpoints
strata serve: decode expert cache hit rate: 96.5% (100037 hits / 103631 lookups); 1549 more read by the GPU over PCIe or from another GPU (1.5% of all 105180 routed)
strata serve: resident RAM: 5.38 GiB of experts in RAM, 20737 exchanged with the VRAM tier, 0 blob reads from the file
strata serve: KV streaming: 99.48% of 58452 block reads hit VRAM, 1.2 MiB read from RAM
strata serve: prompt 74 tokens = 0 reused + 74 read in 553 ms (133.7 tok/s), 128 generated in 1994 ms (64.2 tok/s), drafts accepted 73 of 121, 1 checkpoints
strata serve: decode expert cache hit rate: 98.8% (101922 hits / 103201 lookups); 379 more read by the GPU over PCIe or from another GPU (0.4% of all 103580 routed)
strata serve: resident RAM: 5.38 GiB of experts in RAM, 21095 exchanged with the VRAM tier, 0 blob reads from the file
strata serve: KV streaming: 99.47% of 57822 block reads hit VRAM, 1.2 MiB read from RAM
strata serve: prompt 76 tokens = 0 reused + 76 read in 542 ms (140.3 tok/s), 128 generated in 1920 ms (66.7 tok/s), drafts accepted 75 of 118, 1 checkpoints
strata serve: decode expert cache hit rate: 98.7% (98161 hits / 99429 lookups); 481 more read by the GPU over PCIe or from another GPU (0.5% of all 99910 routed)
strata serve: resident RAM: 5.38 GiB of experts in RAM, 21428 exchanged with the VRAM tier, 0 blob reads from the file
strata serve: KV streaming: 99.45% of 56796 block reads hit VRAM, 1.3 MiB read from RAM
strata serve: prompt 80 tokens = 0 reused + 80 read in 565 ms (141.5 tok/s), 128 generated in 1819 ms (70.4 tok/s), drafts accepted 77 of 114, 1 checkpoints
strata serve: decode expert cache hit rate: 98.2% (90330 hits / 92031 lookups); 649 more read by the GPU over PCIe or from another GPU (0.7% of all 92680 routed)
strata serve: resident RAM: 5.38 GiB of experts in RAM, 21883 exchanged with the VRAM tier, 0 blob reads from the file
strata serve: KV streaming: 99.39% of 52800 block reads hit VRAM, 1.3 MiB read from RAM
strata serve: prompt 77 tokens = 0 reused + 77 read in 546 ms (140.9 tok/s), 128 generated in 1473 ms (86.9 tok/s), drafts accepted 91 of 118, 1 checkpoints
strata serve: decode expert cache hit rate: 95.3% (77813 hits / 81618 lookups); 2072 more read by the GPU over PCIe or from another GPU (2.5% of all 83690 routed)
strata serve: resident RAM: 5.38 GiB of experts in RAM, 22577 exchanged with the VRAM tier, 0 blob reads from the file
strata serve: KV streaming: 99.24% of 41838 block reads hit VRAM, 1.3 MiB read from RAM
strata serve: prompt 77 tokens = 0 reused + 77 read in 573 ms (134.3 tok/s), 128 generated in 1681 ms (76.2 tok/s), drafts accepted 85 of 117, 1 checkpoints
strata serve: decode expert cache hit rate: 97.1% (85013 hits / 87533 lookups); 1057 more read by the GPU over PCIe or from another GPU (1.2% of all 88590 routed)
strata serve: resident RAM: 5.38 GiB of experts in RAM, 23309 exchanged with the VRAM tier, 0 blob reads from the file
strata serve: KV streaming: 99.32% of 46968 block reads hit VRAM, 1.3 MiB read from RAM
strata serve: prompt 78 tokens = 0 reused + 78 read in 579 ms (134.8 tok/s), 128 generated in 1841 ms (69.5 tok/s), drafts accepted 81 of 122, 1 checkpoints
strata serve: decode expert cache hit rate: 97.6% (90589 hits / 92795 lookups); 1005 more read by the GPU over PCIe or from another GPU (1.1% of all 93800 routed)
strata serve: resident RAM: 5.38 GiB of experts in RAM, 23929 exchanged with the VRAM tier, 0 blob reads from the file
strata serve: KV streaming: 99.40% of 53052 block reads hit VRAM, 1.3 MiB read from RAM
strata serve: prompt 78 tokens = 0 reused + 78 read in 584 ms (133.6 tok/s), 128 generated in 2204 ms (58.1 tok/s), drafts accepted 70 of 128, 1 checkpoints
strata serve: decode expert cache hit rate: 97.7% (107584 hits / 110081 lookups); 959 more read by the GPU over PCIe or from another GPU (0.9% of all 111040 routed)
strata serve: resident RAM: 5.38 GiB of experts in RAM, 24622 exchanged with the VRAM tier, 0 blob reads from the file
strata serve: KV streaming: 99.49% of 62508 block reads hit VRAM, 1.3 MiB read from RAM
strata serve: prompt 77 tokens = 0 reused + 77 read in 554 ms (138.9 tok/s), 128 generated in 1949 ms (65.7 tok/s), drafts accepted 78 of 120, 1 checkpoints
strata serve: decode expert cache hit rate: 98.3% (102830 hits / 104572 lookups); 668 more read by the GPU over PCIe or from another GPU (0.6% of all 105240 routed)
strata serve: resident RAM: 5.38 GiB of experts in RAM, 25031 exchanged with the VRAM tier, 0 blob reads from the file
strata serve: KV streaming: 99.50% of 63876 block reads hit VRAM, 1.3 MiB read from RAM
strata serve: prompt 75 tokens = 0 reused + 75 read in 580 ms (129.4 tok/s), 128 generated in 2183 ms (58.6 tok/s), drafts accepted 64 of 119, 1 checkpoints
strata serve: decode expert cache hit rate: 98.5% (103276 hits / 104849 lookups); 451 more read by the GPU over PCIe or from another GPU (0.4% of all 105300 routed)
strata serve: resident RAM: 5.38 GiB of experts in RAM, 25501 exchanged with the VRAM tier, 0 blob reads from the file
strata serve: KV streaming: 99.44% of 55380 block reads hit VRAM, 1.3 MiB read from RAM
strata serve: prompt 76 tokens = 0 reused + 76 read in 550 ms (138.1 tok/s), 128 generated in 1627 ms (78.7 tok/s), drafts accepted 80 of 112, 1 checkpoints
strata serve: decode expert cache hit rate: 97.8% (84032 hits / 85921 lookups); 779 more read by the GPU over PCIe or from another GPU (0.9% of all 86700 routed)
strata serve: resident RAM: 5.38 GiB of experts in RAM, 25983 exchanged with the VRAM tier, 0 blob reads from the file
strata serve: KV streaming: 99.29% of 44538 block reads hit VRAM, 1.3 MiB read from RAM
strata serve: prompt 79 tokens = 0 reused + 79 read in 580 ms (136.1 tok/s), 128 generated in 2076 ms (61.7 tok/s), drafts accepted 77 of 144, 1 checkpoints
strata serve: decode expert cache hit rate: 97.9% (111471 hits / 113808 lookups); 992 more read by the GPU over PCIe or from another GPU (0.9% of all 114800 routed)
strata serve: resident RAM: 5.38 GiB of experts in RAM, 26539 exchanged with the VRAM tier, 0 blob reads from the file
strata serve: KV streaming: 99.52% of 64968 block reads hit VRAM, 1.3 MiB read from RAM
strata serve: prompt 74 tokens = 0 reused + 74 read in 547 ms (135.2 tok/s), 128 generated in 1978 ms (64.7 tok/s), drafts accepted 74 of 138, 1 checkpoints
strata serve: decode expert cache hit rate: 98.9% (108663 hits / 109844 lookups); 346 more read by the GPU over PCIe or from another GPU (0.3% of all 110190 routed)
strata serve: resident RAM: 5.38 GiB of experts in RAM, 26832 exchanged with the VRAM tier, 0 blob reads from the file
strata serve: KV streaming: 99.46% of 57114 block reads hit VRAM, 1.2 MiB read from RAM
strata serve: prompt 75 tokens = 0 reused + 75 read in 540 ms (138.9 tok/s), 128 generated in 1778 ms (72.0 tok/s), drafts accepted 79 of 121, 1 checkpoints
strata serve: decode expert cache hit rate: 98.3% (95310 hits / 96933 lookups); 717 more read by the GPU over PCIe or from another GPU (0.7% of all 97650 routed)
strata serve: resident RAM: 5.38 GiB of experts in RAM, 27239 exchanged with the VRAM tier, 0 blob reads from the file
strata serve: KV streaming: 99.42% of 53694 block reads hit VRAM, 1.3 MiB read from RAM
strata serve: prompt 74 tokens = 0 reused + 74 read in 562 ms (131.7 tok/s), 128 generated in 2117 ms (60.5 tok/s), drafts accepted 73 of 157, 1 checkpoints
strata serve: decode expert cache hit rate: 98.1% (115154 hits / 117379 lookups); 881 more read by the GPU over PCIe or from another GPU (0.7% of all 118260 routed)
strata serve: resident RAM: 5.38 GiB of experts in RAM, 27859 exchanged with the VRAM tier, 0 blob reads from the file
strata serve: KV streaming: 99.49% of 61614 block reads hit VRAM, 1.3 MiB read from RAM
strata serve: prompt 75 tokens = 0 reused + 75 read in 560 ms (133.8 tok/s), 128 generated in 2118 ms (60.4 tok/s), drafts accepted 75 of 125, 1 checkpoints
strata serve: decode expert cache hit rate: 96.4% (97457 hits / 101086 lookups); 1584 more read by the GPU over PCIe or from another GPU (1.5% of all 102670 routed)
strata serve: resident RAM: 5.38 GiB of experts in RAM, 28653 exchanged with the VRAM tier, 0 blob reads from the file
strata serve: KV streaming: 99.43% of 54474 block reads hit VRAM, 1.3 MiB read from RAM
strata serve: prompt 74 tokens = 0 reused + 74 read in 557 ms (132.9 tok/s), 128 generated in 1956 ms (65.5 tok/s), drafts accepted 74 of 127, 1 checkpoints
strata serve: decode expert cache hit rate: 98.7% (101312 hits / 102644 lookups); 436 more read by the GPU over PCIe or from another GPU (0.4% of all 103080 routed)
strata serve: resident RAM: 5.38 GiB of experts in RAM, 29055 exchanged with the VRAM tier, 0 blob reads from the file
strata serve: KV streaming: 99.46% of 57816 block reads hit VRAM, 1.3 MiB read from RAM
strata serve: prompt 76 tokens = 0 reused + 76 read in 548 ms (138.7 tok/s), 128 generated in 1924 ms (66.5 tok/s), drafts accepted 77 of 127, 1 checkpoints
strata serve: decode expert cache hit rate: 98.7% (103392 hits / 104761 lookups); 519 more read by the GPU over PCIe or from another GPU (0.5% of all 105280 routed)
strata serve: resident RAM: 5.38 GiB of experts in RAM, 29443 exchanged with the VRAM tier, 0 blob reads from the file
strata serve: KV streaming: 99.44% of 56682 block reads hit VRAM, 1.3 MiB read from RAM
strata serve: prompt 80 tokens = 0 reused + 80 read in 562 ms (142.4 tok/s), 128 generated in 2067 ms (61.9 tok/s), drafts accepted 70 of 107, 1 checkpoints
strata serve: decode expert cache hit rate: 97.5% (92922 hits / 95324 lookups); 976 more read by the GPU over PCIe or from another GPU (1.0% of all 96300 routed)
strata serve: resident RAM: 5.38 GiB of experts in RAM, 30019 exchanged with the VRAM tier, 0 blob reads from the file
strata serve: KV streaming: 99.44% of 55812 block reads hit VRAM, 1.3 MiB read from RAM
strata serve: prompt 77 tokens = 0 reused + 77 read in 563 ms (136.8 tok/s), 128 generated in 1582 ms (80.9 tok/s), drafts accepted 88 of 122, 1 checkpoints
strata serve: decode expert cache hit rate: 94.6% (79451 hits / 83973 lookups); 2557 more read by the GPU over PCIe or from another GPU (3.0% of all 86530 routed)
strata serve: resident RAM: 5.38 GiB of experts in RAM, 30686 exchanged with the VRAM tier, 0 blob reads from the file
strata serve: KV streaming: 99.28% of 43116 block reads hit VRAM, 1.3 MiB read from RAM
strata serve: prompt 77 tokens = 0 reused + 77 read in 579 ms (133.0 tok/s), 128 generated in 1946 ms (65.8 tok/s), drafts accepted 76 of 127, 1 checkpoints
strata serve: decode expert cache hit rate: 97.2% (100349 hits / 103189 lookups); 1221 more read by the GPU over PCIe or from another GPU (1.2% of all 104410 routed)
strata serve: resident RAM: 5.38 GiB of experts in RAM, 31482 exchanged with the VRAM tier, 0 blob reads from the file
strata serve: KV streaming: 99.47% of 58824 block reads hit VRAM, 1.3 MiB read from RAM
strata serve: prompt 78 tokens = 0 reused + 78 read in 557 ms (140.2 tok/s), 128 generated in 1800 ms (71.1 tok/s), drafts accepted 82 of 127, 1 checkpoints
strata serve: decode expert cache hit rate: 98.2% (95676 hits / 97448 lookups); 722 more read by the GPU over PCIe or from another GPU (0.7% of all 98170 routed)
strata serve: resident RAM: 5.38 GiB of experts in RAM, 31993 exchanged with the VRAM tier, 0 blob reads from the file
strata serve: KV streaming: 99.39% of 51852 block reads hit VRAM, 1.3 MiB read from RAM
strata serve: prompt 78 tokens = 0 reused + 78 read in 567 ms (137.6 tok/s), 128 generated in 2099 ms (61.0 tok/s), drafts accepted 74 of 133, 1 checkpoints
strata serve: decode expert cache hit rate: 98.3% (108761 hits / 110634 lookups); 656 more read by the GPU over PCIe or from another GPU (0.6% of all 111290 routed)
strata serve: resident RAM: 5.38 GiB of experts in RAM, 32467 exchanged with the VRAM tier, 0 blob reads from the file
strata serve: KV streaming: 99.50% of 62976 block reads hit VRAM, 1.3 MiB read from RAM
strata serve: prompt 77 tokens = 0 reused + 77 read in 552 ms (139.4 tok/s), 128 generated in 1728 ms (74.1 tok/s), drafts accepted 85 of 123, 1 checkpoints
strata serve: decode expert cache hit rate: 98.6% (94896 hits / 96270 lookups); 500 more read by the GPU over PCIe or from another GPU (0.5% of all 96770 routed)
strata serve: resident RAM: 5.38 GiB of experts in RAM, 32841 exchanged with the VRAM tier, 0 blob reads from the file
strata serve: KV streaming: 99.40% of 53046 block reads hit VRAM, 1.3 MiB read from RAM
strata serve: prompt 75 tokens = 0 reused + 75 read in 571 ms (131.4 tok/s), 128 generated in 1979 ms (64.7 tok/s), drafts accepted 69 of 106, 1 checkpoints
strata serve: decode expert cache hit rate: 98.6% (93951 hits / 95282 lookups); 378 more read by the GPU over PCIe or from another GPU (0.4% of all 95660 routed)
strata serve: resident RAM: 5.38 GiB of experts in RAM, 33191 exchanged with the VRAM tier, 0 blob reads from the file
strata serve: KV streaming: 99.39% of 51348 block reads hit VRAM, 1.3 MiB read from RAM
strata serve: prompt 76 tokens = 0 reused + 76 read in 551 ms (137.8 tok/s), 128 generated in 1650 ms (77.6 tok/s), drafts accepted 80 of 112, 1 checkpoints
strata serve: decode expert cache hit rate: 97.9% (86903 hits / 88747 lookups); 783 more read by the GPU over PCIe or from another GPU (0.9% of all 89530 routed)
strata serve: resident RAM: 5.38 GiB of experts in RAM, 33664 exchanged with the VRAM tier, 0 blob reads from the file
strata serve: KV streaming: 99.34% of 48348 block reads hit VRAM, 1.3 MiB read from RAM
strata serve: prompt 79 tokens = 0 reused + 79 read in 581 ms (135.9 tok/s), 128 generated in 2107 ms (60.7 tok/s), drafts accepted 75 of 136, 1 checkpoints
strata serve: decode expert cache hit rate: 97.6% (105694 hits / 108326 lookups); 1184 more read by the GPU over PCIe or from another GPU (1.1% of all 109510 routed)
strata serve: resident RAM: 5.38 GiB of experts in RAM, 34360 exchanged with the VRAM tier, 0 blob reads from the file
strata serve: KV streaming: 99.47% of 59880 block reads hit VRAM, 1.3 MiB read from RAM
strata serve: prompt 74 tokens = 0 reused + 74 read in 549 ms (134.8 tok/s), 128 generated in 2200 ms (58.2 tok/s), drafts accepted 64 of 134, 1 checkpoints
strata serve: decode expert cache hit rate: 98.9% (112575 hits / 113816 lookups); 334 more read by the GPU over PCIe or from another GPU (0.3% of all 114150 routed)
strata serve: resident RAM: 5.38 GiB of experts in RAM, 34708 exchanged with the VRAM tier, 0 blob reads from the file
strata serve: KV streaming: 99.51% of 62136 block reads hit VRAM, 1.2 MiB read from RAM
strata serve: prompt 75 tokens = 0 reused + 75 read in 545 ms (137.7 tok/s), 128 generated in 1812 ms (70.6 tok/s), drafts accepted 83 of 123, 1 checkpoints
strata serve: decode expert cache hit rate: 98.3% (98772 hits / 100478 lookups); 712 more read by the GPU over PCIe or from another GPU (0.7% of all 101190 routed)
strata serve: resident RAM: 5.38 GiB of experts in RAM, 35146 exchanged with the VRAM tier, 0 blob reads from the file
strata serve: KV streaming: 99.46% of 58176 block reads hit VRAM, 1.3 MiB read from RAM
strata serve: prompt 74 tokens = 0 reused + 74 read in 561 ms (131.8 tok/s), 128 generated in 2021 ms (63.3 tok/s), drafts accepted 74 of 142, 1 checkpoints
strata serve: decode expert cache hit rate: 98.3% (109085 hits / 111026 lookups); 724 more read by the GPU over PCIe or from another GPU (0.6% of all 111750 routed)
strata serve: resident RAM: 5.38 GiB of experts in RAM, 35667 exchanged with the VRAM tier, 0 blob reads from the file
strata serve: KV streaming: 99.47% of 59076 block reads hit VRAM, 1.3 MiB read from RAM
strata serve: prompt 75 tokens = 0 reused + 75 read in 560 ms (133.8 tok/s), 128 generated in 2162 ms (59.2 tok/s), drafts accepted 74 of 138, 1 checkpoints
strata serve: decode expert cache hit rate: 96.9% (107288 hits / 110677 lookups); 1503 more read by the GPU over PCIe or from another GPU (1.3% of all 112180 routed)
strata serve: resident RAM: 5.38 GiB of experts in RAM, 36449 exchanged with the VRAM tier, 0 blob reads from the file
strata serve: KV streaming: 99.49% of 60636 block reads hit VRAM, 1.3 MiB read from RAM
strata serve: prompt 74 tokens = 0 reused + 74 read in 555 ms (133.3 tok/s), 128 generated in 2097 ms (61.0 tok/s), drafts accepted 74 of 135, 1 checkpoints
strata serve: decode expert cache hit rate: 98.8% (109024 hits / 110326 lookups); 404 more read by the GPU over PCIe or from another GPU (0.4% of all 110730 routed)
strata serve: resident RAM: 5.38 GiB of experts in RAM, 36822 exchanged with the VRAM tier, 0 blob reads from the file
strata serve: KV streaming: 99.50% of 62358 block reads hit VRAM, 1.3 MiB read from RAM
strata serve: prompt 76 tokens = 0 reused + 76 read in 538 ms (141.3 tok/s), 128 generated in 2083 ms (61.4 tok/s), drafts accepted 74 of 142, 1 checkpoints
strata serve: decode expert cache hit rate: 98.8% (110955 hits / 112306 lookups); 534 more read by the GPU over PCIe or from another GPU (0.5% of all 112840 routed)
strata serve: resident RAM: 5.38 GiB of experts in RAM, 37200 exchanged with the VRAM tier, 0 blob reads from the file
strata serve: KV streaming: 99.49% of 61518 block reads hit VRAM, 1.3 MiB read from RAM
strata serve: prompt 80 tokens = 0 reused + 80 read in 562 ms (142.2 tok/s), 128 generated in 1965 ms (65.1 tok/s), drafts accepted 73 of 110, 1 checkpoints
strata serve: decode expert cache hit rate: 97.2% (90627 hits / 93256 lookups); 1064 more read by the GPU over PCIe or from another GPU (1.1% of all 94320 routed)
strata serve: resident RAM: 5.38 GiB of experts in RAM, 37807 exchanged with the VRAM tier, 0 blob reads from the file
strata serve: KV streaming: 99.41% of 53856 block reads hit VRAM, 1.3 MiB read from RAM
strata serve: prompt 77 tokens = 0 reused + 77 read in 548 ms (140.5 tok/s), 128 generated in 1560 ms (82.0 tok/s), drafts accepted 89 of 122, 1 checkpoints
strata serve: decode expert cache hit rate: 95.3% (79799 hits / 83700 lookups); 2030 more read by the GPU over PCIe or from another GPU (2.4% of all 85730 routed)
strata serve: resident RAM: 5.38 GiB of experts in RAM, 38581 exchanged with the VRAM tier, 0 blob reads from the file
strata serve: KV streaming: 99.28% of 43104 block reads hit VRAM, 1.3 MiB read from RAM
strata serve: prompt 77 tokens = 0 reused + 77 read in 563 ms (136.7 tok/s), 128 generated in 1905 ms (67.2 tok/s), drafts accepted 78 of 134, 1 checkpoints
strata serve: decode expert cache hit rate: 97.9% (101050 hits / 103221 lookups); 959 more read by the GPU over PCIe or from another GPU (0.9% of all 104180 routed)
strata serve: resident RAM: 5.38 GiB of experts in RAM, 39178 exchanged with the VRAM tier, 0 blob reads from the file
strata serve: KV streaming: 99.44% of 56496 block reads hit VRAM, 1.3 MiB read from RAM
strata serve: prompt 78 tokens = 0 reused + 78 read in 555 ms (140.6 tok/s), 128 generated in 1691 ms (75.7 tok/s), drafts accepted 79 of 113, 1 checkpoints
strata serve: decode expert cache hit rate: 98.3% (89458 hits / 91010 lookups); 560 more read by the GPU over PCIe or from another GPU (0.6% of all 91570 routed)
strata serve: resident RAM: 5.38 GiB of experts in RAM, 39578 exchanged with the VRAM tier, 0 blob reads from the file
strata serve: KV streaming: 99.39% of 51180 block reads hit VRAM, 1.3 MiB read from RAM
strata serve: prompt 78 tokens = 0 reused + 78 read in 549 ms (142.1 tok/s), 128 generated in 1930 ms (66.3 tok/s), drafts accepted 76 of 121, 1 checkpoints
strata serve: decode expert cache hit rate: 96.3% (95164 hits / 98772 lookups); 1578 more read by the GPU over PCIe or from another GPU (1.6% of all 100350 routed)
strata serve: resident RAM: 5.38 GiB of experts in RAM, 40207 exchanged with the VRAM tier, 0 blob reads from the file
strata serve: KV streaming: 99.44% of 56058 block reads hit VRAM, 1.3 MiB read from RAM
strata serve: prompt 77 tokens = 0 reused + 77 read in 543 ms (141.7 tok/s), 128 generated in 1789 ms (71.5 tok/s), drafts accepted 82 of 120, 1 checkpoints
strata serve: decode expert cache hit rate: 98.0% (94196 hits / 96124 lookups); 786 more read by the GPU over PCIe or from another GPU (0.8% of all 96910 routed)
strata serve: resident RAM: 5.38 GiB of experts in RAM, 40757 exchanged with the VRAM tier, 0 blob reads from the file
strata serve: KV streaming: 99.41% of 52944 block reads hit VRAM, 1.3 MiB read from RAM
strata serve: prompt 75 tokens = 0 reused + 75 read in 589 ms (127.3 tok/s), 128 generated in 2278 ms (56.2 tok/s), drafts accepted 65 of 128, 1 checkpoints
strata serve: decode expert cache hit rate: 98.6% (108214 hits / 109736 lookups); 444 more read by the GPU over PCIe or from another GPU (0.4% of all 110180 routed)
strata serve: resident RAM: 5.38 GiB of experts in RAM, 41226 exchanged with the VRAM tier, 0 blob reads from the file
strata serve: KV streaming: 99.47% of 59682 block reads hit VRAM, 1.3 MiB read from RAM
strata serve: prompt 76 tokens = 0 reused + 76 read in 547 ms (139.1 tok/s), 128 generated in 2031 ms (63.0 tok/s), drafts accepted 74 of 132, 1 checkpoints
strata serve: decode expert cache hit rate: 98.1% (106318 hits / 108353 lookups); 807 more read by the GPU over PCIe or from another GPU (0.7% of all 109160 routed)
strata serve: resident RAM: 5.38 GiB of experts in RAM, 41635 exchanged with the VRAM tier, 0 blob reads from the file
strata serve: KV streaming: 99.49% of 60744 block reads hit VRAM, 1.3 MiB read from RAM
strata serve: prompt 79 tokens = 0 reused + 79 read in 597 ms (132.3 tok/s), 128 generated in 2181 ms (58.7 tok/s), drafts accepted 71 of 134, 1 checkpoints
strata serve: decode expert cache hit rate: 97.7% (109911 hits / 112488 lookups); 1112 more read by the GPU over PCIe or from another GPU (1.0% of all 113600 routed)
strata serve: resident RAM: 5.38 GiB of experts in RAM, 42305 exchanged with the VRAM tier, 0 blob reads from the file
strata serve: KV streaming: 99.50% of 63024 block reads hit VRAM, 1.3 MiB read from RAM
strata serve: prompt 74 tokens = 0 reused + 74 read in 552 ms (133.9 tok/s), 128 generated in 1900 ms (67.4 tok/s), drafts accepted 77 of 123, 1 checkpoints
strata serve: decode expert cache hit rate: 98.7% (97388 hits / 98648 lookups); 432 more read by the GPU over PCIe or from another GPU (0.4% of all 99080 routed)
strata serve: resident RAM: 5.38 GiB of experts in RAM, 42699 exchanged with the VRAM tier, 0 blob reads from the file
strata serve: KV streaming: 99.39% of 51306 block reads hit VRAM, 1.3 MiB read from RAM
strata serve: prompt 75 tokens = 0 reused + 75 read in 542 ms (138.4 tok/s), 128 generated in 1710 ms (74.9 tok/s), drafts accepted 80 of 111, 1 checkpoints
strata serve: decode expert cache hit rate: 98.3% (90826 hits / 92354 lookups); 676 more read by the GPU over PCIe or from another GPU (0.7% of all 93030 routed)
strata serve: resident RAM: 5.38 GiB of experts in RAM, 43081 exchanged with the VRAM tier, 0 blob reads from the file
strata serve: KV streaming: 99.41% of 52608 block reads hit VRAM, 1.3 MiB read from RAM
strata serve: prompt 74 tokens = 0 reused + 74 read in 569 ms (130.0 tok/s), 128 generated in 2102 ms (60.9 tok/s), drafts accepted 73 of 149, 1 checkpoints
strata serve: decode expert cache hit rate: 98.2% (111935 hits / 113984 lookups); 756 more read by the GPU over PCIe or from another GPU (0.7% of all 114740 routed)
strata serve: resident RAM: 5.38 GiB of experts in RAM, 43619 exchanged with the VRAM tier, 0 blob reads from the file
strata serve: KV streaming: 99.48% of 59496 block reads hit VRAM, 1.3 MiB read from RAM
strata serve: prompt 75 tokens = 0 reused + 75 read in 563 ms (133.3 tok/s), 128 generated in 2226 ms (57.5 tok/s), drafts accepted 75 of 129, 1 checkpoints
strata serve: decode expert cache hit rate: 96.6% (101472 hits / 105014 lookups); 1566 more read by the GPU over PCIe or from another GPU (1.5% of all 106580 routed)
strata serve: resident RAM: 5.38 GiB of experts in RAM, 44429 exchanged with the VRAM tier, 0 blob reads from the file
strata serve: KV streaming: 99.48% of 59916 block reads hit VRAM, 1.3 MiB read from RAM
strata serve: prompt 74 tokens = 0 reused + 74 read in 546 ms (135.6 tok/s), 128 generated in 2007 ms (63.8 tok/s), drafts accepted 75 of 132, 1 checkpoints
strata serve: decode expert cache hit rate: 98.8% (106133 hits / 107446 lookups); 384 more read by the GPU over PCIe or from another GPU (0.4% of all 107830 routed)
strata serve: resident RAM: 5.38 GiB of experts in RAM, 44723 exchanged with the VRAM tier, 0 blob reads from the file
strata serve: KV streaming: 99.45% of 56850 block reads hit VRAM, 1.3 MiB read from RAM
strata serve: prompt 76 tokens = 0 reused + 76 read in 539 ms (141.0 tok/s), 128 generated in 1895 ms (67.5 tok/s), drafts accepted 76 of 120, 1 checkpoints
strata serve: decode expert cache hit rate: 98.6% (99308 hits / 100672 lookups); 508 more read by the GPU over PCIe or from another GPU (0.5% of all 101180 routed)
strata serve: resident RAM: 5.38 GiB of experts in RAM, 45091 exchanged with the VRAM tier, 0 blob reads from the file
strata serve: KV streaming: 99.42% of 55206 block reads hit VRAM, 1.3 MiB read from RAM
strata serve: prompt 80 tokens = 0 reused + 80 read in 557 ms (143.6 tok/s), 128 generated in 1989 ms (64.4 tok/s), drafts accepted 76 of 109, 1 checkpoints
strata serve: decode expert cache hit rate: 97.4% (94262 hits / 96808 lookups); 1062 more read by the GPU over PCIe or from another GPU (1.1% of all 97870 routed)
strata serve: resident RAM: 5.38 GiB of experts in RAM, 45751 exchanged with the VRAM tier, 0 blob reads from the file
strata serve: KV streaming: 99.46% of 59160 block reads hit VRAM, 1.3 MiB read from RAM
strata serve: prompt 77 tokens = 0 reused + 77 read in 546 ms (141.0 tok/s), 128 generated in 1772 ms (72.2 tok/s), drafts accepted 87 of 125, 1 checkpoints
strata serve: decode expert cache hit rate: 96.0% (89538 hits / 93263 lookups); 1917 more read by the GPU over PCIe or from another GPU (2.0% of all 95180 routed)
strata serve: resident RAM: 5.38 GiB of experts in RAM, 46398 exchanged with the VRAM tier, 0 blob reads from the file
strata serve: KV streaming: 99.36% of 49980 block reads hit VRAM, 1.3 MiB read from RAM
strata serve: prompt 77 tokens = 0 reused + 77 read in 572 ms (134.5 tok/s), 128 generated in 1822 ms (70.3 tok/s), drafts accepted 85 of 135, 1 checkpoints
strata serve: decode expert cache hit rate: 97.4% (95707 hits / 98298 lookups); 1102 more read by the GPU over PCIe or from another GPU (1.1% of all 99400 routed)
strata serve: resident RAM: 5.38 GiB of experts in RAM, 47262 exchanged with the VRAM tier, 0 blob reads from the file
strata serve: KV streaming: 99.39% of 52092 block reads hit VRAM, 1.3 MiB read from RAM
strata serve: prompt 78 tokens = 0 reused + 78 read in 553 ms (141.0 tok/s), 128 generated in 1753 ms (73.0 tok/s), drafts accepted 79 of 112, 1 checkpoints
strata serve: decode expert cache hit rate: 97.9% (87856 hits / 89728 lookups); 762 more read by the GPU over PCIe or from another GPU (0.8% of all 90490 routed)
strata serve: resident RAM: 5.38 GiB of experts in RAM, 47787 exchanged with the VRAM tier, 0 blob reads from the file
strata serve: KV streaming: 99.36% of 49944 block reads hit VRAM, 1.3 MiB read from RAM
strata serve: prompt 78 tokens = 0 reused + 78 read in 562 ms (138.8 tok/s), 128 generated in 1691 ms (75.7 tok/s), drafts accepted 81 of 121, 1 checkpoints
strata serve: decode expert cache hit rate: 97.2% (85563 hits / 88041 lookups); 1179 more read by the GPU over PCIe or from another GPU (1.3% of all 89220 routed)
strata serve: resident RAM: 5.38 GiB of experts in RAM, 48365 exchanged with the VRAM tier, 0 blob reads from the file
strata serve: KV streaming: 99.31% of 45174 block reads hit VRAM, 1.3 MiB read from RAM
strata serve: prompt 77 tokens = 0 reused + 77 read in 558 ms (138.1 tok/s), 128 generated in 1802 ms (71.0 tok/s), drafts accepted 85 of 125, 1 checkpoints
strata serve: decode expert cache hit rate: 98.0% (97612 hits / 99633 lookups); 777 more read by the GPU over PCIe or from another GPU (0.8% of all 100410 routed)
strata serve: resident RAM: 5.38 GiB of experts in RAM, 48888 exchanged with the VRAM tier, 0 blob reads from the file
strata serve: KV streaming: 99.43% of 55656 block reads hit VRAM, 1.3 MiB read from RAM
strata serve: prompt 75 tokens = 0 reused + 75 read in 593 ms (126.4 tok/s), 128 generated in 2244 ms (57.1 tok/s), drafts accepted 63 of 123, 1 checkpoints
strata serve: decode expert cache hit rate: 98.2% (104241 hits / 106149 lookups); 641 more read by the GPU over PCIe or from another GPU (0.6% of all 106790 routed)
strata serve: resident RAM: 5.38 GiB of experts in RAM, 49391 exchanged with the VRAM tier, 0 blob reads from the file
strata serve: KV streaming: 99.47% of 57282 block reads hit VRAM, 1.2 MiB read from RAM
strata serve: prompt 76 tokens = 0 reused + 76 read in 557 ms (136.5 tok/s), 128 generated in 2059 ms (62.2 tok/s), drafts accepted 74 of 133, 1 checkpoints
strata serve: decode expert cache hit rate: 98.2% (108062 hits / 109987 lookups); 763 more read by the GPU over PCIe or from another GPU (0.7% of all 110750 routed)
strata serve: resident RAM: 5.38 GiB of experts in RAM, 49879 exchanged with the VRAM tier, 0 blob reads from the file
strata serve: KV streaming: 99.49% of 61686 block reads hit VRAM, 1.3 MiB read from RAM
strata serve: prompt 79 tokens = 0 reused + 79 read in 585 ms (135.1 tok/s), 128 generated in 2007 ms (63.8 tok/s), drafts accepted 80 of 149, 1 checkpoints
strata serve: decode expert cache hit rate: 98.1% (110659 hits / 112755 lookups); 825 more read by the GPU over PCIe or from another GPU (0.7% of all 113580 routed)
strata serve: resident RAM: 5.38 GiB of experts in RAM, 50456 exchanged with the VRAM tier, 0 blob reads from the file
strata serve: KV streaming: 99.47% of 59850 block reads hit VRAM, 1.3 MiB read from RAM
strata serve: prompt 74 tokens = 0 reused + 74 read in 553 ms (133.7 tok/s), 128 generated in 2086 ms (61.4 tok/s), drafts accepted 69 of 136, 1 checkpoints
strata serve: decode expert cache hit rate: 98.8% (111530 hits / 112870 lookups); 460 more read by the GPU over PCIe or from another GPU (0.4% of all 113330 routed)
strata serve: resident RAM: 5.38 GiB of experts in RAM, 50843 exchanged with the VRAM tier, 0 blob reads from the file
strata serve: KV streaming: 99.51% of 62016 block reads hit VRAM, 1.2 MiB read from RAM
strata serve: prompt 77 tokens = 0 reused + 77 read in 551 ms (139.9 tok/s), 128 generated in 1823 ms (70.2 tok/s), drafts accepted 82 of 131, 1 checkpoints
strata serve: decode expert cache hit rate: 98.5% (99950 hits / 101517 lookups); 633 more read by the GPU over PCIe or from another GPU (0.6% of all 102150 routed)
strata serve: resident RAM: 5.38 GiB of experts in RAM, 51265 exchanged with the VRAM tier, 0 blob reads from the file
strata serve: KV streaming: 99.44% of 55992 block reads hit VRAM, 1.3 MiB read from RAM
strata serve: prompt 76 tokens = 0 reused + 76 read in 570 ms (133.3 tok/s), 128 generated in 1992 ms (64.2 tok/s), drafts accepted 69 of 121, 1 checkpoints
strata serve: decode expert cache hit rate: 98.6% (98237 hits / 99680 lookups); 500 more read by the GPU over PCIe or from another GPU (0.5% of all 100180 routed)
strata serve: resident RAM: 5.38 GiB of experts in RAM, 51656 exchanged with the VRAM tier, 0 blob reads from the file
strata serve: KV streaming: 99.40% of 51936 block reads hit VRAM, 1.3 MiB read from RAM
strata serve: prompt 77 tokens = 0 reused + 77 read in 559 ms (137.8 tok/s), 128 generated in 2105 ms (60.8 tok/s), drafts accepted 75 of 129, 1 checkpoints
strata serve: decode expert cache hit rate: 97.5% (103617 hits / 106300 lookups); 1180 more read by the GPU over PCIe or from another GPU (1.1% of all 107480 routed)
strata serve: resident RAM: 5.38 GiB of experts in RAM, 52361 exchanged with the VRAM tier, 0 blob reads from the file
strata serve: KV streaming: 99.47% of 59676 block reads hit VRAM, 1.3 MiB read from RAM
strata serve: prompt 76 tokens = 0 reused + 76 read in 551 ms (137.9 tok/s), 128 generated in 2008 ms (63.7 tok/s), drafts accepted 76 of 131, 1 checkpoints
strata serve: decode expert cache hit rate: 98.7% (103253 hits / 104596 lookups); 414 more read by the GPU over PCIe or from another GPU (0.4% of all 105010 routed)
strata serve: resident RAM: 5.38 GiB of experts in RAM, 52694 exchanged with the VRAM tier, 0 blob reads from the file
strata serve: KV streaming: 99.43% of 56220 block reads hit VRAM, 1.3 MiB read from RAM
strata serve: prompt 78 tokens = 0 reused + 78 read in 539 ms (144.7 tok/s), 128 generated in 2081 ms (61.5 tok/s), drafts accepted 72 of 131, 1 checkpoints
strata serve: decode expert cache hit rate: 98.9% (109191 hits / 110430 lookups); 400 more read by the GPU over PCIe or from another GPU (0.4% of all 110830 routed)
strata serve: resident RAM: 5.38 GiB of experts in RAM, 53054 exchanged with the VRAM tier, 0 blob reads from the file
strata serve: KV streaming: 99.51% of 64920 block reads hit VRAM, 1.3 MiB read from RAM
strata serve: prompt 82 tokens = 0 reused + 82 read in 565 ms (145.1 tok/s), 128 generated in 1863 ms (68.7 tok/s), drafts accepted 74 of 106, 1 checkpoints
strata serve: decode expert cache hit rate: 97.5% (87221 hits / 89429 lookups); 911 more read by the GPU over PCIe or from another GPU (1.0% of all 90340 routed)
strata serve: resident RAM: 5.38 GiB of experts in RAM, 53627 exchanged with the VRAM tier, 0 blob reads from the file
strata serve: KV streaming: 99.39% of 52518 block reads hit VRAM, 1.3 MiB read from RAM
strata serve: prompt 79 tokens = 0 reused + 79 read in 553 ms (142.7 tok/s), 128 generated in 1608 ms (79.6 tok/s), drafts accepted 89 of 125, 1 checkpoints
strata serve: decode expert cache hit rate: 96.2% (85160 hits / 88481 lookups); 1659 more read by the GPU over PCIe or from another GPU (1.8% of all 90140 routed)
strata serve: resident RAM: 5.38 GiB of experts in RAM, 54314 exchanged with the VRAM tier, 0 blob reads from the file
strata serve: KV streaming: 99.34% of 48012 block reads hit VRAM, 1.3 MiB read from RAM
strata serve: prompt 79 tokens = 0 reused + 79 read in 574 ms (137.7 tok/s), 128 generated in 1730 ms (74.0 tok/s), drafts accepted 84 of 130, 1 checkpoints
strata serve: decode expert cache hit rate: 97.2% (88396 hits / 90936 lookups); 1064 more read by the GPU over PCIe or from another GPU (1.2% of all 92000 routed)
strata serve: resident RAM: 5.38 GiB of experts in RAM, 55060 exchanged with the VRAM tier, 0 blob reads from the file
strata serve: KV streaming: 99.33% of 47298 block reads hit VRAM, 1.3 MiB read from RAM
strata serve: prompt 80 tokens = 0 reused + 80 read in 572 ms (139.9 tok/s), 128 generated in 1971 ms (64.9 tok/s), drafts accepted 77 of 124, 1 checkpoints
strata serve: decode expert cache hit rate: 98.1% (101617 hits / 103556 lookups); 784 more read by the GPU over PCIe or from another GPU (0.8% of all 104340 routed)
strata serve: resident RAM: 5.38 GiB of experts in RAM, 55741 exchanged with the VRAM tier, 0 blob reads from the file
strata serve: KV streaming: 99.48% of 62796 block reads hit VRAM, 1.3 MiB read from RAM
strata serve: prompt 80 tokens = 0 reused + 80 read in 562 ms (142.4 tok/s), 128 generated in 1898 ms (67.4 tok/s), drafts accepted 76 of 122, 1 checkpoints
strata serve: decode expert cache hit rate: 96.9% (95543 hits / 98615 lookups); 1375 more read by the GPU over PCIe or from another GPU (1.4% of all 99990 routed)
strata serve: resident RAM: 5.38 GiB of experts in RAM, 56348 exchanged with the VRAM tier, 0 blob reads from the file
strata serve: KV streaming: 99.45% of 58338 block reads hit VRAM, 1.3 MiB read from RAM
strata serve: prompt 79 tokens = 0 reused + 79 read in 548 ms (144.2 tok/s), 128 generated in 1874 ms (68.3 tok/s), drafts accepted 76 of 125, 1 checkpoints
strata serve: decode expert cache hit rate: 98.1% (97884 hits / 99733 lookups); 737 more read by the GPU over PCIe or from another GPU (0.7% of all 100470 routed)
strata serve: resident RAM: 5.38 GiB of experts in RAM, 56891 exchanged with the VRAM tier, 0 blob reads from the file
strata serve: KV streaming: 99.43% of 56226 block reads hit VRAM, 1.3 MiB read from RAM
strata serve: prompt 77 tokens = 0 reused + 77 read in 565 ms (136.3 tok/s), 128 generated in 2297 ms (55.7 tok/s), drafts accepted 61 of 113, 1 checkpoints
strata serve: decode expert cache hit rate: 97.6% (99773 hits / 102277 lookups); 803 more read by the GPU over PCIe or from another GPU (0.8% of all 103080 routed)
strata serve: resident RAM: 5.38 GiB of experts in RAM, 57452 exchanged with the VRAM tier, 0 blob reads from the file
strata serve: KV streaming: 99.44% of 55866 block reads hit VRAM, 1.3 MiB read from RAM
strata serve: prompt 78 tokens = 0 reused + 78 read in 571 ms (136.6 tok/s), 128 generated in 1659 ms (77.1 tok/s), drafts accepted 80 of 110, 1 checkpoints
strata serve: decode expert cache hit rate: 97.6% (84892 hits / 86953 lookups); 877 more read by the GPU over PCIe or from another GPU (1.0% of all 87830 routed)
strata serve: resident RAM: 5.38 GiB of experts in RAM, 58021 exchanged with the VRAM tier, 0 blob reads from the file
strata serve: KV streaming: 99.33% of 47508 block reads hit VRAM, 1.3 MiB read from RAM
strata serve: prompt 81 tokens = 0 reused + 81 read in 595 ms (136.2 tok/s), 128 generated in 2154 ms (59.4 tok/s), drafts accepted 73 of 154, 1 checkpoints
strata serve: decode expert cache hit rate: 98.0% (115191 hits / 117482 lookups); 988 more read by the GPU over PCIe or from another GPU (0.8% of all 118470 routed)
strata serve: resident RAM: 5.38 GiB of experts in RAM, 58703 exchanged with the VRAM tier, 0 blob reads from the file
strata serve: KV streaming: 99.52% of 65730 block reads hit VRAM, 1.3 MiB read from RAM
strata serve: prompt 76 tokens = 0 reused + 76 read in 555 ms (137.0 tok/s), 128 generated in 2192 ms (58.4 tok/s), drafts accepted 66 of 136, 1 checkpoints
strata serve: decode expert cache hit rate: 98.9% (111905 hits / 113134 lookups); 396 more read by the GPU over PCIe or from another GPU (0.3% of all 113530 routed)
strata serve: resident RAM: 5.38 GiB of experts in RAM, 59057 exchanged with the VRAM tier, 0 blob reads from the file
strata serve: KV streaming: 99.49% of 61290 block reads hit VRAM, 1.3 MiB read from RAM
strata serve: prompt 77 tokens = 0 reused + 77 read in 549 ms (140.3 tok/s), 128 generated in 1715 ms (74.6 tok/s), drafts accepted 81 of 122, 1 checkpoints
strata serve: decode expert cache hit rate: 98.4% (94395 hits / 95921 lookups); 629 more read by the GPU over PCIe or from another GPU (0.7% of all 96550 routed)
strata serve: resident RAM: 5.38 GiB of experts in RAM, 59443 exchanged with the VRAM tier, 0 blob reads from the file
strata serve: KV streaming: 99.41% of 52908 block reads hit VRAM, 1.3 MiB read from RAM
strata serve: prompt 76 tokens = 0 reused + 76 read in 568 ms (133.8 tok/s), 128 generated in 2039 ms (62.8 tok/s), drafts accepted 74 of 149, 1 checkpoints
strata serve: decode expert cache hit rate: 98.2% (108522 hits / 110457 lookups); 703 more read by the GPU over PCIe or from another GPU (0.6% of all 111160 routed)
strata serve: resident RAM: 5.38 GiB of experts in RAM, 59974 exchanged with the VRAM tier, 0 blob reads from the file
strata serve: KV streaming: 99.46% of 57612 block reads hit VRAM, 1.3 MiB read from RAM
strata serve: prompt 77 tokens = 0 reused + 77 read in 567 ms (135.7 tok/s), 128 generated in 2153 ms (59.4 tok/s), drafts accepted 75 of 134, 1 checkpoints
strata serve: decode expert cache hit rate: 96.5% (103716 hits / 107456 lookups); 1694 more read by the GPU over PCIe or from another GPU (1.6% of all 109150 routed)
strata serve: resident RAM: 5.38 GiB of experts in RAM, 60763 exchanged with the VRAM tier, 0 blob reads from the file
strata serve: KV streaming: 99.47% of 59400 block reads hit VRAM, 1.3 MiB read from RAM
strata serve: prompt 76 tokens = 0 reused + 76 read in 550 ms (138.3 tok/s), 128 generated in 1959 ms (65.3 tok/s), drafts accepted 73 of 124, 1 checkpoints
strata serve: decode expert cache hit rate: 98.9% (101855 hits / 103004 lookups); 316 more read by the GPU over PCIe or from another GPU (0.3% of all 103320 routed)
strata serve: resident RAM: 5.38 GiB of experts in RAM, 61063 exchanged with the VRAM tier, 0 blob reads from the file
strata serve: KV streaming: 99.44% of 55686 block reads hit VRAM, 1.3 MiB read from RAM
strata serve: prompt 78 tokens = 0 reused + 78 read in 554 ms (140.8 tok/s), 128 generated in 2110 ms (60.7 tok/s), drafts accepted 75 of 135, 1 checkpoints
strata serve: decode expert cache hit rate: 98.5% (105809 hits / 107367 lookups); 593 more read by the GPU over PCIe or from another GPU (0.5% of all 107960 routed)
strata serve: resident RAM: 5.38 GiB of experts in RAM, 61454 exchanged with the VRAM tier, 0 blob reads from the file
strata serve: KV streaming: 99.47% of 60204 block reads hit VRAM, 1.3 MiB read from RAM
strata serve: prompt 82 tokens = 0 reused + 82 read in 571 ms (143.6 tok/s), 128 generated in 2042 ms (62.7 tok/s), drafts accepted 71 of 106, 1 checkpoints
strata serve: decode expert cache hit rate: 97.3% (90305 hits / 92816 lookups); 1044 more read by the GPU over PCIe or from another GPU (1.1% of all 93860 routed)
strata serve: resident RAM: 5.38 GiB of experts in RAM, 62092 exchanged with the VRAM tier, 0 blob reads from the file
strata serve: KV streaming: 99.44% of 56898 block reads hit VRAM, 1.3 MiB read from RAM
strata serve: prompt 79 tokens = 0 reused + 79 read in 554 ms (142.7 tok/s), 128 generated in 1657 ms (77.3 tok/s), drafts accepted 85 of 119, 1 checkpoints
strata serve: decode expert cache hit rate: 95.4% (77881 hits / 81676 lookups); 1934 more read by the GPU over PCIe or from another GPU (2.3% of all 83610 routed)
strata serve: resident RAM: 5.38 GiB of experts in RAM, 62836 exchanged with the VRAM tier, 0 blob reads from the file
strata serve: KV streaming: 99.23% of 41394 block reads hit VRAM, 1.3 MiB read from RAM
strata serve: prompt 79 tokens = 0 reused + 79 read in 561 ms (140.7 tok/s), 128 generated in 1682 ms (76.1 tok/s), drafts accepted 85 of 121, 1 checkpoints
strata serve: decode expert cache hit rate: 97.2% (86168 hits / 88664 lookups); 1076 more read by the GPU over PCIe or from another GPU (1.2% of all 89740 routed)
strata serve: resident RAM: 5.38 GiB of experts in RAM, 63530 exchanged with the VRAM tier, 0 blob reads from the file
strata serve: KV streaming: 99.33% of 47238 block reads hit VRAM, 1.3 MiB read from RAM
strata serve: prompt 80 tokens = 0 reused + 80 read in 583 ms (137.3 tok/s), 128 generated in 2010 ms (63.7 tok/s), drafts accepted 73 of 123, 1 checkpoints
strata serve: decode expert cache hit rate: 98.1% (99704 hits / 101630 lookups); 780 more read by the GPU over PCIe or from another GPU (0.8% of all 102410 routed)
strata serve: resident RAM: 5.38 GiB of experts in RAM, 64180 exchanged with the VRAM tier, 0 blob reads from the file
strata serve: KV streaming: 99.46% of 60456 block reads hit VRAM, 1.3 MiB read from RAM
strata serve: prompt 80 tokens = 0 reused + 80 read in 565 ms (141.7 tok/s), 128 generated in 1929 ms (66.4 tok/s), drafts accepted 79 of 127, 1 checkpoints
strata serve: decode expert cache hit rate: 96.9% (97235 hits / 100308 lookups); 1392 more read by the GPU over PCIe or from another GPU (1.4% of all 101700 routed)
strata serve: resident RAM: 5.38 GiB of experts in RAM, 64789 exchanged with the VRAM tier, 0 blob reads from the file
strata serve: KV streaming: 99.42% of 55164 block reads hit VRAM, 1.3 MiB read from RAM
strata serve: prompt 79 tokens = 0 reused + 79 read in 584 ms (135.2 tok/s), 128 generated in 2073 ms (61.7 tok/s), drafts accepted 78 of 133, 1 checkpoints
strata serve: decode expert cache hit rate: 97.9% (105794 hits / 108076 lookups); 984 more read by the GPU over PCIe or from another GPU (0.9% of all 109060 routed)
strata serve: resident RAM: 5.38 GiB of experts in RAM, 65516 exchanged with the VRAM tier, 0 blob reads from the file
strata serve: KV streaming: 99.51% of 64326 block reads hit VRAM, 1.3 MiB read from RAM
strata serve: prompt 77 tokens = 0 reused + 77 read in 572 ms (134.6 tok/s), 128 generated in 2321 ms (55.1 tok/s), drafts accepted 62 of 125, 1 checkpoints
strata serve: decode expert cache hit rate: 98.5% (107497 hits / 109155 lookups); 525 more read by the GPU over PCIe or from another GPU (0.5% of all 109680 routed)
strata serve: resident RAM: 5.38 GiB of experts in RAM, 66003 exchanged with the VRAM tier, 0 blob reads from the file
strata serve: KV streaming: 99.48% of 60084 block reads hit VRAM, 1.3 MiB read from RAM
strata serve: prompt 78 tokens = 0 reused + 78 read in 563 ms (138.6 tok/s), 128 generated in 1673 ms (76.5 tok/s), drafts accepted 82 of 109, 1 checkpoints
strata serve: decode expert cache hit rate: 97.5% (82219 hits / 84319 lookups); 921 more read by the GPU over PCIe or from another GPU (1.1% of all 85240 routed)
strata serve: resident RAM: 5.38 GiB of experts in RAM, 66490 exchanged with the VRAM tier, 0 blob reads from the file
strata serve: KV streaming: 99.30% of 45732 block reads hit VRAM, 1.3 MiB read from RAM
strata serve: prompt 81 tokens = 0 reused + 81 read in 604 ms (134.2 tok/s), 128 generated in 2166 ms (59.1 tok/s), drafts accepted 71 of 123, 1 checkpoints
strata serve: decode expert cache hit rate: 97.7% (101524 hits / 103870 lookups); 1000 more read by the GPU over PCIe or from another GPU (1.0% of all 104870 routed)
strata serve: resident RAM: 5.38 GiB of experts in RAM, 67180 exchanged with the VRAM tier, 0 blob reads from the file
strata serve: KV streaming: 99.47% of 59850 block reads hit VRAM, 1.3 MiB read from RAM
strata serve: prompt 76 tokens = 0 reused + 76 read in 556 ms (136.6 tok/s), 128 generated in 2167 ms (59.1 tok/s), drafts accepted 66 of 118, 1 checkpoints
strata serve: decode expert cache hit rate: 98.9% (105376 hits / 106544 lookups); 346 more read by the GPU over PCIe or from another GPU (0.3% of all 106890 routed)
strata serve: resident RAM: 5.38 GiB of experts in RAM, 67451 exchanged with the VRAM tier, 0 blob reads from the file
strata serve: KV streaming: 99.48% of 60156 block reads hit VRAM, 1.3 MiB read from RAM
strata serve: prompt 77 tokens = 0 reused + 77 read in 548 ms (140.6 tok/s), 128 generated in 1825 ms (70.1 tok/s), drafts accepted 77 of 122, 1 checkpoints
strata serve: decode expert cache hit rate: 98.2% (96522 hits / 98273 lookups); 647 more read by the GPU over PCIe or from another GPU (0.7% of all 98920 routed)
strata serve: resident RAM: 5.38 GiB of experts in RAM, 67816 exchanged with the VRAM tier, 0 blob reads from the file
strata serve: KV streaming: 99.44% of 56310 block reads hit VRAM, 1.3 MiB read from RAM
strata serve: prompt 76 tokens = 0 reused + 76 read in 566 ms (134.2 tok/s), 128 generated in 1951 ms (65.6 tok/s), drafts accepted 74 of 120, 1 checkpoints
strata serve: decode expert cache hit rate: 98.2% (97777 hits / 99577 lookups); 813 more read by the GPU over PCIe or from another GPU (0.8% of all 100390 routed)
strata serve: resident RAM: 5.38 GiB of experts in RAM, 68433 exchanged with the VRAM tier, 0 blob reads from the file
strata serve: KV streaming: 99.42% of 54168 block reads hit VRAM, 1.3 MiB read from RAM
strata serve: prompt 77 tokens = 0 reused + 77 read in 572 ms (134.6 tok/s), 128 generated in 2246 ms (57.0 tok/s), drafts accepted 73 of 127, 1 checkpoints
strata serve: decode expert cache hit rate: 97.1% (101477 hits / 104483 lookups); 1297 more read by the GPU over PCIe or from another GPU (1.2% of all 105780 routed)
strata serve: resident RAM: 5.38 GiB of experts in RAM, 69191 exchanged with the VRAM tier, 0 blob reads from the file
strata serve: KV streaming: 99.48% of 60120 block reads hit VRAM, 1.3 MiB read from RAM
strata serve: prompt 76 tokens = 0 reused + 76 read in 545 ms (139.4 tok/s), 128 generated in 2021 ms (63.3 tok/s), drafts accepted 73 of 122, 1 checkpoints
strata serve: decode expert cache hit rate: 98.9% (101661 hits / 102821 lookups); 349 more read by the GPU over PCIe or from another GPU (0.3% of all 103170 routed)
strata serve: resident RAM: 5.38 GiB of experts in RAM, 69476 exchanged with the VRAM tier, 0 blob reads from the file
strata serve: KV streaming: 99.46% of 57840 block reads hit VRAM, 1.3 MiB read from RAM
strata serve: prompt 78 tokens = 0 reused + 78 read in 552 ms (141.4 tok/s), 128 generated in 2197 ms (58.3 tok/s), drafts accepted 68 of 136, 1 checkpoints
strata serve: decode expert cache hit rate: 99.0% (114041 hits / 115215 lookups); 405 more read by the GPU over PCIe or from another GPU (0.4% of all 115620 routed)
strata serve: resident RAM: 5.38 GiB of experts in RAM, 69793 exchanged with the VRAM tier, 0 blob reads from the file
strata serve: KV streaming: 99.53% of 67074 block reads hit VRAM, 1.3 MiB read from RAM
strata serve: prompt 82 tokens = 0 reused + 82 read in 587 ms (139.8 tok/s), 128 generated in 1922 ms (66.6 tok/s), drafts accepted 73 of 111, 1 checkpoints
strata serve: decode expert cache hit rate: 97.4% (90125 hits / 92544 lookups); 1056 more read by the GPU over PCIe or from another GPU (1.1% of all 93600 routed)
strata serve: resident RAM: 5.38 GiB of experts in RAM, 70422 exchanged with the VRAM tier, 0 blob reads from the file
strata serve: KV streaming: 99.42% of 54456 block reads hit VRAM, 1.3 MiB read from RAM
strata serve: prompt 79 tokens = 0 reused + 79 read in 554 ms (142.7 tok/s), 128 generated in 1837 ms (69.7 tok/s), drafts accepted 83 of 122, 1 checkpoints
strata serve: decode expert cache hit rate: 96.5% (89230 hits / 92488 lookups); 1672 more read by the GPU over PCIe or from another GPU (1.8% of all 94160 routed)
strata serve: resident RAM: 5.38 GiB of experts in RAM, 71063 exchanged with the VRAM tier, 0 blob reads from the file
strata serve: KV streaming: 99.38% of 50688 block reads hit VRAM, 1.3 MiB read from RAM
strata serve: prompt 79 tokens = 0 reused + 79 read in 584 ms (135.3 tok/s), 128 generated in 1591 ms (80.5 tok/s), drafts accepted 86 of 116, 1 checkpoints
strata serve: decode expert cache hit rate: 97.3% (81776 hits / 84004 lookups); 976 more read by the GPU over PCIe or from another GPU (1.1% of all 84980 routed)
strata serve: resident RAM: 5.38 GiB of experts in RAM, 71705 exchanged with the VRAM tier, 0 blob reads from the file
strata serve: KV streaming: 99.31% of 45450 block reads hit VRAM, 1.3 MiB read from RAM
strata serve: prompt 80 tokens = 0 reused + 80 read in 568 ms (141.0 tok/s), 128 generated in 1841 ms (69.5 tok/s), drafts accepted 80 of 118, 1 checkpoints
strata serve: decode expert cache hit rate: 98.2% (94134 hits / 95863 lookups); 717 more read by the GPU over PCIe or from another GPU (0.7% of all 96580 routed)
strata serve: resident RAM: 5.38 GiB of experts in RAM, 72208 exchanged with the VRAM tier, 0 blob reads from the file
strata serve: KV streaming: 99.47% of 59856 block reads hit VRAM, 1.3 MiB read from RAM
strata serve: prompt 80 tokens = 0 reused + 80 read in 561 ms (142.6 tok/s), 128 generated in 2034 ms (62.9 tok/s), drafts accepted 74 of 130, 1 checkpoints
strata serve: decode expert cache hit rate: 97.2% (101717 hits / 104605 lookups); 1315 more read by the GPU over PCIe or from another GPU (1.2% of all 105920 routed)
strata serve: resident RAM: 5.38 GiB of experts in RAM, 72837 exchanged with the VRAM tier, 0 blob reads from the file
strata serve: KV streaming: 99.48% of 61212 block reads hit VRAM, 1.3 MiB read from RAM
strata serve: prompt 79 tokens = 0 reused + 79 read in 559 ms (141.3 tok/s), 128 generated in 1893 ms (67.6 tok/s), drafts accepted 79 of 118, 1 checkpoints
strata serve: decode expert cache hit rate: 98.2% (95080 hits / 96866 lookups); 714 more read by the GPU over PCIe or from another GPU (0.7% of all 97580 routed)
strata serve: resident RAM: 5.38 GiB of experts in RAM, 73369 exchanged with the VRAM tier, 0 blob reads from the file
strata serve: KV streaming: 99.45% of 57648 block reads hit VRAM, 1.3 MiB read from RAM
strata serve: prompt 77 tokens = 0 reused + 77 read in 569 ms (135.2 tok/s), 128 generated in 2501 ms (51.2 tok/s), drafts accepted 61 of 126, 1 checkpoints
strata serve: decode expert cache hit rate: 97.6% (107333 hits / 109962 lookups); 958 more read by the GPU over PCIe or from another GPU (0.9% of all 110920 routed)
strata serve: resident RAM: 5.38 GiB of experts in RAM, 73978 exchanged with the VRAM tier, 0 blob reads from the file
strata serve: KV streaming: 99.49% of 60114 block reads hit VRAM, 1.2 MiB read from RAM
strata serve: prompt 78 tokens = 0 reused + 78 read in 588 ms (132.6 tok/s), 128 generated in 1968 ms (65.0 tok/s), drafts accepted 79 of 123, 1 checkpoints
strata serve: decode expert cache hit rate: 97.7% (94934 hits / 97191 lookups); 1009 more read by the GPU over PCIe or from another GPU (1.0% of all 98200 routed)
strata serve: resident RAM: 5.38 GiB of experts in RAM, 74595 exchanged with the VRAM tier, 0 blob reads from the file
strata serve: KV streaming: 99.42% of 55302 block reads hit VRAM, 1.3 MiB read from RAM
strata serve: prompt 81 tokens = 0 reused + 81 read in 578 ms (140.1 tok/s), 128 generated in 2126 ms (60.2 tok/s), drafts accepted 71 of 126, 1 checkpoints
strata serve: decode expert cache hit rate: 97.8% (101767 hits / 104085 lookups); 1015 more read by the GPU over PCIe or from another GPU (1.0% of all 105100 routed)
strata serve: resident RAM: 5.38 GiB of experts in RAM, 75198 exchanged with the VRAM tier, 0 blob reads from the file
strata serve: KV streaming: 99.46% of 58764 block reads hit VRAM, 1.3 MiB read from RAM
strata serve: prompt 76 tokens = 0 reused + 76 read in 565 ms (134.5 tok/s), 128 generated in 2141 ms (59.8 tok/s), drafts accepted 69 of 133, 1 checkpoints
strata serve: decode expert cache hit rate: 98.8% (109255 hits / 110549 lookups); 401 more read by the GPU over PCIe or from another GPU (0.4% of all 110950 routed)
strata serve: resident RAM: 5.38 GiB of experts in RAM, 75560 exchanged with the VRAM tier, 0 blob reads from the file
strata serve: KV streaming: 99.48% of 58692 block reads hit VRAM, 1.2 MiB read from RAM
strata serve: prompt 77 tokens = 0 reused + 77 read in 559 ms (137.7 tok/s), 128 generated in 1871 ms (68.4 tok/s), drafts accepted 77 of 137, 1 checkpoints
strata serve: decode expert cache hit rate: 98.8% (103329 hits / 104569 lookups); 421 more read by the GPU over PCIe or from another GPU (0.4% of all 104990 routed)
strata serve: resident RAM: 5.38 GiB of experts in RAM, 75866 exchanged with the VRAM tier, 0 blob reads from the file
strata serve: KV streaming: 99.44% of 57174 block reads hit VRAM, 1.3 MiB read from RAM
strata serve: prompt 76 tokens = 0 reused + 76 read in 576 ms (131.9 tok/s), 128 generated in 1986 ms (64.4 tok/s), drafts accepted 75 of 131, 1 checkpoints
strata serve: decode expert cache hit rate: 98.1% (102521 hits / 104477 lookups); 823 more read by the GPU over PCIe or from another GPU (0.8% of all 105300 routed)
strata serve: resident RAM: 5.38 GiB of experts in RAM, 76370 exchanged with the VRAM tier, 0 blob reads from the file
strata serve: KV streaming: 99.46% of 57612 block reads hit VRAM, 1.3 MiB read from RAM
strata serve: prompt 77 tokens = 0 reused + 77 read in 563 ms (136.7 tok/s), 128 generated in 2242 ms (57.1 tok/s), drafts accepted 70 of 124, 1 checkpoints
strata serve: decode expert cache hit rate: 96.9% (99711 hits / 102878 lookups); 1352 more read by the GPU over PCIe or from another GPU (1.3% of all 104230 routed)
strata serve: resident RAM: 5.38 GiB of experts in RAM, 77111 exchanged with the VRAM tier, 0 blob reads from the file
strata serve: KV streaming: 99.43% of 55056 block reads hit VRAM, 1.3 MiB read from RAM
strata serve: prompt 76 tokens = 0 reused + 76 read in 550 ms (138.2 tok/s), 128 generated in 1988 ms (64.4 tok/s), drafts accepted 73 of 128, 1 checkpoints
strata serve: decode expert cache hit rate: 98.8% (99402 hits / 100602 lookups); 378 more read by the GPU over PCIe or from another GPU (0.4% of all 100980 routed)
strata serve: resident RAM: 5.38 GiB of experts in RAM, 77437 exchanged with the VRAM tier, 0 blob reads from the file
strata serve: KV streaming: 99.40% of 51612 block reads hit VRAM, 1.3 MiB read from RAM
strata serve: prompt 78 tokens = 0 reused + 78 read in 551 ms (141.7 tok/s), 128 generated in 2021 ms (63.3 tok/s), drafts accepted 75 of 137, 1 checkpoints
strata serve: decode expert cache hit rate: 98.6% (104856 hits / 106345 lookups); 575 more read by the GPU over PCIe or from another GPU (0.5% of all 106920 routed)
strata serve: resident RAM: 5.38 GiB of experts in RAM, 77812 exchanged with the VRAM tier, 0 blob reads from the file
strata serve: KV streaming: 99.44% of 56682 block reads hit VRAM, 1.3 MiB read from RAM
strata serve: prompt 82 tokens = 0 reused + 82 read in 579 ms (141.6 tok/s), 128 generated in 2194 ms (58.3 tok/s), drafts accepted 73 of 130, 1 checkpoints
strata serve: decode expert cache hit rate: 96.7% (102832 hits / 106311 lookups); 1469 more read by the GPU over PCIe or from another GPU (1.4% of all 107780 routed)
strata serve: resident RAM: 5.38 GiB of experts in RAM, 78500 exchanged with the VRAM tier, 0 blob reads from the file
strata serve: KV streaming: 99.49% of 63444 block reads hit VRAM, 1.3 MiB read from RAM
strata serve: prompt 79 tokens = 0 reused + 79 read in 549 ms (143.8 tok/s), 128 generated in 1811 ms (70.7 tok/s), drafts accepted 88 of 116, 1 checkpoints
strata serve: decode expert cache hit rate: 95.3% (84068 hits / 88192 lookups); 2168 more read by the GPU over PCIe or from another GPU (2.4% of all 90360 routed)
strata serve: resident RAM: 5.38 GiB of experts in RAM, 79273 exchanged with the VRAM tier, 0 blob reads from the file
strata serve: KV streaming: 99.37% of 50550 block reads hit VRAM, 1.3 MiB read from RAM
strata serve: prompt 79 tokens = 0 reused + 79 read in 568 ms (139.0 tok/s), 128 generated in 1905 ms (67.2 tok/s), drafts accepted 83 of 130, 1 checkpoints
strata serve: decode expert cache hit rate: 97.9% (97445 hits / 99503 lookups); 837 more read by the GPU over PCIe or from another GPU (0.8% of all 100340 routed)
strata serve: resident RAM: 5.38 GiB of experts in RAM, 79934 exchanged with the VRAM tier, 0 blob reads from the file
strata serve: KV streaming: 99.43% of 55542 block reads hit VRAM, 1.3 MiB read from RAM
strata serve: prompt 80 tokens = 0 reused + 80 read in 556 ms (143.9 tok/s), 128 generated in 1868 ms (68.5 tok/s), drafts accepted 80 of 128, 1 checkpoints
strata serve: decode expert cache hit rate: 98.6% (100499 hits / 101950 lookups); 480 more read by the GPU over PCIe or from another GPU (0.5% of all 102430 routed)
strata serve: resident RAM: 5.38 GiB of experts in RAM, 80329 exchanged with the VRAM tier, 0 blob reads from the file
strata serve: KV streaming: 99.49% of 61818 block reads hit VRAM, 1.3 MiB read from RAM
strata serve: prompt 80 tokens = 0 reused + 80 read in 558 ms (143.5 tok/s), 128 generated in 2102 ms (60.9 tok/s), drafts accepted 69 of 132, 1 checkpoints
strata serve: decode expert cache hit rate: 98.5% (104342 hits / 105939 lookups); 541 more read by the GPU over PCIe or from another GPU (0.5% of all 106480 routed)
strata serve: resident RAM: 5.38 GiB of experts in RAM, 80690 exchanged with the VRAM tier, 0 blob reads from the file
strata serve: KV streaming: 99.44% of 57060 block reads hit VRAM, 1.3 MiB read from RAM
strata serve: prompt 79 tokens = 0 reused + 79 read in 550 ms (143.8 tok/s), 128 generated in 2000 ms (64.0 tok/s), drafts accepted 78 of 127, 1 checkpoints
strata serve: decode expert cache hit rate: 98.5% (107536 hits / 109212 lookups); 628 more read by the GPU over PCIe or from another GPU (0.6% of all 109840 routed)
strata serve: resident RAM: 5.38 GiB of experts in RAM, 81101 exchanged with the VRAM tier, 0 blob reads from the file
strata serve: KV streaming: 99.53% of 68268 block reads hit VRAM, 1.3 MiB read from RAM
strata serve: prompt 77 tokens = 0 reused + 77 read in 575 ms (133.9 tok/s), 128 generated in 2183 ms (58.6 tok/s), drafts accepted 65 of 119, 1 checkpoints
strata serve: decode expert cache hit rate: 98.7% (102054 hits / 103359 lookups); 421 more read by the GPU over PCIe or from another GPU (0.4% of all 103780 routed)
strata serve: resident RAM: 5.38 GiB of experts in RAM, 81529 exchanged with the VRAM tier, 0 blob reads from the file
strata serve: KV streaming: 99.44% of 56076 block reads hit VRAM, 1.3 MiB read from RAM
strata serve: prompt 78 tokens = 0 reused + 78 read in 549 ms (142.0 tok/s), 128 generated in 1885 ms (67.9 tok/s), drafts accepted 79 of 128, 1 checkpoints
strata serve: decode expert cache hit rate: 98.3% (99696 hits / 101446 lookups); 744 more read by the GPU over PCIe or from another GPU (0.7% of all 102190 routed)
strata serve: resident RAM: 5.38 GiB of experts in RAM, 81969 exchanged with the VRAM tier, 0 blob reads from the file
strata serve: KV streaming: 99.43% of 54834 block reads hit VRAM, 1.3 MiB read from RAM
strata serve: prompt 81 tokens = 0 reused + 81 read in 591 ms (137.0 tok/s), 128 generated in 2169 ms (59.0 tok/s), drafts accepted 77 of 160, 1 checkpoints
strata serve: decode expert cache hit rate: 98.1% (117790 hits / 120090 lookups); 970 more read by the GPU over PCIe or from another GPU (0.8% of all 121060 routed)
strata serve: resident RAM: 5.38 GiB of experts in RAM, 82549 exchanged with the VRAM tier, 0 blob reads from the file
strata serve: KV streaming: 99.53% of 68664 block reads hit VRAM, 1.3 MiB read from RAM
strata serve: prompt 76 tokens = 0 reused + 76 read in 542 ms (140.1 tok/s), 128 generated in 1826 ms (70.1 tok/s), drafts accepted 72 of 112, 1 checkpoints
strata serve: decode expert cache hit rate: 99.1% (95084 hits / 95926 lookups); 244 more read by the GPU over PCIe or from another GPU (0.3% of all 96170 routed)
strata serve: resident RAM: 5.38 GiB of experts in RAM, 82769 exchanged with the VRAM tier, 0 blob reads from the file
strata serve: KV streaming: 99.43% of 54684 block reads hit VRAM, 1.3 MiB read from RAM
strata serve: prompt 77 tokens = 0 reused + 77 read in 545 ms (141.4 tok/s), 128 generated in 1774 ms (72.2 tok/s), drafts accepted 78 of 122, 1 checkpoints
strata serve: decode expert cache hit rate: 98.5% (95508 hits / 96998 lookups); 622 more read by the GPU over PCIe or from another GPU (0.6% of all 97620 routed)
strata serve: resident RAM: 5.38 GiB of experts in RAM, 83127 exchanged with the VRAM tier, 0 blob reads from the file
strata serve: KV streaming: 99.42% of 53568 block reads hit VRAM, 1.3 MiB read from RAM
strata serve: prompt 76 tokens = 0 reused + 76 read in 562 ms (135.3 tok/s), 128 generated in 2014 ms (63.6 tok/s), drafts accepted 72 of 133, 1 checkpoints
strata serve: decode expert cache hit rate: 98.2% (104451 hits / 106379 lookups); 791 more read by the GPU over PCIe or from another GPU (0.7% of all 107170 routed)
strata serve: resident RAM: 5.38 GiB of experts in RAM, 83652 exchanged with the VRAM tier, 0 blob reads from the file
strata serve: KV streaming: 99.45% of 56568 block reads hit VRAM, 1.3 MiB read from RAM
strata serve: prompt 77 tokens = 0 reused + 77 read in 558 ms (138.1 tok/s), 128 generated in 2327 ms (55.0 tok/s), drafts accepted 74 of 132, 1 checkpoints
strata serve: decode expert cache hit rate: 97.0% (103919 hits / 107139 lookups); 1401 more read by the GPU over PCIe or from another GPU (1.3% of all 108540 routed)
strata serve: resident RAM: 5.38 GiB of experts in RAM, 84496 exchanged with the VRAM tier, 0 blob reads from the file
strata serve: KV streaming: 99.48% of 59958 block reads hit VRAM, 1.3 MiB read from RAM
strata serve: prompt 76 tokens = 0 reused + 76 read in 545 ms (139.3 tok/s), 128 generated in 2036 ms (62.9 tok/s), drafts accepted 73 of 129, 1 checkpoints
strata serve: decode expert cache hit rate: 98.8% (102815 hits / 104059 lookups); 391 more read by the GPU over PCIe or from another GPU (0.4% of all 104450 routed)
strata serve: resident RAM: 5.38 GiB of experts in RAM, 84849 exchanged with the VRAM tier, 0 blob reads from the file
strata serve: KV streaming: 99.43% of 55194 block reads hit VRAM, 1.3 MiB read from RAM
strata serve: prompt 78 tokens = 0 reused + 78 read in 543 ms (143.7 tok/s), 128 generated in 2103 ms (60.9 tok/s), drafts accepted 72 of 125, 1 checkpoints
strata serve: decode expert cache hit rate: 98.6% (102798 hits / 104258 lookups); 542 more read by the GPU over PCIe or from another GPU (0.5% of all 104800 routed)
strata serve: resident RAM: 5.38 GiB of experts in RAM, 85237 exchanged with the VRAM tier, 0 blob reads from the file
strata serve: KV streaming: 99.47% of 58782 block reads hit VRAM, 1.3 MiB read from RAM
strata serve: prompt 82 tokens = 0 reused + 82 read in 562 ms (146.0 tok/s), 128 generated in 2031 ms (63.0 tok/s), drafts accepted 73 of 115, 1 checkpoints
strata serve: decode expert cache hit rate: 97.4% (93560 hits / 96020 lookups); 1090 more read by the GPU over PCIe or from another GPU (1.1% of all 97110 routed)
strata serve: resident RAM: 5.38 GiB of experts in RAM, 85904 exchanged with the VRAM tier, 0 blob reads from the file
strata serve: KV streaming: 99.44% of 57138 block reads hit VRAM, 1.3 MiB read from RAM
strata serve: prompt 79 tokens = 0 reused + 79 read in 558 ms (141.5 tok/s), 128 generated in 1789 ms (71.6 tok/s), drafts accepted 88 of 123, 1 checkpoints
strata serve: decode expert cache hit rate: 95.3% (83892 hits / 88016 lookups); 2104 more read by the GPU over PCIe or from another GPU (2.3% of all 90120 routed)
strata serve: resident RAM: 5.38 GiB of experts in RAM, 86648 exchanged with the VRAM tier, 0 blob reads from the file
strata serve: KV streaming: 99.33% of 47658 block reads hit VRAM, 1.3 MiB read from RAM
strata serve: prompt 79 tokens = 0 reused + 79 read in 572 ms (138.2 tok/s), 128 generated in 1930 ms (66.3 tok/s), drafts accepted 86 of 133, 1 checkpoints
strata serve: decode expert cache hit rate: 97.2% (93609 hits / 96337 lookups); 1143 more read by the GPU over PCIe or from another GPU (1.2% of all 97480 routed)
strata serve: resident RAM: 5.38 GiB of experts in RAM, 87441 exchanged with the VRAM tier, 0 blob reads from the file
strata serve: KV streaming: 99.41% of 54906 block reads hit VRAM, 1.3 MiB read from RAM
strata serve: prompt 80 tokens = 0 reused + 80 read in 573 ms (139.5 tok/s), 128 generated in 1955 ms (65.5 tok/s), drafts accepted 80 of 132, 1 checkpoints
strata serve: decode expert cache hit rate: 98.0% (98144 hits / 100104 lookups); 776 more read by the GPU over PCIe or from another GPU (0.8% of all 100880 routed)
strata serve: resident RAM: 5.38 GiB of experts in RAM, 88079 exchanged with the VRAM tier, 0 blob reads from the file
strata serve: KV streaming: 99.45% of 57894 block reads hit VRAM, 1.3 MiB read from RAM
strata serve: prompt 80 tokens = 0 reused + 80 read in 567 ms (141.0 tok/s), 128 generated in 1910 ms (67.0 tok/s), drafts accepted 77 of 121, 1 checkpoints
strata serve: decode expert cache hit rate: 97.0% (92323 hits / 95137 lookups); 1303 more read by the GPU over PCIe or from another GPU (1.4% of all 96440 routed)
strata serve: resident RAM: 5.38 GiB of experts in RAM, 88659 exchanged with the VRAM tier, 0 blob reads from the file
strata serve: KV streaming: 99.41% of 54336 block reads hit VRAM, 1.3 MiB read from RAM
strata serve: prompt 79 tokens = 0 reused + 79 read in 552 ms (143.1 tok/s), 128 generated in 1700 ms (75.3 tok/s), drafts accepted 85 of 126, 1 checkpoints
strata serve: decode expert cache hit rate: 97.6% (89004 hits / 91198 lookups); 962 more read by the GPU over PCIe or from another GPU (1.0% of all 92160 routed)
strata serve: resident RAM: 5.38 GiB of experts in RAM, 89138 exchanged with the VRAM tier, 0 blob reads from the file
strata serve: KV streaming: 99.34% of 47934 block reads hit VRAM, 1.3 MiB read from RAM
strata serve: prompt 77 tokens = 0 reused + 77 read in 598 ms (128.7 tok/s), 128 generated in 2423 ms (52.8 tok/s), drafts accepted 66 of 125, 1 checkpoints
strata serve: decode expert cache hit rate: 98.1% (109404 hits / 111477 lookups); 733 more read by the GPU over PCIe or from another GPU (0.7% of all 112210 routed)
strata serve: resident RAM: 5.38 GiB of experts in RAM, 89868 exchanged with the VRAM tier, 0 blob reads from the file
strata serve: KV streaming: 99.49% of 62682 block reads hit VRAM, 1.3 MiB read from RAM
strata serve: prompt 78 tokens = 0 reused + 78 read in 554 ms (140.7 tok/s), 128 generated in 1802 ms (71.0 tok/s), drafts accepted 78 of 103, 1 checkpoints
strata serve: decode expert cache hit rate: 97.6% (85230 hits / 87327 lookups); 903 more read by the GPU over PCIe or from another GPU (1.0% of all 88230 routed)
strata serve: resident RAM: 5.38 GiB of experts in RAM, 90446 exchanged with the VRAM tier, 0 blob reads from the file
strata serve: KV streaming: 99.37% of 50844 block reads hit VRAM, 1.3 MiB read from RAM
strata serve: prompt 81 tokens = 0 reused + 81 read in 584 ms (138.6 tok/s), 128 generated in 2174 ms (58.9 tok/s), drafts accepted 73 of 132, 1 checkpoints
strata serve: decode expert cache hit rate: 97.8% (105649 hits / 107972 lookups); 928 more read by the GPU over PCIe or from another GPU (0.9% of all 108900 routed)
strata serve: resident RAM: 5.38 GiB of experts in RAM, 91080 exchanged with the VRAM tier, 0 blob reads from the file
strata serve: KV streaming: 99.49% of 62958 block reads hit VRAM, 1.3 MiB read from RAM
strata serve: prompt 76 tokens = 0 reused + 76 read in 556 ms (136.6 tok/s), 128 generated in 1816 ms (70.5 tok/s), drafts accepted 78 of 117, 1 checkpoints
strata serve: decode expert cache hit rate: 98.8% (96046 hits / 97185 lookups); 345 more read by the GPU over PCIe or from another GPU (0.4% of all 97530 routed)
strata serve: resident RAM: 5.38 GiB of experts in RAM, 91355 exchanged with the VRAM tier, 0 blob reads from the file
strata serve: KV streaming: 99.42% of 53724 block reads hit VRAM, 1.3 MiB read from RAM
strata serve: prompt 77 tokens = 0 reused + 77 read in 578 ms (133.3 tok/s), 128 generated in 1574 ms (81.3 tok/s), drafts accepted 85 of 110, 1 checkpoints
strata serve: decode expert cache hit rate: 97.2% (83527 hits / 85915 lookups); 1265 more read by the GPU over PCIe or from another GPU (1.5% of all 87180 routed)
strata serve: resident RAM: 5.38 GiB of experts in RAM, 91707 exchanged with the VRAM tier, 0 blob reads from the file
strata serve: KV streaming: 99.35% of 48666 block reads hit VRAM, 1.3 MiB read from RAM
strata serve: prompt 76 tokens = 0 reused + 76 read in 570 ms (133.4 tok/s), 128 generated in 1962 ms (65.2 tok/s), drafts accepted 75 of 120, 1 checkpoints
strata serve: decode expert cache hit rate: 98.2% (96903 hits / 98674 lookups); 706 more read by the GPU over PCIe or from another GPU (0.7% of all 99380 routed)
strata serve: resident RAM: 5.38 GiB of experts in RAM, 92308 exchanged with the VRAM tier, 0 blob reads from the file
strata serve: KV streaming: 99.42% of 54174 block reads hit VRAM, 1.3 MiB read from RAM
strata serve: prompt 77 tokens = 0 reused + 77 read in 581 ms (132.6 tok/s), 128 generated in 2164 ms (59.1 tok/s), drafts accepted 72 of 127, 1 checkpoints
strata serve: decode expert cache hit rate: 97.2% (100500 hits / 103432 lookups); 1268 more read by the GPU over PCIe or from another GPU (1.2% of all 104700 routed)
strata serve: resident RAM: 5.38 GiB of experts in RAM, 93097 exchanged with the VRAM tier, 0 blob reads from the file
strata serve: KV streaming: 99.43% of 55488 block reads hit VRAM, 1.3 MiB read from RAM
strata serve: prompt 76 tokens = 0 reused + 76 read in 542 ms (140.1 tok/s), 128 generated in 2049 ms (62.5 tok/s), drafts accepted 77 of 133, 1 checkpoints
strata serve: decode expert cache hit rate: 98.8% (105482 hits / 106744 lookups); 416 more read by the GPU over PCIe or from another GPU (0.4% of all 107160 routed)
strata serve: resident RAM: 5.38 GiB of experts in RAM, 93410 exchanged with the VRAM tier, 0 blob reads from the file
strata serve: KV streaming: 99.46% of 58836 block reads hit VRAM, 1.3 MiB read from RAM
strata serve: prompt 78 tokens = 0 reused + 78 read in 553 ms (141.1 tok/s), 128 generated in 2140 ms (59.8 tok/s), drafts accepted 72 of 140, 1 checkpoints
strata serve: decode expert cache hit rate: 98.7% (108567 hits / 110015 lookups); 555 more read by the GPU over PCIe or from another GPU (0.5% of all 110570 routed)
strata serve: resident RAM: 5.38 GiB of experts in RAM, 93809 exchanged with the VRAM tier, 0 blob reads from the file
strata serve: KV streaming: 99.49% of 62076 block reads hit VRAM, 1.3 MiB read from RAM
strata serve: prompt 82 tokens = 0 reused + 82 read in 563 ms (145.7 tok/s), 128 generated in 2116 ms (60.5 tok/s), drafts accepted 70 of 107, 1 checkpoints
strata serve: decode expert cache hit rate: 97.4% (92744 hits / 95187 lookups); 1083 more read by the GPU over PCIe or from another GPU (1.1% of all 96270 routed)
strata serve: resident RAM: 5.38 GiB of experts in RAM, 94472 exchanged with the VRAM tier, 0 blob reads from the file
strata serve: KV streaming: 99.44% of 58122 block reads hit VRAM, 1.3 MiB read from RAM
strata serve: prompt 79 tokens = 0 reused + 79 read in 547 ms (144.4 tok/s), 128 generated in 1579 ms (81.1 tok/s), drafts accepted 90 of 119, 1 checkpoints
strata serve: decode expert cache hit rate: 95.6% (78425 hits / 82059 lookups); 1961 more read by the GPU over PCIe or from another GPU (2.3% of all 84020 routed)
strata serve: resident RAM: 5.38 GiB of experts in RAM, 95322 exchanged with the VRAM tier, 0 blob reads from the file
strata serve: KV streaming: 99.25% of 42438 block reads hit VRAM, 1.3 MiB read from RAM
strata serve: prompt 79 tokens = 0 reused + 79 read in 563 ms (140.4 tok/s), 128 generated in 1756 ms (72.9 tok/s), drafts accepted 83 of 120, 1 checkpoints
strata serve: decode expert cache hit rate: 97.4% (87593 hits / 89973 lookups); 1067 more read by the GPU over PCIe or from another GPU (1.2% of all 91040 routed)
strata serve: resident RAM: 5.38 GiB of experts in RAM, 96027 exchanged with the VRAM tier, 0 blob reads from the file
strata serve: KV streaming: 99.35% of 48948 block reads hit VRAM, 1.3 MiB read from RAM
strata serve: prompt 80 tokens = 0 reused + 80 read in 569 ms (140.6 tok/s), 128 generated in 1885 ms (67.9 tok/s), drafts accepted 81 of 123, 1 checkpoints
strata serve: decode expert cache hit rate: 97.6% (91129 hits / 93327 lookups); 1003 more read by the GPU over PCIe or from another GPU (1.1% of all 94330 routed)
strata serve: resident RAM: 5.38 GiB of experts in RAM, 96654 exchanged with the VRAM tier, 0 blob reads from the file
strata serve: KV streaming: 99.40% of 53010 block reads hit VRAM, 1.3 MiB read from RAM
strata serve: prompt 80 tokens = 0 reused + 80 read in 574 ms (139.3 tok/s), 128 generated in 2266 ms (56.5 tok/s), drafts accepted 70 of 131, 1 checkpoints
strata serve: decode expert cache hit rate: 97.6% (105103 hits / 107634 lookups); 936 more read by the GPU over PCIe or from another GPU (0.9% of all 108570 routed)
strata serve: resident RAM: 5.38 GiB of experts in RAM, 97358 exchanged with the VRAM tier, 0 blob reads from the file
strata serve: KV streaming: 99.47% of 59976 block reads hit VRAM, 1.3 MiB read from RAM
strata serve: prompt 79 tokens = 0 reused + 79 read in 578 ms (136.6 tok/s), 128 generated in 1832 ms (69.9 tok/s), drafts accepted 83 of 122, 1 checkpoints
strata serve: decode expert cache hit rate: 98.3% (94137 hits / 95765 lookups); 605 more read by the GPU over PCIe or from another GPU (0.6% of all 96370 routed)
strata serve: resident RAM: 5.38 GiB of experts in RAM, 97832 exchanged with the VRAM tier, 0 blob reads from the file
strata serve: KV streaming: 99.40% of 53238 block reads hit VRAM, 1.3 MiB read from RAM
strata serve: prompt 77 tokens = 0 reused + 77 read in 587 ms (131.1 tok/s), 128 generated in 2307 ms (55.5 tok/s), drafts accepted 65 of 125, 1 checkpoints
strata serve: decode expert cache hit rate: 98.7% (109707 hits / 111151 lookups); 399 more read by the GPU over PCIe or from another GPU (0.4% of all 111550 routed)
strata serve: resident RAM: 5.38 GiB of experts in RAM, 98231 exchanged with the VRAM tier, 0 blob reads from the file
strata serve: KV streaming: 99.52% of 65538 block reads hit VRAM, 1.3 MiB read from RAM
strata serve: prompt 78 tokens = 0 reused + 78 read in 557 ms (139.9 tok/s), 128 generated in 2059 ms (62.2 tok/s), drafts accepted 74 of 132, 1 checkpoints
strata serve: decode expert cache hit rate: 98.0% (106312 hits / 108528 lookups); 862 more read by the GPU over PCIe or from another GPU (0.8% of all 109390 routed)
strata serve: resident RAM: 5.38 GiB of experts in RAM, 98701 exchanged with the VRAM tier, 0 blob reads from the file
strata serve: KV streaming: 99.47% of 59814 block reads hit VRAM, 1.3 MiB read from RAM
strata serve: prompt 81 tokens = 0 reused + 81 read in 598 ms (135.4 tok/s), 128 generated in 2109 ms (60.7 tok/s), drafts accepted 73 of 127, 1 checkpoints
strata serve: decode expert cache hit rate: 97.9% (100771 hits / 102954 lookups); 896 more read by the GPU over PCIe or from another GPU (0.9% of all 103850 routed)
strata serve: resident RAM: 5.38 GiB of experts in RAM, 99345 exchanged with the VRAM tier, 0 blob reads from the file
strata serve: KV streaming: 99.46% of 58542 block reads hit VRAM, 1.3 MiB read from RAM
strata serve: prompt 76 tokens = 0 reused + 76 read in 554 ms (137.1 tok/s), 128 generated in 1995 ms (64.2 tok/s), drafts accepted 73 of 125, 1 checkpoints
strata serve: decode expert cache hit rate: 98.6% (101865 hits / 103283 lookups); 507 more read by the GPU over PCIe or from another GPU (0.5% of all 103790 routed)
strata serve: resident RAM: 5.38 GiB of experts in RAM, 99743 exchanged with the VRAM tier, 0 blob reads from the file
strata serve: KV streaming: 99.46% of 57660 block reads hit VRAM, 1.3 MiB read from RAM
strata serve: prompt 77 tokens = 0 reused + 77 read in 551 ms (139.8 tok/s), 128 generated in 1771 ms (72.3 tok/s), drafts accepted 78 of 113, 1 checkpoints
strata serve: decode expert cache hit rate: 98.3% (91360 hits / 92924 lookups); 686 more read by the GPU over PCIe or from another GPU (0.7% of all 93610 routed)
strata serve: resident RAM: 5.38 GiB of experts in RAM, 100161 exchanged with the VRAM tier, 0 blob reads from the file
strata serve: KV streaming: 99.39% of 52068 block reads hit VRAM, 1.3 MiB read from RAM
strata serve: prompt 76 tokens = 0 reused + 76 read in 575 ms (132.2 tok/s), 128 generated in 1899 ms (67.4 tok/s), drafts accepted 74 of 123, 1 checkpoints
strata serve: decode expert cache hit rate: 98.6% (95053 hits / 96416 lookups); 504 more read by the GPU over PCIe or from another GPU (0.5% of all 96920 routed)
strata serve: resident RAM: 5.38 GiB of experts in RAM, 100515 exchanged with the VRAM tier, 0 blob reads from the file
strata serve: KV streaming: 99.37% of 48618 block reads hit VRAM, 1.2 MiB read from RAM
strata serve: prompt 77 tokens = 0 reused + 77 read in 567 ms (135.9 tok/s), 128 generated in 2151 ms (59.5 tok/s), drafts accepted 74 of 123, 1 checkpoints
strata serve: decode expert cache hit rate: 97.1% (99015 hits / 101960 lookups); 1230 more read by the GPU over PCIe or from another GPU (1.2% of all 103190 routed)
strata serve: resident RAM: 5.38 GiB of experts in RAM, 101149 exchanged with the VRAM tier, 0 blob reads from the file
strata serve: KV streaming: 99.45% of 56640 block reads hit VRAM, 1.3 MiB read from RAM
strata serve: prompt 76 tokens = 0 reused + 76 read in 552 ms (137.7 tok/s), 128 generated in 2024 ms (63.3 tok/s), drafts accepted 80 of 128, 1 checkpoints
strata serve: decode expert cache hit rate: 98.8% (103950 hits / 105202 lookups); 388 more read by the GPU over PCIe or from another GPU (0.4% of all 105590 routed)
strata serve: resident RAM: 5.38 GiB of experts in RAM, 101461 exchanged with the VRAM tier, 0 blob reads from the file
strata serve: KV streaming: 99.46% of 58698 block reads hit VRAM, 1.3 MiB read from RAM
strata serve: prompt 78 tokens = 0 reused + 78 read in 553 ms (141.0 tok/s), 128 generated in 2128 ms (60.2 tok/s), drafts accepted 74 of 126, 1 checkpoints
strata serve: decode expert cache hit rate: 98.8% (104339 hits / 105633 lookups); 507 more read by the GPU over PCIe or from another GPU (0.5% of all 106140 routed)
strata serve: resident RAM: 5.38 GiB of experts in RAM, 101833 exchanged with the VRAM tier, 0 blob reads from the file
strata serve: KV streaming: 99.48% of 60690 block reads hit VRAM, 1.3 MiB read from RAM
strata serve: prompt 82 tokens = 0 reused + 82 read in 559 ms (146.6 tok/s), 128 generated in 2110 ms (60.7 tok/s), drafts accepted 70 of 100, 1 checkpoints
strata serve: decode expert cache hit rate: 97.3% (89425 hits / 91913 lookups); 1007 more read by the GPU over PCIe or from another GPU (1.1% of all 92920 routed)
strata serve: resident RAM: 5.38 GiB of experts in RAM, 102479 exchanged with the VRAM tier, 0 blob reads from the file
strata serve: KV streaming: 99.45% of 57960 block reads hit VRAM, 1.3 MiB read from RAM
strata serve: prompt 79 tokens = 0 reused + 79 read in 561 ms (140.8 tok/s), 128 generated in 1856 ms (69.0 tok/s), drafts accepted 87 of 127, 1 checkpoints
strata serve: decode expert cache hit rate: 96.2% (89442 hits / 92987 lookups); 1863 more read by the GPU over PCIe or from another GPU (2.0% of all 94850 routed)
strata serve: resident RAM: 5.38 GiB of experts in RAM, 103163 exchanged with the VRAM tier, 0 blob reads from the file
strata serve: KV streaming: 99.36% of 49392 block reads hit VRAM, 1.3 MiB read from RAM
strata serve: prompt 79 tokens = 0 reused + 79 read in 555 ms (142.4 tok/s), 128 generated in 1873 ms (68.3 tok/s), drafts accepted 78 of 127, 1 checkpoints
strata serve: decode expert cache hit rate: 97.6% (97422 hits / 99866 lookups); 1024 more read by the GPU over PCIe or from another GPU (1.0% of all 100890 routed)
strata serve: resident RAM: 5.38 GiB of experts in RAM, 103785 exchanged with the VRAM tier, 0 blob reads from the file
strata serve: KV streaming: 99.44% of 56814 block reads hit VRAM, 1.3 MiB read from RAM
strata serve: prompt 80 tokens = 0 reused + 80 read in 557 ms (143.7 tok/s), 128 generated in 1983 ms (64.5 tok/s), drafts accepted 77 of 134, 1 checkpoints
strata serve: decode expert cache hit rate: 97.9% (100183 hits / 102285 lookups); 885 more read by the GPU over PCIe or from another GPU (0.9% of all 103170 routed)
strata serve: resident RAM: 5.38 GiB of experts in RAM, 104390 exchanged with the VRAM tier, 0 blob reads from the file
strata serve: KV streaming: 99.42% of 54954 block reads hit VRAM, 1.3 MiB read from RAM
strata serve: prompt 80 tokens = 0 reused + 80 read in 573 ms (139.7 tok/s), 128 generated in 2128 ms (60.1 tok/s), drafts accepted 75 of 127, 1 checkpoints
strata serve: decode expert cache hit rate: 97.8% (104403 hits / 106774 lookups); 916 more read by the GPU over PCIe or from another GPU (0.9% of all 107690 routed)
strata serve: resident RAM: 5.38 GiB of experts in RAM, 105071 exchanged with the VRAM tier, 0 blob reads from the file
strata serve: KV streaming: 99.49% of 61770 block reads hit VRAM, 1.3 MiB read from RAM
strata serve: prompt 79 tokens = 0 reused + 79 read in 550 ms (143.6 tok/s), 128 generated in 1696 ms (75.5 tok/s), drafts accepted 82 of 123, 1 checkpoints
strata serve: decode expert cache hit rate: 98.5% (92055 hits / 93442 lookups); 518 more read by the GPU over PCIe or from another GPU (0.6% of all 93960 routed)
strata serve: resident RAM: 5.38 GiB of experts in RAM, 105488 exchanged with the VRAM tier, 0 blob reads from the file
strata serve: KV streaming: 99.39% of 51846 block reads hit VRAM, 1.3 MiB read from RAM
strata serve: prompt 77 tokens = 0 reused + 77 read in 576 ms (133.6 tok/s), 128 generated in 2442 ms (52.4 tok/s), drafts accepted 63 of 131, 1 checkpoints
strata serve: decode expert cache hit rate: 97.9% (110679 hits / 113073 lookups); 847 more read by the GPU over PCIe or from another GPU (0.7% of all 113920 routed)
strata serve: resident RAM: 5.38 GiB of experts in RAM, 106016 exchanged with the VRAM tier, 0 blob reads from the file
strata serve: KV streaming: 99.50% of 61788 block reads hit VRAM, 1.3 MiB read from RAM
strata serve: prompt 78 tokens = 0 reused + 78 read in 585 ms (133.4 tok/s), 128 generated in 1725 ms (74.2 tok/s), drafts accepted 82 of 108, 1 checkpoints
strata serve: decode expert cache hit rate: 97.2% (85263 hits / 87747 lookups); 1143 more read by the GPU over PCIe or from another GPU (1.3% of all 88890 routed)
strata serve: resident RAM: 5.38 GiB of experts in RAM, 106568 exchanged with the VRAM tier, 0 blob reads from the file
strata serve: KV streaming: 99.36% of 49830 block reads hit VRAM, 1.3 MiB read from RAM
strata serve: prompt 81 tokens = 0 reused + 81 read in 595 ms (136.2 tok/s), 128 generated in 2173 ms (58.9 tok/s), drafts accepted 71 of 118, 1 checkpoints
strata serve: decode expert cache hit rate: 97.4% (101027 hits / 103671 lookups); 1159 more read by the GPU over PCIe or from another GPU (1.1% of all 104830 routed)
strata serve: resident RAM: 5.38 GiB of experts in RAM, 107318 exchanged with the VRAM tier, 0 blob reads from the file
strata serve: KV streaming: 99.49% of 62154 block reads hit VRAM, 1.3 MiB read from RAM
strata serve: prompt 76 tokens = 0 reused + 76 read in 561 ms (135.5 tok/s), 128 generated in 2234 ms (57.3 tok/s), drafts accepted 69 of 128, 1 checkpoints
strata serve: decode expert cache hit rate: 98.9% (112779 hits / 114062 lookups); 398 more read by the GPU over PCIe or from another GPU (0.3% of all 114460 routed)
strata serve: resident RAM: 5.38 GiB of experts in RAM, 107614 exchanged with the VRAM tier, 0 blob reads from the file
strata serve: KV streaming: 99.53% of 66186 block reads hit VRAM, 1.3 MiB read from RAM
strata serve: prompt 77 tokens = 0 reused + 77 read in 562 ms (137.0 tok/s), 128 generated in 1942 ms (65.9 tok/s), drafts accepted 80 of 132, 1 checkpoints
strata serve: decode expert cache hit rate: 98.4% (103108 hits / 104791 lookups); 709 more read by the GPU over PCIe or from another GPU (0.7% of all 105500 routed)
strata serve: resident RAM: 5.38 GiB of experts in RAM, 108070 exchanged with the VRAM tier, 0 blob reads from the file
strata serve: KV streaming: 99.49% of 61416 block reads hit VRAM, 1.3 MiB read from RAM
strata serve: prompt 76 tokens = 0 reused + 76 read in 572 ms (133.0 tok/s), 128 generated in 2012 ms (63.6 tok/s), drafts accepted 74 of 129, 1 checkpoints
strata serve: decode expert cache hit rate: 98.4% (102161 hits / 103871 lookups); 659 more read by the GPU over PCIe or from another GPU (0.6% of all 104530 routed)
strata serve: resident RAM: 5.38 GiB of experts in RAM, 108566 exchanged with the VRAM tier, 0 blob reads from the file
strata serve: KV streaming: 99.46% of 57306 block reads hit VRAM, 1.3 MiB read from RAM
strata serve: prompt 77 tokens = 0 reused + 77 read in 571 ms (134.9 tok/s), 128 generated in 2215 ms (57.8 tok/s), drafts accepted 75 of 119, 1 checkpoints
strata serve: decode expert cache hit rate: 96.9% (95581 hits / 98619 lookups); 1331 more read by the GPU over PCIe or from another GPU (1.3% of all 99950 routed)
strata serve: resident RAM: 5.38 GiB of experts in RAM, 109303 exchanged with the VRAM tier, 0 blob reads from the file
strata serve: KV streaming: 99.46% of 57558 block reads hit VRAM, 1.3 MiB read from RAM
strata serve: prompt 76 tokens = 0 reused + 76 read in 553 ms (137.6 tok/s), 128 generated in 1974 ms (64.8 tok/s), drafts accepted 78 of 125, 1 checkpoints
strata serve: decode expert cache hit rate: 98.8% (102252 hits / 103496 lookups); 404 more read by the GPU over PCIe or from another GPU (0.4% of all 103900 routed)
strata serve: resident RAM: 5.38 GiB of experts in RAM, 109631 exchanged with the VRAM tier, 0 blob reads from the file
strata serve: KV streaming: 99.44% of 57288 block reads hit VRAM, 1.3 MiB read from RAM
strata serve: prompt 78 tokens = 0 reused + 78 read in 558 ms (139.8 tok/s), 128 generated in 2059 ms (62.2 tok/s), drafts accepted 72 of 118, 1 checkpoints
strata serve: decode expert cache hit rate: 98.6% (98884 hits / 100326 lookups); 494 more read by the GPU over PCIe or from another GPU (0.5% of all 100820 routed)
strata serve: resident RAM: 5.38 GiB of experts in RAM, 110054 exchanged with the VRAM tier, 0 blob reads from the file
strata serve: KV streaming: 99.45% of 56862 block reads hit VRAM, 1.3 MiB read from RAM
strata serve: prompt 82 tokens = 0 reused + 82 read in 566 ms (144.8 tok/s), 128 generated in 2088 ms (61.3 tok/s), drafts accepted 75 of 120, 1 checkpoints
strata serve: decode expert cache hit rate: 97.0% (97045 hits / 100021 lookups); 1219 more read by the GPU over PCIe or from another GPU (1.2% of all 101240 routed)
strata serve: resident RAM: 5.38 GiB of experts in RAM, 110758 exchanged with the VRAM tier, 0 blob reads from the file
strata serve: KV streaming: 99.46% of 59016 block reads hit VRAM, 1.3 MiB read from RAM
strata serve: prompt 79 tokens = 0 reused + 79 read in 565 ms (139.8 tok/s), 128 generated in 1798 ms (71.2 tok/s), drafts accepted 86 of 126, 1 checkpoints
strata serve: decode expert cache hit rate: 95.2% (86235 hits / 90618 lookups); 2202 more read by the GPU over PCIe or from another GPU (2.4% of all 92820 routed)
strata serve: resident RAM: 5.38 GiB of experts in RAM, 111559 exchanged with the VRAM tier, 0 blob reads from the file
strata serve: KV streaming: 99.34% of 48156 block reads hit VRAM, 1.3 MiB read from RAM
strata serve: prompt 79 tokens = 0 reused + 79 read in 571 ms (138.4 tok/s), 128 generated in 1941 ms (66.0 tok/s), drafts accepted 79 of 133, 1 checkpoints
strata serve: decode expert cache hit rate: 97.9% (99140 hits / 101305 lookups); 945 more read by the GPU over PCIe or from another GPU (0.9% of all 102250 routed)
strata serve: resident RAM: 5.38 GiB of experts in RAM, 112198 exchanged with the VRAM tier, 0 blob reads from the file
strata serve: KV streaming: 99.45% of 56940 block reads hit VRAM, 1.3 MiB read from RAM
strata serve: prompt 80 tokens = 0 reused + 80 read in 559 ms (143.1 tok/s), 128 generated in 1835 ms (69.7 tok/s), drafts accepted 79 of 127, 1 checkpoints
strata serve: decode expert cache hit rate: 98.6% (96835 hits / 98246 lookups); 484 more read by the GPU over PCIe or from another GPU (0.5% of all 98730 routed)
strata serve: resident RAM: 5.38 GiB of experts in RAM, 112605 exchanged with the VRAM tier, 0 blob reads from the file
strata serve: KV streaming: 99.45% of 58344 block reads hit VRAM, 1.3 MiB read from RAM
strata serve: prompt 80 tokens = 0 reused + 80 read in 559 ms (143.2 tok/s), 128 generated in 1974 ms (64.8 tok/s), drafts accepted 74 of 128, 1 checkpoints
strata serve: decode expert cache hit rate: 97.4% (99236 hits / 101935 lookups); 1265 more read by the GPU over PCIe or from another GPU (1.2% of all 103200 routed)
strata serve: resident RAM: 5.38 GiB of experts in RAM, 113136 exchanged with the VRAM tier, 0 blob reads from the file
strata serve: KV streaming: 99.46% of 58866 block reads hit VRAM, 1.3 MiB read from RAM
strata serve: prompt 79 tokens = 0 reused + 79 read in 553 ms (143.0 tok/s), 128 generated in 1942 ms (65.9 tok/s), drafts accepted 77 of 122, 1 checkpoints
strata serve: decode expert cache hit rate: 97.3% (92378 hits / 94901 lookups); 1049 more read by the GPU over PCIe or from another GPU (1.1% of all 95950 routed)
strata serve: resident RAM: 5.38 GiB of experts in RAM, 113751 exchanged with the VRAM tier, 0 blob reads from the file
strata serve: KV streaming: 99.43% of 55386 block reads hit VRAM, 1.3 MiB read from RAM
strata serve: prompt 77 tokens = 0 reused + 77 read in 576 ms (133.6 tok/s), 128 generated in 2257 ms (56.7 tok/s), drafts accepted 66 of 115, 1 checkpoints
strata serve: decode expert cache hit rate: 98.1% (98709 hits / 100670 lookups); 710 more read by the GPU over PCIe or from another GPU (0.7% of all 101380 routed)
strata serve: resident RAM: 5.38 GiB of experts in RAM, 114279 exchanged with the VRAM tier, 0 blob reads from the file
strata serve: KV streaming: 99.41% of 54042 block reads hit VRAM, 1.3 MiB read from RAM
strata serve: prompt 78 tokens = 0 reused + 78 read in 565 ms (138.2 tok/s), 128 generated in 1893 ms (67.6 tok/s), drafts accepted 78 of 119, 1 checkpoints
strata serve: decode expert cache hit rate: 98.2% (94097 hits / 95822 lookups); 758 more read by the GPU over PCIe or from another GPU (0.8% of all 96580 routed)
strata serve: resident RAM: 5.38 GiB of experts in RAM, 114759 exchanged with the VRAM tier, 0 blob reads from the file
strata serve: KV streaming: 99.40% of 52302 block reads hit VRAM, 1.3 MiB read from RAM
strata serve: prompt 81 tokens = 0 reused + 81 read in 580 ms (139.6 tok/s), 128 generated in 2120 ms (60.4 tok/s), drafts accepted 70 of 125, 1 checkpoints
strata serve: decode expert cache hit rate: 98.1% (103476 hits / 105444 lookups); 776 more read by the GPU over PCIe or from another GPU (0.7% of all 106220 routed)
strata serve: resident RAM: 5.38 GiB of experts in RAM, 115275 exchanged with the VRAM tier, 0 blob reads from the file
strata serve: KV streaming: 99.47% of 60390 block reads hit VRAM, 1.3 MiB read from RAM
strata serve: prompt 76 tokens = 0 reused + 76 read in 568 ms (133.9 tok/s), 128 generated in 2141 ms (59.8 tok/s), drafts accepted 69 of 123, 1 checkpoints
strata serve: decode expert cache hit rate: 99.0% (110064 hits / 111196 lookups); 334 more read by the GPU over PCIe or from another GPU (0.3% of all 111530 routed)
strata serve: resident RAM: 5.38 GiB of experts in RAM, 115569 exchanged with the VRAM tier, 0 blob reads from the file
strata serve: KV streaming: 99.51% of 64104 block reads hit VRAM, 1.3 MiB read from RAM
strata serve: prompt 77 tokens = 0 reused + 77 read in 569 ms (135.4 tok/s), 128 generated in 1667 ms (76.8 tok/s), drafts accepted 86 of 120, 1 checkpoints
strata serve: decode expert cache hit rate: 97.3% (87426 hits / 89867 lookups); 1183 more read by the GPU over PCIe or from another GPU (1.3% of all 91050 routed)
strata serve: resident RAM: 5.38 GiB of experts in RAM, 115983 exchanged with the VRAM tier, 0 blob reads from the file
strata serve: KV streaming: 99.36% of 49782 block reads hit VRAM, 1.3 MiB read from RAM
strata serve: prompt 76 tokens = 0 reused + 76 read in 574 ms (132.5 tok/s), 128 generated in 2115 ms (60.5 tok/s), drafts accepted 70 of 128, 1 checkpoints
strata serve: decode expert cache hit rate: 98.5% (105281 hits / 106890 lookups); 570 more read by the GPU over PCIe or from another GPU (0.5% of all 107460 routed)
strata serve: resident RAM: 5.38 GiB of experts in RAM, 116533 exchanged with the VRAM tier, 0 blob reads from the file
strata serve: KV streaming: 99.47% of 58824 block reads hit VRAM, 1.3 MiB read from RAM
strata serve: prompt 77 tokens = 0 reused + 77 read in 562 ms (136.9 tok/s), 128 generated in 2250 ms (56.9 tok/s), drafts accepted 71 of 131, 1 checkpoints
strata serve: decode expert cache hit rate: 97.3% (106296 hits / 109287 lookups); 1193 more read by the GPU over PCIe or from another GPU (1.1% of all 110480 routed)
strata serve: resident RAM: 5.38 GiB of experts in RAM, 117240 exchanged with the VRAM tier, 0 blob reads from the file
strata serve: KV streaming: 99.48% of 59910 block reads hit VRAM, 1.3 MiB read from RAM
strata serve: prompt 76 tokens = 0 reused + 76 read in 549 ms (138.6 tok/s), 128 generated in 2020 ms (63.4 tok/s), drafts accepted 75 of 130, 1 checkpoints
strata serve: decode expert cache hit rate: 98.8% (105487 hits / 106809 lookups); 441 more read by the GPU over PCIe or from another GPU (0.4% of all 107250 routed)
strata serve: resident RAM: 5.38 GiB of experts in RAM, 117600 exchanged with the VRAM tier, 0 blob reads from the file
strata serve: KV streaming: 99.47% of 59298 block reads hit VRAM, 1.3 MiB read from RAM
strata serve: prompt 78 tokens = 0 reused + 78 read in 553 ms (141.0 tok/s), 128 generated in 1808 ms (70.8 tok/s), drafts accepted 77 of 116, 1 checkpoints
strata serve: decode expert cache hit rate: 98.3% (91654 hits / 93199 lookups); 531 more read by the GPU over PCIe or from another GPU (0.6% of all 93730 routed)
strata serve: resident RAM: 5.38 GiB of experts in RAM, 117994 exchanged with the VRAM tier, 0 blob reads from the file
strata serve: KV streaming: 99.39% of 51516 block reads hit VRAM, 1.3 MiB read from RAM
strata serve: prompt 82 tokens = 0 reused + 82 read in 571 ms (143.5 tok/s), 128 generated in 2016 ms (63.5 tok/s), drafts accepted 72 of 102, 1 checkpoints
strata serve: decode expert cache hit rate: 97.2% (90002 hits / 92582 lookups); 1128 more read by the GPU over PCIe or from another GPU (1.2% of all 93710 routed)
strata serve: resident RAM: 5.38 GiB of experts in RAM, 118646 exchanged with the VRAM tier, 0 blob reads from the file
strata serve: KV streaming: 99.45% of 57948 block reads hit VRAM, 1.3 MiB read from RAM
strata serve: prompt 79 tokens = 0 reused + 79 read in 552 ms (143.0 tok/s), 128 generated in 1783 ms (71.8 tok/s), drafts accepted 86 of 119, 1 checkpoints
strata serve: decode expert cache hit rate: 95.3% (82267 hits / 86333 lookups); 2057 more read by the GPU over PCIe or from another GPU (2.3% of all 88390 routed)
strata serve: resident RAM: 5.38 GiB of experts in RAM, 119363 exchanged with the VRAM tier, 0 blob reads from the file
strata serve: KV streaming: 99.32% of 46824 block reads hit VRAM, 1.3 MiB read from RAM
strata serve: prompt 79 tokens = 0 reused + 79 read in 563 ms (140.4 tok/s), 128 generated in 1766 ms (72.5 tok/s), drafts accepted 84 of 124, 1 checkpoints
strata serve: decode expert cache hit rate: 97.2% (88482 hits / 91013 lookups); 1117 more read by the GPU over PCIe or from another GPU (1.2% of all 92130 routed)
strata serve: resident RAM: 5.38 GiB of experts in RAM, 120108 exchanged with the VRAM tier, 0 blob reads from the file
strata serve: KV streaming: 99.36% of 49704 block reads hit VRAM, 1.3 MiB read from RAM
strata serve: prompt 80 tokens = 0 reused + 80 read in 568 ms (140.7 tok/s), 128 generated in 1994 ms (64.2 tok/s), drafts accepted 81 of 134, 1 checkpoints
strata serve: decode expert cache hit rate: 97.7% (104159 hits / 106607 lookups); 1083 more read by the GPU over PCIe or from another GPU (1.0% of all 107690 routed)
strata serve: resident RAM: 5.38 GiB of experts in RAM, 120803 exchanged with the VRAM tier, 0 blob reads from the file
strata serve: KV streaming: 99.47% of 61338 block reads hit VRAM, 1.3 MiB read from RAM
strata serve: prompt 80 tokens = 0 reused + 80 read in 572 ms (139.8 tok/s), 128 generated in 2040 ms (62.7 tok/s), drafts accepted 79 of 134, 1 checkpoints
strata serve: decode expert cache hit rate: 97.5% (102634 hits / 105236 lookups); 1094 more read by the GPU over PCIe or from another GPU (1.0% of all 106330 routed)
strata serve: resident RAM: 5.38 GiB of experts in RAM, 121436 exchanged with the VRAM tier, 0 blob reads from the file
strata serve: KV streaming: 99.47% of 60366 block reads hit VRAM, 1.3 MiB read from RAM
strata serve: prompt 79 tokens = 0 reused + 79 read in 575 ms (137.4 tok/s), 128 generated in 1770 ms (72.3 tok/s), drafts accepted 79 of 110, 1 checkpoints
strata serve: decode expert cache hit rate: 97.9% (84097 hits / 85901 lookups); 779 more read by the GPU over PCIe or from another GPU (0.9% of all 86680 routed)
strata serve: resident RAM: 5.38 GiB of experts in RAM, 122035 exchanged with the VRAM tier, 0 blob reads from the file
strata serve: KV streaming: 99.32% of 46530 block reads hit VRAM, 1.3 MiB read from RAM
strata serve: prompt 77 tokens = 0 reused + 77 read in 573 ms (134.3 tok/s), 128 generated in 2320 ms (55.2 tok/s), drafts accepted 63 of 122, 1 checkpoints
strata serve: decode expert cache hit rate: 98.4% (104101 hits / 105745 lookups); 525 more read by the GPU over PCIe or from another GPU (0.5% of all 106270 routed)
strata serve: resident RAM: 5.38 GiB of experts in RAM, 122513 exchanged with the VRAM tier, 0 blob reads from the file
strata serve: KV streaming: 99.47% of 58398 block reads hit VRAM, 1.3 MiB read from RAM
strata serve: prompt 78 tokens = 0 reused + 78 read in 554 ms (140.7 tok/s), 128 generated in 1626 ms (78.7 tok/s), drafts accepted 79 of 106, 1 checkpoints
strata serve: decode expert cache hit rate: 97.8% (81788 hits / 83652 lookups); 828 more read by the GPU over PCIe or from another GPU (1.0% of all 84480 routed)
strata serve: resident RAM: 5.38 GiB of experts in RAM, 122980 exchanged with the VRAM tier, 0 blob reads from the file
strata serve: KV streaming: 99.31% of 45078 block reads hit VRAM, 1.3 MiB read from RAM
strata serve: prompt 81 tokens = 0 reused + 81 read in 573 ms (141.3 tok/s), 128 generated in 1846 ms (69.4 tok/s), drafts accepted 81 of 122, 1 checkpoints
strata serve: decode expert cache hit rate: 97.5% (91409 hits / 93762 lookups); 1038 more read by the GPU over PCIe or from another GPU (1.1% of all 94800 routed)
strata serve: resident RAM: 5.38 GiB of experts in RAM, 123621 exchanged with the VRAM tier, 0 blob reads from the file
strata serve: KV streaming: 99.39% of 51948 block reads hit VRAM, 1.3 MiB read from RAM
strata serve: prompt 76 tokens = 0 reused + 76 read in 550 ms (138.1 tok/s), 128 generated in 1815 ms (70.5 tok/s), drafts accepted 74 of 114, 1 checkpoints
strata serve: decode expert cache hit rate: 98.8% (96358 hits / 97503 lookups); 377 more read by the GPU over PCIe or from another GPU (0.4% of all 97880 routed)
strata serve: resident RAM: 5.38 GiB of experts in RAM, 123950 exchanged with the VRAM tier, 0 blob reads from the file
strata serve: KV streaming: 99.45% of 56286 block reads hit VRAM, 1.3 MiB read from RAM
strata serve: prompt 77 tokens = 0 reused + 77 read in 541 ms (142.4 tok/s), 128 generated in 1747 ms (73.3 tok/s), drafts accepted 78 of 124, 1 checkpoints
strata serve: decode expert cache hit rate: 98.6% (96823 hits / 98168 lookups); 572 more read by the GPU over PCIe or from another GPU (0.6% of all 98740 routed)
strata serve: resident RAM: 5.38 GiB of experts in RAM, 124292 exchanged with the VRAM tier, 0 blob reads from the file
strata serve: KV streaming: 99.42% of 54516 block reads hit VRAM, 1.3 MiB read from RAM
strata serve: prompt 76 tokens = 0 reused + 76 read in 562 ms (135.2 tok/s), 128 generated in 1957 ms (65.4 tok/s), drafts accepted 76 of 135, 1 checkpoints
strata serve: decode expert cache hit rate: 98.2% (103297 hits / 105168 lookups); 762 more read by the GPU over PCIe or from another GPU (0.7% of all 105930 routed)
strata serve: resident RAM: 5.38 GiB of experts in RAM, 124834 exchanged with the VRAM tier, 0 blob reads from the file
strata serve: KV streaming: 99.45% of 56592 block reads hit VRAM, 1.3 MiB read from RAM
strata serve: prompt 77 tokens = 0 reused + 77 read in 556 ms (138.5 tok/s), 128 generated in 2217 ms (57.7 tok/s), drafts accepted 73 of 136, 1 checkpoints
strata serve: decode expert cache hit rate: 96.9% (105881 hits / 109307 lookups); 1563 more read by the GPU over PCIe or from another GPU (1.4% of all 110870 routed)
strata serve: resident RAM: 5.38 GiB of experts in RAM, 125678 exchanged with the VRAM tier, 0 blob reads from the file
strata serve: KV streaming: 99.48% of 59454 block reads hit VRAM, 1.3 MiB read from RAM
strata serve: prompt 76 tokens = 0 reused + 76 read in 543 ms (140.0 tok/s), 128 generated in 2009 ms (63.7 tok/s), drafts accepted 71 of 129, 1 checkpoints
strata serve: decode expert cache hit rate: 98.9% (102967 hits / 104114 lookups); 366 more read by the GPU over PCIe or from another GPU (0.4% of all 104480 routed)
strata serve: resident RAM: 5.38 GiB of experts in RAM, 125979 exchanged with the VRAM tier, 0 blob reads from the file
strata serve: KV streaming: 99.44% of 55644 block reads hit VRAM, 1.3 MiB read from RAM
strata serve: prompt 78 tokens = 0 reused + 78 read in 541 ms (144.1 tok/s), 128 generated in 2027 ms (63.1 tok/s), drafts accepted 73 of 136, 1 checkpoints
strata serve: decode expert cache hit rate: 98.7% (104506 hits / 105895 lookups); 505 more read by the GPU over PCIe or from another GPU (0.5% of all 106400 routed)
strata serve: resident RAM: 5.38 GiB of experts in RAM, 126325 exchanged with the VRAM tier, 0 blob reads from the file
strata serve: KV streaming: 99.44% of 55920 block reads hit VRAM, 1.3 MiB read from RAM
strata serve: prompt 82 tokens = 0 reused + 82 read in 554 ms (147.9 tok/s), 128 generated in 1973 ms (64.9 tok/s), drafts accepted 71 of 97, 1 checkpoints
strata serve: decode expert cache hit rate: 97.2% (88693 hits / 91207 lookups); 1123 more read by the GPU over PCIe or from another GPU (1.2% of all 92330 routed)
strata serve: resident RAM: 5.38 GiB of experts in RAM, 126948 exchanged with the VRAM tier, 0 blob reads from the file
strata serve: KV streaming: 99.45% of 58098 block reads hit VRAM, 1.3 MiB read from RAM

=== engine-ab-batch2.log: 211 lines, 107 kept ===
[strata] 2026-10-06 22:53:14 engine started: <strata checkout>/engine/strata --serve --pack <data root>/packs/coder-iq1_m --native <data root>/models/coder-IQ1_M/Qwen3.8-Flash-Next-GSQ-RCO-IQ1_M-00001-of-00002.gguf --ple-gguf <data root>/models/coder-IQ1_M/Qwen3.8-Flash-Next-GSQ-RCO-IQ1_M-00002-of-00002.gguf --expert-profile expert-profile-learned-coder.bin --expert-cache auto --prefill auto --spec 5 --spec-min-p 0.5 --mtp <data root>/mtp/rt --max-context 262144 --kv int8 --kv-resident 32768 --vram-reserve-mib 3072 --vram-reserve-later-mib 800 --pipeline-windows 2 --vision --layer-split 27 --expert-profile-save expert-profile-learned-coder.bin
strata generate: layer split: every stage keeps its own prompt buffers (~1904 MiB each, 2048-token chunks) (STRATA_SPLIT_OWN=1)
strata generate: layer split across 2 GPUs: CUDA0, then CUDA1 (split 27)
strata generate: PCIe probe: 28.2 GB/s host->device (best of 27.7 28.2 27.8 27.8) -> pcie_frac 0.55 (default 0.55)
strata generate: layer split: CUDA0 loads the dense weights of layers 0-26 only
strata generate: layer split: CUDA1 loads the dense weights of layers 27-47 only
strata generate: layer split: CUDA1 PCIe probe 3.1 GB/s (best of 3.1 3.1 3.1 3.1) -> pcie_frac 0.08
strata generate: layer split: CUDA1 holds its weights; 14.19 GiB free (its session follows the split search)
strata generate: KV streaming: 32768 of 262144 cells per QSA layer in VRAM, the K/V in 1.55 GiB of pinned RAM
strata generate: layer split: CUDA1 holds its weights, session [27, 48) and the head; 13.20 GiB free
strata mtp: draft layer loaded, 837 MiB of VRAM (experts 675, dense 111), files read in 0.60 s (1306 MiB/s)
strata generate: GPU 0: AMD Radeon RX 7900 GRE (gfx1100)
strata generate: --pipeline-windows 2: 290 MiB of CUDA0 kept out of the expert cache (the second verifier, the GDN snapshots)
strata generate: expert cache auto: 13.21 GiB free, 3072 MiB reserved (+0 MiB for the draft head) -> 3405 slots
strata generate: expert cache 4662 slots, 8.44 GiB of VRAM; policy is
strata generate: layer split, CUDA1: 12.38 GiB free of 15.98, room for experts 9.62 GiB
strata generate: layer split: CUDA1 runs layers 27-47, expert cache 4765 slots (9.62 GiB), 4765 of its 5376 profiled pairs; slot 0 verified
strata generate: layer split: CUDA0 runs layers 0-26
strata generate: R4 hit path ON - resident experts are computed on the GPU
strata generate: session is up (engine 0.1.40)
strata generate: token graph hit path: 9427 resident experts, decided on the device
strata serve: layer split: 77% of the experts resident, the prompt path's streamed ring 96 slots
strata serve: layer split: layers 0-26 (CUDA0), 27-47 (CUDA1), one hand-off per window
strata mtp: draft head over 40525 tokens (81.2 MiB)
strata serve: --pipeline-windows 2: two verifiers per stage, the stages overlap across windows (decode too; the GDN snapshots beside the window)
strata serve: prompt 15 tokens = 0 reused + 15 read in 382 ms (39.2 tok/s), 2 generated in 81 ms (24.7 tok/s), drafts accepted 4 of 4, 1 checkpoints
strata serve: decode expert cache hit rate: 91.1% (2924 hits / 3211 lookups); 209 more read by the GPU over PCIe or from another GPU (6.1% of all 3420 routed)
strata serve: KV streaming: 91.67% of 432 block reads hit VRAM, 0.1 MiB read from RAM
strata serve: prompt 4210 tokens = 0 reused + 4210 read in 3235 ms (1301.4 tok/s), 128 generated in 1646 ms (77.8 tok/s), drafts accepted 81 of 105, 1 checkpoints
strata serve: decode expert cache hit rate: 97.5% (79050 hits / 81066 lookups); 814 more read by the GPU over PCIe or from another GPU (1.0% of all 81880 routed)
strata serve: KV streaming: 98.95% of 610044 block reads hit VRAM, 25.8 MiB read from RAM
strata serve: prompt 4451 tokens = 4203 reused + 248 read in 796 ms (311.4 tok/s), 128 generated in 2055 ms (62.3 tok/s), drafts accepted 75 of 127, 2 checkpoints
strata serve: decode expert cache hit rate: 98.3% (102707 hits / 104524 lookups); 636 more read by the GPU over PCIe or from another GPU (0.6% of all 105160 routed)
strata serve: KV streaming: 99.53% of 1457346 block reads hit VRAM, 27.5 MiB read from RAM
strata serve: prompt 8830 tokens = 0 reused + 8830 read in 5156 ms (1712.5 tok/s), 128 generated in 1727 ms (74.1 tok/s), drafts accepted 80 of 111, 1 checkpoints
strata serve: decode expert cache hit rate: 98.5% (86564 hits / 87867 lookups); 513 more read by the GPU over PCIe or from another GPU (0.6% of all 88380 routed)
strata serve: KV streaming: 98.33% of 690138 block reads hit VRAM, 46.3 MiB read from RAM
strata serve: prompt 9071 tokens = 8958 reused + 113 read in 600 ms (188.4 tok/s), 128 generated in 1796 ms (71.3 tok/s), drafts accepted 75 of 107, 2 checkpoints
strata serve: decode expert cache hit rate: 98.5% (89182 hits / 90552 lookups); 488 more read by the GPU over PCIe or from another GPU (0.5% of all 91040 routed)
strata serve: KV streaming: 99.11% of 1395702 block reads hit VRAM, 49.9 MiB read from RAM
strata serve: prompt 4210 tokens = 0 reused + 4210 read in 3055 ms (1377.9 tok/s), 76 generated in 926 ms (82.0 tok/s), drafts accepted 47 of 63, 1 checkpoints
strata serve: decode expert cache hit rate: 98.8% (47621 hits / 48220 lookups); 230 more read by the GPU over PCIe or from another GPU (0.5% of all 48450 routed)
strata serve: KV streaming: 98.26% of 360492 block reads hit VRAM, 25.3 MiB read from RAM
strata serve: prompt 4398 tokens = 4285 reused + 113 read in 595 ms (189.8 tok/s), 128 generated in 1848 ms (69.3 tok/s), drafts accepted 76 of 124, 2 checkpoints
strata serve: decode expert cache hit rate: 98.9% (96715 hits / 97812 lookups); 418 more read by the GPU over PCIe or from another GPU (0.4% of all 98230 routed)
strata serve: KV streaming: 99.40% of 1115334 block reads hit VRAM, 27.0 MiB read from RAM
strata serve: prompt 8830 tokens = 0 reused + 8830 read in 5172 ms (1707.4 tok/s), 76 generated in 945 ms (80.4 tok/s), drafts accepted 52 of 63, 1 checkpoints
strata serve: decode expert cache hit rate: 98.9% (49676 hits / 50228 lookups); 222 more read by the GPU over PCIe or from another GPU (0.4% of all 50450 routed)
strata serve: KV streaming: 97.36% of 403614 block reads hit VRAM, 42.9 MiB read from RAM
strata serve: prompt 9018 tokens = 8823 reused + 195 read in 736 ms (264.9 tok/s), 128 generated in 1806 ms (70.9 tok/s), drafts accepted 76 of 118, 2 checkpoints
strata serve: decode expert cache hit rate: 98.9% (96419 hits / 97539 lookups); 411 more read by the GPU over PCIe or from another GPU (0.4% of all 97950 routed)
strata serve: KV streaming: 99.00% of 1195422 block reads hit VRAM, 48.1 MiB read from RAM
[strata] 2026-10-06 22:54:17 engine started: <strata checkout>/engine/strata --serve --pack <data root>/packs/coder-iq1_m --native <data root>/models/coder-IQ1_M/Qwen3.8-Flash-Next-GSQ-RCO-IQ1_M-00001-of-00002.gguf --ple-gguf <data root>/models/coder-IQ1_M/Qwen3.8-Flash-Next-GSQ-RCO-IQ1_M-00002-of-00002.gguf --expert-profile expert-profile-learned-coder.bin --expert-cache auto --prefill auto --spec 5 --spec-min-p 0.5 --mtp <data root>/mtp/rt --max-context 262144 --kv int8 --kv-resident 32768 --vram-reserve-mib 3072 --vram-reserve-later-mib 800 --pipeline-windows 2 --vision --batch 2 --layer-split 27 --expert-profile-save expert-profile-learned-coder.bin
strata generate: layer split: every stage keeps its own prompt buffers (~1904 MiB each, 2048-token chunks) (STRATA_SPLIT_OWN=1)
strata generate: layer split across 2 GPUs: CUDA0, then CUDA1 (split 27)
strata generate: PCIe probe: 28.2 GB/s host->device (best of 28.0 28.2 28.1 28.2) -> pcie_frac 0.55 (default 0.55)
strata generate: layer split: CUDA0 loads the dense weights of layers 0-26 only
strata generate: --pipeline-windows 2 is off: not with --batch slots
strata generate: layer split: CUDA1 loads the dense weights of layers 27-47 only
strata generate: layer split: CUDA1 PCIe probe 3.1 GB/s (best of 3.1 3.1 3.1 3.1) -> pcie_frac 0.08
strata generate: layer split: CUDA1 holds its weights; 14.19 GiB free (its session follows the split search)
strata generate: KV streaming: 32768 of 262144 cells per QSA layer in VRAM, the K/V in 1.55 GiB of pinned RAM
strata generate: layer split: CUDA1 holds its weights, session [27, 48) and the head; 13.20 GiB free
strata generate: --batch: 2 slot sessions on CUDA0 (0.52 GiB each); 12.20 GiB free
strata generate: --batch: 2 slot sessions on CUDA1 (0.50 GiB each); 12.19 GiB free
strata generate: --batch 2: the slot sessions take 1.04 GiB of VRAM on CUDA0 that the expert cache would otherwise hold
strata mtp: draft layer loaded, 836 MiB of VRAM (experts 675, dense 111), files read in 0.74 s (1062 MiB/s)
strata generate: GPU 0: AMD Radeon RX 7900 GRE (gfx1100)
strata generate: expert cache auto: 12.20 GiB free, 3072 MiB reserved (+0 MiB for the draft head) -> 3109 slots
strata generate: expert cache 4259 slots, 7.71 GiB of VRAM; policy is
strata generate: layer split, CUDA1: 11.37 GiB free of 15.98, room for experts 8.77 GiB
strata generate: layer split: CUDA1 runs layers 27-47, expert cache 4338 slots (8.77 GiB), 4338 of its 5376 profiled pairs; slot 0 verified
strata generate: layer split: CUDA0 runs layers 0-26
strata generate: R4 hit path ON - resident experts are computed on the GPU
strata generate: session is up (engine 0.1.40)
strata generate: token graph hit path: 8597 resident experts, decided on the device
strata serve: layer split: layers 0-26 (CUDA0), 27-47 (CUDA1), one hand-off per window
strata mtp: draft head over 40525 tokens (81.2 MiB)
strata verify: batch windows of up to 2 sequences (layers [0, 27))
strata verify: batch windows of up to 2 sequences (layers [27, 48))
strata serve: prompt 15 tokens = 0 reused + 15 read in 307 ms (48.9 tok/s), 2 generated in 100 ms (20.1 tok/s), drafts accepted 4 of 4, 1 checkpoints
strata serve: decode expert cache hit rate: 86.9% (2303 hits / 2651 lookups); 229 more read by the GPU over PCIe or from another GPU (8.0% of all 2880 routed)
strata serve: KV streaming: 91.67% of 360 block reads hit VRAM, 0.1 MiB read from RAM
strata serve: prompt 4210 tokens = 0 reused + 4210 read in 3645 ms (1155.0 tok/s), 128 generated in 1885 ms (67.9 tok/s), drafts accepted 88 of 117, 1 checkpoints
strata serve: decode expert cache hit rate: 96.3% (72738 hits / 75541 lookups); 1259 more read by the GPU over PCIe or from another GPU (1.6% of all 76800 routed)
strata serve: KV streaming: 98.75% of 511440 block reads hit VRAM, 25.7 MiB read from RAM
strata serve: prompt 4451 tokens = 4203 reused + 248 read in 877 ms (282.9 tok/s), 128 generated in 2147 ms (59.6 tok/s), drafts accepted 73 of 117, 2 checkpoints
strata serve: decode expert cache hit rate: 97.4% (79585 hits / 81713 lookups); 847 more read by the GPU over PCIe or from another GPU (1.0% of all 82560 routed)
strata serve: KV streaming: 99.36% of 1059870 block reads hit VRAM, 27.4 MiB read from RAM
strata serve: prompt 8830 tokens = 0 reused + 8830 read in 5695 ms (1550.4 tok/s), 128 generated in 1863 ms (68.7 tok/s), drafts accepted 86 of 117, 1 checkpoints
strata serve: decode expert cache hit rate: 98.2% (76308 hits / 77689 lookups); 551 more read by the GPU over PCIe or from another GPU (0.7% of all 78240 routed)
strata serve: KV streaming: 97.86% of 520674 block reads hit VRAM, 45.0 MiB read from RAM
strata serve: prompt 9071 tokens = 8823 reused + 248 read in 842 ms (294.5 tok/s), 128 generated in 1968 ms (65.1 tok/s), drafts accepted 80 of 118, 2 checkpoints
strata serve: decode expert cache hit rate: 98.5% (78896 hits / 80131 lookups); 509 more read by the GPU over PCIe or from another GPU (0.6% of all 80640 routed)
strata serve: KV streaming: 98.86% of 1056738 block reads hit VRAM, 48.7 MiB read from RAM
strata serve: prompt 4210 tokens = 0 reused + 4210 read in 3348 ms (1257.6 tok/s), 128 generated in 1934 ms (66.2 tok/s), drafts accepted 79 of 106, 1 checkpoints
strata serve: decode expert cache hit rate: 98.6% (74397 hits / 75458 lookups); 382 more read by the GPU over PCIe or from another GPU (0.5% of all 75840 routed)
strata serve: KV streaming: 98.74% of 505296 block reads hit VRAM, 25.7 MiB read from RAM
strata serve: prompt 4451 tokens = 4203 reused + 248 read in 825 ms (300.7 tok/s), 128 generated in 2120 ms (60.4 tok/s), drafts accepted 76 of 126, 2 checkpoints
strata serve: decode expert cache hit rate: 98.1% (84131 hits / 85741 lookups); 659 more read by the GPU over PCIe or from another GPU (0.8% of all 86400 routed)
strata serve: KV streaming: 99.37% of 1078344 block reads hit VRAM, 27.4 MiB read from RAM
strata serve: prompt 8830 tokens = 0 reused + 8830 read in 5686 ms (1552.9 tok/s), 128 generated in 1844 ms (69.4 tok/s), drafts accepted 81 of 113, 1 checkpoints
strata serve: decode expert cache hit rate: 98.6% (75312 hits / 76360 lookups); 440 more read by the GPU over PCIe or from another GPU (0.6% of all 76800 routed)
strata serve: KV streaming: 97.82% of 511464 block reads hit VRAM, 45.0 MiB read from RAM
strata serve: prompt 9071 tokens = 8957 reused + 114 read in 655 ms (174.1 tok/s), 128 generated in 1852 ms (69.1 tok/s), drafts accepted 86 of 125, 2 checkpoints
strata serve: decode expert cache hit rate: 98.1% (78856 hits / 80363 lookups); 757 more read by the GPU over PCIe or from another GPU (0.9% of all 81120 routed)
strata serve: KV streaming: 98.85% of 1050624 block reads hit VRAM, 48.5 MiB read from RAM

=== engine-ab-batch4.log: 270 lines, 132 kept ===
[strata] 2026-10-06 22:55:22 engine started: <strata checkout>/engine/strata --serve --pack <data root>/packs/coder-iq1_m --native <data root>/models/coder-IQ1_M/Qwen3.8-Flash-Next-GSQ-RCO-IQ1_M-00001-of-00002.gguf --ple-gguf <data root>/models/coder-IQ1_M/Qwen3.8-Flash-Next-GSQ-RCO-IQ1_M-00002-of-00002.gguf --expert-profile expert-profile-learned-coder.bin --expert-cache auto --prefill auto --spec 5 --spec-min-p 0.5 --mtp <data root>/mtp/rt --max-context 262144 --kv int8 --kv-resident 32768 --vram-reserve-mib 3072 --vram-reserve-later-mib 800 --pipeline-windows 2 --vision --layer-split 27 --expert-profile-save expert-profile-learned-coder.bin
strata generate: layer split: every stage keeps its own prompt buffers (~1904 MiB each, 2048-token chunks) (STRATA_SPLIT_OWN=1)
strata generate: layer split across 2 GPUs: CUDA0, then CUDA1 (split 27)
strata generate: PCIe probe: 28.2 GB/s host->device (best of 28.2 28.2 28.2 28.2) -> pcie_frac 0.55 (default 0.55)
strata generate: layer split: CUDA0 loads the dense weights of layers 0-26 only
strata generate: layer split: CUDA1 loads the dense weights of layers 27-47 only
strata generate: layer split: CUDA1 PCIe probe 3.1 GB/s (best of 3.1 3.1 3.1 3.1) -> pcie_frac 0.08
strata generate: layer split: CUDA1 holds its weights; 14.19 GiB free (its session follows the split search)
strata generate: KV streaming: 32768 of 262144 cells per QSA layer in VRAM, the K/V in 1.55 GiB of pinned RAM
strata generate: layer split: CUDA1 holds its weights, session [27, 48) and the head; 13.20 GiB free
strata mtp: draft layer loaded, 837 MiB of VRAM (experts 675, dense 111), files read in 0.78 s (1011 MiB/s)
strata generate: GPU 0: AMD Radeon RX 7900 GRE (gfx1100)
strata generate: --pipeline-windows 2: 290 MiB of CUDA0 kept out of the expert cache (the second verifier, the GDN snapshots)
strata generate: expert cache auto: 13.23 GiB free, 3072 MiB reserved (+0 MiB for the draft head) -> 3414 slots
strata generate: expert cache 4675 slots, 8.46 GiB of VRAM; policy is
strata generate: layer split, CUDA1: 12.38 GiB free of 15.98, room for experts 9.62 GiB
strata generate: layer split: CUDA1 runs layers 27-47, expert cache 4765 slots (9.62 GiB), 4765 of its 5376 profiled pairs; slot 0 verified
strata generate: layer split: CUDA0 runs layers 0-26
strata generate: R4 hit path ON - resident experts are computed on the GPU
strata generate: session is up (engine 0.1.40)
strata generate: token graph hit path: 9440 resident experts, decided on the device
strata serve: layer split: 77% of the experts resident, the prompt path's streamed ring 96 slots
strata serve: layer split: layers 0-26 (CUDA0), 27-47 (CUDA1), one hand-off per window
strata mtp: draft head over 40525 tokens (81.2 MiB)
strata serve: --pipeline-windows 2: two verifiers per stage, the stages overlap across windows (decode too; the GDN snapshots beside the window)
[strata] 2026-10-06 22:55:57 engine started: <strata checkout>/engine/strata --serve --pack <data root>/packs/coder-iq1_m --native <data root>/models/coder-IQ1_M/Qwen3.8-Flash-Next-GSQ-RCO-IQ1_M-00001-of-00002.gguf --ple-gguf <data root>/models/coder-IQ1_M/Qwen3.8-Flash-Next-GSQ-RCO-IQ1_M-00002-of-00002.gguf --expert-profile expert-profile-learned-coder.bin --expert-cache auto --prefill auto --spec 5 --spec-min-p 0.5 --mtp <data root>/mtp/rt --max-context 262144 --kv int8 --kv-resident 32768 --vram-reserve-mib 3072 --vram-reserve-later-mib 800 --pipeline-windows 2 --vision --layer-split 27 --expert-profile-save expert-profile-learned-coder.bin
strata generate: layer split: every stage keeps its own prompt buffers (~1904 MiB each, 2048-token chunks) (STRATA_SPLIT_OWN=1)
strata generate: layer split across 2 GPUs: CUDA0, then CUDA1 (split 27)
strata generate: PCIe probe: 28.2 GB/s host->device (best of 28.2 28.2 28.2 28.2) -> pcie_frac 0.55 (default 0.55)
strata generate: layer split: CUDA0 loads the dense weights of layers 0-26 only
strata generate: layer split: CUDA1 loads the dense weights of layers 27-47 only
strata generate: layer split: CUDA1 PCIe probe 3.1 GB/s (best of 3.1 3.1 3.1 3.1) -> pcie_frac 0.08
strata generate: layer split: CUDA1 holds its weights; 14.19 GiB free (its session follows the split search)
strata generate: KV streaming: 32768 of 262144 cells per QSA layer in VRAM, the K/V in 1.55 GiB of pinned RAM
strata generate: layer split: CUDA1 holds its weights, session [27, 48) and the head; 13.20 GiB free
strata mtp: draft layer loaded, 837 MiB of VRAM (experts 675, dense 111), files read in 0.78 s (1013 MiB/s)
strata generate: GPU 0: AMD Radeon RX 7900 GRE (gfx1100)
strata generate: --pipeline-windows 2: 290 MiB of CUDA0 kept out of the expert cache (the second verifier, the GDN snapshots)
strata generate: expert cache auto: 13.21 GiB free, 3072 MiB reserved (+0 MiB for the draft head) -> 3405 slots
strata generate: expert cache 4662 slots, 8.44 GiB of VRAM; policy is
strata generate: layer split, CUDA1: 12.38 GiB free of 15.98, room for experts 9.62 GiB
strata generate: layer split: CUDA1 runs layers 27-47, expert cache 4765 slots (9.62 GiB), 4765 of its 5376 profiled pairs; slot 0 verified
strata generate: layer split: CUDA0 runs layers 0-26
strata generate: R4 hit path ON - resident experts are computed on the GPU
strata generate: session is up (engine 0.1.40)
strata generate: token graph hit path: 9427 resident experts, decided on the device
strata serve: layer split: 77% of the experts resident, the prompt path's streamed ring 96 slots
strata serve: layer split: layers 0-26 (CUDA0), 27-47 (CUDA1), one hand-off per window
strata mtp: draft head over 40525 tokens (81.2 MiB)
strata serve: --pipeline-windows 2: two verifiers per stage, the stages overlap across windows (decode too; the GDN snapshots beside the window)
strata serve: prompt 15 tokens = 0 reused + 15 read in 373 ms (40.3 tok/s), 2 generated in 79 ms (25.4 tok/s), drafts accepted 4 of 4, 1 checkpoints
strata serve: decode expert cache hit rate: 91.1% (2924 hits / 3211 lookups); 209 more read by the GPU over PCIe or from another GPU (6.1% of all 3420 routed)
strata serve: KV streaming: 91.67% of 432 block reads hit VRAM, 0.1 MiB read from RAM
strata serve: prompt 4210 tokens = 0 reused + 4210 read in 4404 ms (956.0 tok/s), 128 generated in 1802 ms (71.0 tok/s), drafts accepted 84 of 130, 1 checkpoints
strata serve: decode expert cache hit rate: 97.3% (94099 hits / 96715 lookups); 1185 more read by the GPU over PCIe or from another GPU (1.2% of all 97900 routed)
strata serve: KV streaming: 99.16% of 770238 block reads hit VRAM, 25.9 MiB read from RAM
strata serve: prompt 4451 tokens = 4338 reused + 113 read in 598 ms (188.8 tok/s), 128 generated in 1996 ms (64.1 tok/s), drafts accepted 71 of 121, 2 checkpoints
strata serve: decode expert cache hit rate: 98.0% (94374 hits / 96254 lookups); 656 more read by the GPU over PCIe or from another GPU (0.7% of all 96910 routed)
strata serve: KV streaming: 99.54% of 1497342 block reads hit VRAM, 27.5 MiB read from RAM
strata serve: prompt 8830 tokens = 0 reused + 8830 read in 4911 ms (1798.1 tok/s), 128 generated in 2257 ms (56.7 tok/s), drafts accepted 62 of 62, 1 checkpoints
strata serve: decode expert cache hit rate: 97.2% (59362 hits / 61098 lookups); 342 more read by the GPU over PCIe or from another GPU (0.6% of all 61440 routed)
strata serve: KV streaming: 97.87% of 412854 block reads hit VRAM, 35.4 MiB read from RAM
strata serve: prompt 8959 tokens = 8823 reused + 136 read in 569 ms (238.9 tok/s), 128 generated in 2211 ms (57.9 tok/s), drafts accepted 62 of 62, 2 checkpoints
strata serve: decode expert cache hit rate: 98.9% (60752 hits / 61404 lookups); 36 more read by the GPU over PCIe or from another GPU (0.1% of all 61440 routed)
strata serve: KV streaming: 98.78% of 825714 block reads hit VRAM, 40.5 MiB read from RAM
strata serve: prompt 4210 tokens = 0 reused + 4210 read in 3505 ms (1201.1 tok/s), 128 generated in 1771 ms (72.3 tok/s), drafts accepted 78 of 114, 1 checkpoints
strata serve: decode expert cache hit rate: 98.2% (86913 hits / 88540 lookups); 680 more read by the GPU over PCIe or from another GPU (0.8% of all 89220 routed)
strata serve: KV streaming: 99.06% of 683994 block reads hit VRAM, 25.9 MiB read from RAM
strata serve: prompt 4451 tokens = 4338 reused + 113 read in 800 ms (141.3 tok/s), 128 generated in 1883 ms (68.0 tok/s), drafts accepted 74 of 113, 2 checkpoints
strata serve: decode expert cache hit rate: 98.5% (96111 hits / 97541 lookups); 549 more read by the GPU over PCIe or from another GPU (0.6% of all 98090 routed)
strata serve: KV streaming: 99.54% of 1485084 block reads hit VRAM, 27.5 MiB read from RAM
strata serve: prompt 8830 tokens = 0 reused + 8830 read in 5183 ms (1703.6 tok/s), 128 generated in 1794 ms (71.4 tok/s), drafts accepted 80 of 113, 1 checkpoints
strata serve: decode expert cache hit rate: 98.9% (87805 hits / 88766 lookups); 394 more read by the GPU over PCIe or from another GPU (0.4% of all 89160 routed)
strata serve: KV streaming: 98.34% of 680886 block reads hit VRAM, 45.5 MiB read from RAM
strata serve: prompt 9071 tokens = 8823 reused + 248 read in 832 ms (298.2 tok/s), 127 generated in 2197 ms (57.8 tok/s), drafts accepted 66 of 128, 2 checkpoints
strata serve: decode expert cache hit rate: 99.2% (102356 hits / 103196 lookups); 244 more read by the GPU over PCIe or from another GPU (0.2% of all 103440 routed)
strata serve: KV streaming: 99.19% of 1491210 block reads hit VRAM, 48.9 MiB read from RAM
[strata] 2026-10-06 22:57:05 engine started: <strata checkout>/engine/strata --serve --pack <data root>/packs/coder-iq1_m --native <data root>/models/coder-IQ1_M/Qwen3.8-Flash-Next-GSQ-RCO-IQ1_M-00001-of-00002.gguf --ple-gguf <data root>/models/coder-IQ1_M/Qwen3.8-Flash-Next-GSQ-RCO-IQ1_M-00002-of-00002.gguf --expert-profile expert-profile-learned-coder.bin --expert-cache auto --prefill auto --spec 5 --spec-min-p 0.5 --mtp <data root>/mtp/rt --max-context 262144 --kv int8 --kv-resident 32768 --vram-reserve-mib 3072 --vram-reserve-later-mib 800 --pipeline-windows 2 --vision --batch 4 --layer-split 27 --expert-profile-save expert-profile-learned-coder.bin
strata generate: layer split: every stage keeps its own prompt buffers (~1904 MiB each, 2048-token chunks) (STRATA_SPLIT_OWN=1)
strata generate: layer split across 2 GPUs: CUDA0, then CUDA1 (split 27)
strata generate: PCIe probe: 28.2 GB/s host->device (best of 23.8 27.6 28.2 28.2) -> pcie_frac 0.55 (default 0.55)
strata generate: layer split: CUDA0 loads the dense weights of layers 0-26 only
strata generate: --pipeline-windows 2 is off: not with --batch slots
strata generate: layer split: CUDA1 loads the dense weights of layers 27-47 only
strata generate: layer split: CUDA1 PCIe probe 3.1 GB/s (best of 3.1 3.1 3.1 3.1) -> pcie_frac 0.08
strata generate: layer split: CUDA1 holds its weights; 14.19 GiB free (its session follows the split search)
strata generate: KV streaming: 32768 of 262144 cells per QSA layer in VRAM, the K/V in 1.55 GiB of pinned RAM
strata generate: layer split: CUDA1 holds its weights, session [27, 48) and the head; 13.20 GiB free
strata generate: --batch: 4 slot sessions on CUDA0 (0.52 GiB each); 11.14 GiB free
strata generate: --batch: 4 slot sessions on CUDA1 (0.50 GiB each); 11.19 GiB free
strata generate: --batch 4: the slot sessions take 2.08 GiB of VRAM on CUDA0 that the expert cache would otherwise hold
strata mtp: draft layer loaded, 836 MiB of VRAM (experts 675, dense 111), files read in 0.79 s (989 MiB/s)
strata generate: GPU 0: AMD Radeon RX 7900 GRE (gfx1100)
strata generate: expert cache auto: 11.16 GiB free, 3072 MiB reserved (+0 MiB for the draft head) -> 2690 slots
strata generate: expert cache 3685 slots, 6.67 GiB of VRAM; policy is
strata generate: layer split, CUDA1: 10.37 GiB free of 15.98, room for experts 7.77 GiB
strata generate: layer split: CUDA1 runs layers 27-47, expert cache 3840 slots (7.77 GiB), 3840 of its 5376 profiled pairs; slot 0 verified
strata generate: layer split: CUDA0 runs layers 0-26
strata generate: R4 hit path ON - resident experts are computed on the GPU
strata generate: session is up (engine 0.1.40)
strata generate: token graph hit path: 7525 resident experts, decided on the device
strata serve: layer split: layers 0-26 (CUDA0), 27-47 (CUDA1), one hand-off per window
strata mtp: draft head over 40525 tokens (81.2 MiB)
strata verify: batch windows of up to 4 sequences (layers [0, 27))
strata verify: batch windows of up to 4 sequences (layers [27, 48))
strata serve: prompt 15 tokens = 0 reused + 15 read in 329 ms (45.6 tok/s), 2 generated in 107 ms (18.7 tok/s), drafts accepted 4 of 4, 1 checkpoints
strata serve: decode expert cache hit rate: 80.1% (2060 hits / 2572 lookups); 308 more read by the GPU over PCIe or from another GPU (10.7% of all 2880 routed)
strata serve: KV streaming: 91.67% of 360 block reads hit VRAM, 0.1 MiB read from RAM
strata serve: prompt 4210 tokens = 0 reused + 4210 read in 4928 ms (854.2 tok/s), 128 generated in 1939 ms (66.0 tok/s), drafts accepted 84 of 112, 1 checkpoints
strata serve: decode expert cache hit rate: 94.1% (68710 hits / 73029 lookups); 1851 more read by the GPU over PCIe or from another GPU (2.5% of all 74880 routed)
strata serve: KV streaming: 98.71% of 499122 block reads hit VRAM, 25.8 MiB read from RAM
strata serve: prompt 4451 tokens = 4337 reused + 114 read in 771 ms (147.8 tok/s), 128 generated in 1894 ms (67.6 tok/s), drafts accepted 83 of 114, 2 checkpoints
strata serve: decode expert cache hit rate: 96.1% (72144 hits / 75036 lookups); 1284 more read by the GPU over PCIe or from another GPU (1.7% of all 76320 routed)
strata serve: KV streaming: 99.32% of 1007496 block reads hit VRAM, 27.4 MiB read from RAM
strata serve: prompt 8830 tokens = 0 reused + 8830 read in 7127 ms (1238.9 tok/s), 128 generated in 1900 ms (67.4 tok/s), drafts accepted 80 of 106, 1 checkpoints
strata serve: decode expert cache hit rate: 97.2% (70906 hits / 72938 lookups); 982 more read by the GPU over PCIe or from another GPU (1.3% of all 73920 routed)
strata serve: KV streaming: 97.77% of 492948 block reads hit VRAM, 44.2 MiB read from RAM
strata serve: prompt 9071 tokens = 8957 reused + 114 read in 788 ms (144.7 tok/s), 128 generated in 2149 ms (59.6 tok/s), drafts accepted 75 of 111, 2 checkpoints
strata serve: decode expert cache hit rate: 97.0% (76727 hits / 79129 lookups); 1031 more read by the GPU over PCIe or from another GPU (1.3% of all 80160 routed)
strata serve: KV streaming: 98.82% of 1025958 block reads hit VRAM, 48.6 MiB read from RAM
strata serve: prompt 4210 tokens = 0 reused + 4210 read in 4196 ms (1003.2 tok/s), 128 generated in 1839 ms (69.6 tok/s), drafts accepted 85 of 116, 1 checkpoints
strata serve: decode expert cache hit rate: 97.1% (73444 hits / 75617 lookups); 1183 more read by the GPU over PCIe or from another GPU (1.5% of all 76800 routed)
strata serve: KV streaming: 98.75% of 511458 block reads hit VRAM, 25.8 MiB read from RAM
strata serve: prompt 4451 tokens = 4338 reused + 113 read in 772 ms (146.4 tok/s), 128 generated in 2168 ms (59.0 tok/s), drafts accepted 73 of 119, 2 checkpoints
strata serve: decode expert cache hit rate: 97.3% (80609 hits / 82858 lookups); 1142 more read by the GPU over PCIe or from another GPU (1.4% of all 84000 routed)
strata serve: KV streaming: 99.36% of 1069116 block reads hit VRAM, 27.4 MiB read from RAM
strata serve: prompt 8830 tokens = 0 reused + 8830 read in 7166 ms (1232.2 tok/s), 128 generated in 1709 ms (74.9 tok/s), drafts accepted 88 of 101, 1 checkpoints
strata serve: decode expert cache hit rate: 97.2% (65684 hits / 67580 lookups); 1060 more read by the GPU over PCIe or from another GPU (1.5% of all 68640 routed)
strata serve: KV streaming: 97.59% of 459066 block reads hit VRAM, 44.6 MiB read from RAM
strata serve: prompt 9071 tokens = 8823 reused + 248 read in 967 ms (256.3 tok/s), 128 generated in 2058 ms (62.2 tok/s), drafts accepted 74 of 102, 2 checkpoints
strata serve: decode expert cache hit rate: 96.3% (70963 hits / 73652 lookups); 1228 more read by the GPU over PCIe or from another GPU (1.6% of all 74880 routed)
strata serve: KV streaming: 98.74% of 958200 block reads hit VRAM, 48.5 MiB read from RAM

=== batch-concurrent-batch2.engine.log: 92 lines, 51 kept ===
[strata] 2026-10-06 23:11:54 engine started: <strata checkout>/engine/strata --serve --pack <data root>/packs/coder-iq1_m --native <data root>/models/coder-IQ1_M/Qwen3.8-Flash-Next-GSQ-RCO-IQ1_M-00001-of-00002.gguf --ple-gguf <data root>/models/coder-IQ1_M/Qwen3.8-Flash-Next-GSQ-RCO-IQ1_M-00002-of-00002.gguf --expert-profile expert-profile-learned-coder.bin --expert-cache auto --prefill auto --spec 5 --spec-min-p 0.5 --mtp <data root>/mtp/rt --max-context 262144 --kv int8 --kv-resident 32768 --vram-reserve-mib 3072 --vram-reserve-later-mib 800 --pipeline-windows 2 --vision --batch 2 --layer-split 27 --expert-profile-save expert-profile-learned-coder.bin
strata generate: layer split: every stage keeps its own prompt buffers (~1904 MiB each, 2048-token chunks) (STRATA_SPLIT_OWN=1)
strata generate: layer split across 2 GPUs: CUDA0, then CUDA1 (split 27)
strata generate: PCIe probe: 28.1 GB/s host->device (best of 27.0 26.7 28.1 26.9) -> pcie_frac 0.55 (default 0.55)
strata generate: layer split: CUDA0 loads the dense weights of layers 0-26 only
strata generate: --pipeline-windows 2 is off: not with --batch slots
strata generate: layer split: CUDA1 loads the dense weights of layers 27-47 only
strata generate: layer split: CUDA1 PCIe probe 3.1 GB/s (best of 3.1 3.1 3.1 3.0) -> pcie_frac 0.08
strata generate: layer split: CUDA1 holds its weights; 14.19 GiB free (its session follows the split search)
strata generate: KV streaming: 32768 of 262144 cells per QSA layer in VRAM, the K/V in 1.55 GiB of pinned RAM
strata generate: layer split: CUDA1 holds its weights, session [27, 48) and the head; 13.20 GiB free
strata generate: --batch: 2 slot sessions on CUDA0 (0.52 GiB each); 12.18 GiB free
strata generate: --batch: 2 slot sessions on CUDA1 (0.50 GiB each); 12.19 GiB free
strata generate: --batch 2: the slot sessions take 1.04 GiB of VRAM on CUDA0 that the expert cache would otherwise hold
strata mtp: draft layer loaded, 836 MiB of VRAM (experts 675, dense 111), files read in 0.79 s (994 MiB/s)
strata generate: GPU 0: AMD Radeon RX 7900 GRE (gfx1100)
strata generate: expert cache auto: 12.17 GiB free, 3072 MiB reserved (+0 MiB for the draft head) -> 3101 slots
strata generate: expert cache 4248 slots, 7.69 GiB of VRAM; policy is
strata generate: layer split, CUDA1: 11.37 GiB free of 15.98, room for experts 8.77 GiB
strata generate: layer split: CUDA1 runs layers 27-47, expert cache 4338 slots (8.77 GiB), 4338 of its 5376 profiled pairs; slot 0 verified
strata generate: layer split: CUDA0 runs layers 0-26
strata generate: R4 hit path ON - resident experts are computed on the GPU
strata generate: session is up (engine 0.1.40)
strata generate: token graph hit path: 8586 resident experts, decided on the device
strata serve: layer split: layers 0-26 (CUDA0), 27-47 (CUDA1), one hand-off per window
strata mtp: draft head over 40525 tokens (81.2 MiB)
strata verify: batch windows of up to 2 sequences (layers [0, 27))
strata verify: batch windows of up to 2 sequences (layers [27, 48))
strata serve: prompt 1757 tokens = 0 reused + 1757 read in 2285 ms (768.9 tok/s), 1 generated in 40 ms (24.8 tok/s), drafts accepted 0 of 0, 1 checkpoints
strata serve: decode expert cache hit rate: 96.8% (461 hits / 476 lookups); 4 more read by the GPU over PCIe or from another GPU (0.8% of all 480 routed)
strata serve: KV streaming: 85.68% of 18432 block reads hit VRAM, 10.6 MiB read from RAM
strata batch: slot 0 takes 1758 tokens (copied in 103.4 ms)
strata serve: prompt 1758 tokens = 1757 reused + 1 read in 1 ms (1231.7 tok/s), 1 generated in 26 ms (38.4 tok/s), drafts accepted 0 of 0, 1 checkpoints
strata serve: decode expert cache hit rate: 96.9% (464 hits / 479 lookups); 1 more read by the GPU over PCIe or from another GPU (0.2% of all 480 routed)
strata serve: KV streaming: 87.47% of 21072 block reads hit VRAM, 10.6 MiB read from RAM
strata verify: captured the batch window over slots 0
strata verify: captured the batch window over slots 0
strata batch: the prompt was read in 2 parts, the slots decoding 855 ms between them
strata batch: slot 1 takes 2334 tokens (copied in 126.5 ms)
strata serve: prompt 2334 tokens = 0 reused + 2334 read in 3721 ms (627.2 tok/s), 1 generated in 27 ms (36.9 tok/s), drafts accepted 0 of 0, 1 checkpoints
strata serve: decode expert cache hit rate: 97.1% (462 hits / 476 lookups); 4 more read by the GPU over PCIe or from another GPU (0.8% of all 480 routed)
strata serve: KV streaming: 84.21% of 21570 block reads hit VRAM, 13.7 MiB read from RAM
strata verify: captured the batch window over slots 0,1
strata verify: captured the batch window over slots 0,1
strata verify: captured the batch window over slots 1
strata verify: captured the batch window over slots 1
strata batch: 407 windows, avg 1.91 rows, 33.74 ms/window = run 31.87 (CUDA0 GPU-reach wait 14.13 + CPU experts 2.80) + commit 1.86 + emit 0.01; per layer-window: CPU experts 0.89, VRAM hits 17.97, PCIe 0.42; 46.5 rows/s over 16754 ms of wall time (admissions included)
strata batch: slot 1 gave back 2709 tokens of this conversation (all it holds) in 104.8 ms
strata serve: prompt 2710 tokens = 2709 reused + 1 read in 106 ms (9.4 tok/s), 124 generated in 2362 ms (52.5 tok/s), drafts accepted 64 of 122, 0 checkpoints
strata serve: decode expert cache hit rate: 97.7% (84557 hits / 86580 lookups); 780 more read by the GPU over PCIe or from another GPU (0.9% of all 87360 routed)
strata serve: KV streaming: 99.24% of 560778 block reads hit VRAM, 17.1 MiB read from RAM

=== batch-concurrent-batch4.engine.log: 97 lines, 65 kept ===
[strata] 2026-10-06 23:12:58 engine started: <strata checkout>/engine/strata --serve --pack <data root>/packs/coder-iq1_m --native <data root>/models/coder-IQ1_M/Qwen3.8-Flash-Next-GSQ-RCO-IQ1_M-00001-of-00002.gguf --ple-gguf <data root>/models/coder-IQ1_M/Qwen3.8-Flash-Next-GSQ-RCO-IQ1_M-00002-of-00002.gguf --expert-profile expert-profile-learned-coder.bin --expert-cache auto --prefill auto --spec 5 --spec-min-p 0.5 --mtp <data root>/mtp/rt --max-context 262144 --kv int8 --kv-resident 32768 --vram-reserve-mib 3072 --vram-reserve-later-mib 800 --pipeline-windows 2 --vision --batch 4 --layer-split 27 --expert-profile-save expert-profile-learned-coder.bin
strata generate: layer split: every stage keeps its own prompt buffers (~1904 MiB each, 2048-token chunks) (STRATA_SPLIT_OWN=1)
strata generate: layer split across 2 GPUs: CUDA0, then CUDA1 (split 27)
strata generate: PCIe probe: 28.2 GB/s host->device (best of 28.2 28.2 28.2 28.2) -> pcie_frac 0.55 (default 0.55)
strata generate: layer split: CUDA0 loads the dense weights of layers 0-26 only
strata generate: --pipeline-windows 2 is off: not with --batch slots
strata generate: layer split: CUDA1 loads the dense weights of layers 27-47 only
strata generate: layer split: CUDA1 PCIe probe 3.1 GB/s (best of 3.1 3.1 3.1 3.1) -> pcie_frac 0.08
strata generate: layer split: CUDA1 holds its weights; 14.19 GiB free (its session follows the split search)
strata generate: KV streaming: 32768 of 262144 cells per QSA layer in VRAM, the K/V in 1.55 GiB of pinned RAM
strata generate: layer split: CUDA1 holds its weights, session [27, 48) and the head; 13.20 GiB free
strata generate: --batch: 4 slot sessions on CUDA0 (0.52 GiB each); 11.16 GiB free
strata generate: --batch: 4 slot sessions on CUDA1 (0.50 GiB each); 11.19 GiB free
strata generate: --batch 4: the slot sessions take 2.08 GiB of VRAM on CUDA0 that the expert cache would otherwise hold
strata mtp: draft layer loaded, 836 MiB of VRAM (experts 675, dense 111), files read in 0.79 s (999 MiB/s)
strata generate: GPU 0: AMD Radeon RX 7900 GRE (gfx1100)
strata generate: expert cache auto: 11.13 GiB free, 3072 MiB reserved (+0 MiB for the draft head) -> 2682 slots
strata generate: expert cache 3674 slots, 6.65 GiB of VRAM; policy is
strata generate: layer split, CUDA1: 10.37 GiB free of 15.98, room for experts 7.77 GiB
strata generate: layer split: CUDA1 runs layers 27-47, expert cache 3840 slots (7.77 GiB), 3840 of its 5376 profiled pairs; slot 0 verified
strata generate: layer split: CUDA0 runs layers 0-26
strata generate: R4 hit path ON - resident experts are computed on the GPU
strata generate: session is up (engine 0.1.40)
strata generate: token graph hit path: 7514 resident experts, decided on the device
strata serve: layer split: layers 0-26 (CUDA0), 27-47 (CUDA1), one hand-off per window
strata mtp: draft head over 40525 tokens (81.2 MiB)
strata verify: batch windows of up to 4 sequences (layers [0, 27))
strata verify: batch windows of up to 4 sequences (layers [27, 48))
strata serve: prompt 1757 tokens = 0 reused + 1757 read in 3164 ms (555.4 tok/s), 1 generated in 43 ms (23.2 tok/s), drafts accepted 0 of 0, 1 checkpoints
strata serve: decode expert cache hit rate: 96.2% (454 hits / 472 lookups); 8 more read by the GPU over PCIe or from another GPU (1.7% of all 480 routed)
strata serve: KV streaming: 85.68% of 18432 block reads hit VRAM, 10.6 MiB read from RAM
strata batch: slot 0 takes 1758 tokens (copied in 104.1 ms)
strata serve: prompt 1758 tokens = 1757 reused + 1 read in 1 ms (1253.0 tok/s), 1 generated in 26 ms (37.9 tok/s), drafts accepted 0 of 0, 1 checkpoints
strata serve: decode expert cache hit rate: 95.6% (454 hits / 475 lookups); 5 more read by the GPU over PCIe or from another GPU (1.0% of all 480 routed)
strata serve: KV streaming: 87.47% of 21072 block reads hit VRAM, 10.6 MiB read from RAM
strata verify: captured the batch window over slots 0
strata verify: captured the batch window over slots 0
strata batch: the prompt was read in 2 parts, the slots decoding 1034 ms between them
strata batch: slot 1 takes 2334 tokens (copied in 108.2 ms)
strata serve: prompt 2334 tokens = 0 reused + 2334 read in 4531 ms (515.1 tok/s), 1 generated in 27 ms (37.2 tok/s), drafts accepted 0 of 0, 1 checkpoints
strata serve: decode expert cache hit rate: 95.3% (450 hits / 472 lookups); 8 more read by the GPU over PCIe or from another GPU (1.7% of all 480 routed)
strata serve: KV streaming: 84.23% of 21570 block reads hit VRAM, 13.7 MiB read from RAM
strata verify: captured the batch window over slots 0,1
strata verify: captured the batch window over slots 0,1
strata batch: the prompt was read in 2 parts, the slots decoding 1018 ms between them
strata batch: slot 2 takes 2913 tokens (copied in 118.0 ms)
strata serve: prompt 2913 tokens = 0 reused + 2913 read in 5015 ms (580.8 tok/s), 1 generated in 27 ms (36.4 tok/s), drafts accepted 0 of 0, 1 checkpoints
strata serve: decode expert cache hit rate: 95.3% (449 hits / 471 lookups); 9 more read by the GPU over PCIe or from another GPU (1.9% of all 480 routed)
strata serve: KV streaming: 82.16% of 21564 block reads hit VRAM, 15.5 MiB read from RAM
strata verify: captured the batch window over slots 0,1,2
strata verify: captured the batch window over slots 0,1,2
strata batch: the prompt was read in 2 parts, the slots decoding 1042 ms between them
strata batch: slot 3 takes 3584 tokens (copied in 111.7 ms)
strata serve: prompt 3584 tokens = 0 reused + 3584 read in 5115 ms (700.6 tok/s), 1 generated in 26 ms (37.9 tok/s), drafts accepted 0 of 0, 1 checkpoints
strata serve: decode expert cache hit rate: 98.3% (471 hits / 479 lookups); 1 more read by the GPU over PCIe or from another GPU (0.2% of all 480 routed)
strata serve: KV streaming: 81.24% of 21564 block reads hit VRAM, 16.3 MiB read from RAM
strata verify: captured the batch window over slots 0,1,2,3
strata verify: captured the batch window over slots 0,1,2,3
strata verify: captured the batch window over slots 1,2,3
strata verify: captured the batch window over slots 1,2,3
strata verify: captured the batch window over slots 2,3
strata verify: captured the batch window over slots 2,3
strata verify: captured the batch window over slots 3
strata verify: captured the batch window over slots 3
strata batch: 593 windows, avg 3.28 rows, 48.05 ms/window = run 44.98 (CUDA0 GPU-reach wait 18.67 + CPU experts 6.66) + commit 3.06 + emit 0.01; per layer-window: CPU experts 2.22, VRAM hits 29.45, PCIe 1.33; 48.1 rows/s over 40488 ms of wall time (admissions included)
