[strata] 2026-10-06 22:21:45 engine started: <strata checkout>/engine/strata --serve --pack <data root>/packs/coder-iq1_m --native <data root>/models/coder-IQ1_M/Qwen3.8-Flash-Next-GSQ-RCO-IQ1_M-00001-of-00002.gguf --ple-gguf <data root>/models/coder-IQ1_M/Qwen3.8-Flash-Next-GSQ-RCO-IQ1_M-00002-of-00002.gguf --expert-profile expert-profile-learned-coder.bin --expert-cache auto --prefill auto --spec 5 --spec-min-p 0.5 --mtp <data root>/mtp/rt --max-context 262144 --kv int8 --kv-resident 32768 --vram-reserve-mib 3072 --vram-reserve-later-mib 800 --pipeline-windows 2 --vision --resident-budget-gib 30 --layer-split 27 --expert-profile-save expert-profile-learned-coder.bin
strata generate: layer split: every stage keeps its own prompt buffers (~1904 MiB each, 2048-token chunks) (STRATA_SPLIT_OWN=1)
strata generate: layer split across 2 GPUs: CUDA0, then CUDA1 (split 27)
strata generate: PCIe probe: 28.2 GB/s host->device (best of 28.2 28.0 28.2 28.2) -> pcie_frac 0.55 (default 0.55)
strata generate: this CPU has no AVX-512: the expert kernels run on AVX-2 (multi-token for the i-quant gate/up rows)
strata generate: native pack: <data root>/packs/coder-iq1_m experts (largest blob 2.66 MB), token embedding IQ4_XS in mapped host memory (322 MiB, 0.1 s)
strata generate: layer split: CUDA0 loads the dense weights of layers 0-26 only
strata generate: 848 MiB of weights loaded from <data root>/packs/coder-iq1_m in 0.1 s (617 canonical tensors skipped: served natively)
strata generate: 168 native projection matrices, 1127.45 MiB of weights, in 0.1 s
strata generate: the SSD is kept awake while rows are read: one page of the table after 100 ms without a read, until 60 s after the last request (STRATA_SSD_KEEPALIVE=0 turns it off)
strata generate: layer split: CUDA1 loads the dense weights of layers 27-47 only
strata generate: layer split: CUDA1 PCIe probe 3.1 GB/s (best of 3.1 3.1 3.1 3.1) -> pcie_frac 0.08
strata generate: layer split: CUDA1 holds its weights; 14.19 GiB free (its session follows the split search)
strata generate: profile expert-profile-learned-coder.bin: 12288 ranked pairs, built for 12288 slots
strata generate: KV streaming: 32768 of 262144 cells per QSA layer in VRAM, the K/V in 1.55 GiB of pinned RAM
strata generate: PLE on, table 320001536 rows of <data root>/models/coder-IQ1_M/Qwen3.8-Flash-Next-GSQ-RCO-IQ1_M-00002-of-00002.gguf
strata generate: layer split: CUDA1 holds its weights, session [27, 48) and the head; 13.20 GiB free
strata mtp: draft layer loaded, 837 MiB of VRAM (experts 675, dense 111), files read in 0.62 s (1266 MiB/s)
strata generate: GPU 0: AMD Radeon RX 7900 GRE (gfx1100)
strata generate: experts via mmap (--mmap-experts; the A/B arm of R2.1)
strata generate: the file tier reads through the file cache (47.0 GiB available, 23.4 GiB of it still to be taken by the RAM copy, 0.0 GiB of experts read from the files: the file cache can keep them)
strata generate: 7 pool workers on logical processors 1,2,3,4,5,6,7, the host thread on 0 (draining too) (--host-core first)
strata generate: --pipeline-windows 2: 290 MiB of CUDA0 kept out of the expert cache (the second verifier, the GDN snapshots)
strata generate: expert cache auto: 13.19 GiB free, 3072 MiB reserved (+0 MiB for the draft head) -> 3395 slots
strata generate: expert cache 4648 slots, 8.42 GiB of VRAM; policy is
strata generate: the GPU computes the experts in the cache; it rounds differently from the CPU,
                 so a reply can differ slightly from a run without the cache (same quality:
                 bench/results/2026-09-27-cache-parity).
                 PROFILE, ranked by routing frequency, no eviction.
strata generate: the profile fill asks for 256 pairs ahead (STRATA_FILL_AHEAD)
strata generate: pre-filled 4648 of 4648 slots from the profile in 2.8 s (3205 MB/s); slot 0 verified
strata generate: layer split, CUDA1: 12.38 GiB free of 15.98, room for experts 9.62 GiB
strata generate: layer split: CUDA1 runs layers 27-47, expert cache 4765 slots (9.62 GiB), 4765 of its 5376 profiled pairs; slot 0 verified
strata generate: layer split: CUDA0 runs layers 0-26
strata generate: R4 hit path ON - resident experts are computed on the GPU
strata generate: 7 expert-pool workers + the host thread
strata generate: session is up (engine 0.1.40)
strata generate: token graph hit path: 9413 resident experts, decided on the device
FileExpertSource: RAM budget 30.00 GiB: 2875 of the 5.38 GiB of experts the GPU cache does not hold, by profile rank; the rest are read from the files
FileExpertSource: allocating 5.38 GiB page-locked cache complement
FileExpertSource: copied cache complement through layer 8/48 (1.40 GiB, 1 s)
FileExpertSource: copied cache complement through layer 16/48 (2.95 GiB, 2 s)
FileExpertSource: copied cache complement through layer 24/48 (4.23 GiB, 2 s)
FileExpertSource: copied cache complement through layer 32/48 (4.49 GiB, 3 s)
FileExpertSource: copied cache complement through layer 40/48 (5.05 GiB, 3 s)
FileExpertSource: copied cache complement through layer 48/48 (5.38 GiB, 3 s)
FileExpertSource: mapped pinned cache complement ready: resident 5.38 GiB, pinned 5.38 GiB in 4 s; page-locked and mapped
FileExpertSource: 4765 verified additional-GPU experts remain on the mmap fallback
FileExpertSource: exchange rotation unavailable; retaining copy path: requires equal-size expert blocks and a fully mapped/pinned RAM complement
strata generate: resident RAM mode: 5.38 GiB of experts in RAM (page-locked), 4648 in the GPU cache; adaptive swaps exchange them with the GPU cache (no file reads)
strata generate: the file tier reads through the file cache (re-checked with the RAM copy built (5.38 GiB): 41.1 GiB available, 0.0 GiB of it still to be taken by the RAM copy, 18.0 GiB of experts read from the files: the file cache can keep them)
strata serve: layer split: 77% of the experts resident, the prompt path's streamed ring 96 slots
strata serve: the prompt path allocates its own buffers (too few cache slots to borrow)
prefill gemm: hipBLASLt tuning enabled (26 rows, gfx1100, version 100202)
prefill gemm: hipBLASLt tuning enabled (26 rows, gfx1100, version 100202)
strata hc: CUDA1: the hyper-connection read runs as staged (the norm per token and stream, the down projection's activations staged ahead by cp.async); checked bit for bit against the plain read on this card (STRATA_HC_SPLIT=1 or 0 for the earlier ones)
strata verify: window up to 7 tokens, 81.6 MiB of device buffers
strata serve: layer split: layers 0-26 (CUDA0), 27-47 (CUDA1), one hand-off per window
strata verify: window up to 7 tokens, 81.6 MiB of device buffers
strata hc: CUDA0: the hyper-connection read runs as staged (the norm per token and stream, the down projection's activations staged ahead by cp.async); checked bit for bit against the plain read on this card (STRATA_HC_SPLIT=1 or 0 for the earlier ones)
strata verify: window up to 7 tokens, 81.6 MiB of device buffers
strata verify: window up to 7 tokens, 81.6 MiB of device buffers
strata mtp: draft head over 40525 tokens (81.2 MiB)
strata serve: --pipeline-windows 2: two verifiers per stage, the stages overlap across windows (decode too; the GDN snapshots beside the window)
strata serve: 3192 MiB of VRAM free with everything loaded
strata verify: captured the 1-token window (upload no error, sync no error)
strata verify: captured the 2-token window (upload no error, sync no error)
strata verify: captured the 3-token window (upload no error, sync no error)
strata verify: captured the 4-token window (upload no error, sync no error)
strata verify: captured the 5-token window (upload no error, sync no error)
strata verify: captured the 6-token window (upload no error, sync no error)
strata verify: captured the 7-token window (upload no error, sync no error)
strata verify: captured the 1-token window (upload no error, sync no error)
strata verify: captured the 2-token window (upload no error, sync no error)
strata verify: captured the 3-token window (upload no error, sync no error)
strata verify: captured the 4-token window (upload no error, sync no error)
strata verify: captured the 5-token window (upload no error, sync no error)
strata verify: captured the 6-token window (upload no error, sync no error)
strata verify: captured the 7-token window (upload no error, sync no error)
strata verify: captured the 1-token window (upload no error, sync no error)
strata verify: captured the 2-token window (upload no error, sync no error)
strata verify: captured the 3-token window (upload no error, sync no error)
strata verify: captured the 4-token window (upload no error, sync no error)
strata verify: captured the 5-token window (upload no error, sync no error)
strata verify: captured the 6-token window (upload no error, sync no error)
strata verify: captured the 7-token window (upload no error, sync no error)
strata verify: captured the 1-token window (upload no error, sync no error)
strata verify: captured the 2-token window (upload no error, sync no error)
strata verify: captured the 3-token window (upload no error, sync no error)
strata verify: captured the 4-token window (upload no error, sync no error)
strata verify: captured the 5-token window (upload no error, sync no error)
strata verify: captured the 6-token window (upload no error, sync no error)
strata verify: captured the 7-token window (upload no error, sync no error)
strata serve: prompt 75 tokens = 0 reused + 75 read in 1148 ms (65.3 tok/s), 128 generated in 2074 ms (61.7 tok/s), drafts accepted 83 of 135, 1 checkpoints
strata serve: decode expert cache hit rate: 95.9% (96555 hits / 100735 lookups); 1655 more read by the GPU over PCIe or from another GPU (1.6% of all 102390 routed)
strata serve: resident RAM: 5.38 GiB of experts in RAM, 823 exchanged with the VRAM tier, 0 blob reads from the file
strata serve: expert tiers: GPU 96555 hits this request; since the start RAM 6140 blobs, files 0 blobs 19371.3 MB read
strata serve: KV streaming: 99.42% of 53862 block reads hit VRAM, 1.3 MiB read from RAM
strata serve: suffix drafts: 1 windows, 4 of 4 drafts accepted
strata serve: prompt 76 tokens = 0 reused + 76 read in 565 ms (134.5 tok/s), 128 generated in 1868 ms (68.5 tok/s), drafts accepted 80 of 110, 1 checkpoints
strata serve: decode expert cache hit rate: 97.7% (88171 hits / 90207 lookups); 663 more read by the GPU over PCIe or from another GPU (0.7% of all 90870 routed)
strata serve: resident RAM: 5.38 GiB of experts in RAM, 1329 exchanged with the VRAM tier, 0 blob reads from the file
strata serve: expert tiers: GPU 88171 hits this request; since the start RAM 9690 blobs, files 0 blobs 19371.3 MB read
strata serve: KV streaming: 99.39% of 51540 block reads hit VRAM, 1.3 MiB read from RAM
strata serve: prompt 76 tokens = 0 reused + 76 read in 590 ms (128.7 tok/s), 128 generated in 2015 ms (63.5 tok/s), drafts accepted 81 of 135, 1 checkpoints
strata serve: decode expert cache hit rate: 96.8% (103422 hits / 106838 lookups); 1422 more read by the GPU over PCIe or from another GPU (1.3% of all 108260 routed)
strata serve: resident RAM: 5.38 GiB of experts in RAM, 2032 exchanged with the VRAM tier, 0 blob reads from the file
strata serve: expert tiers: GPU 103422 hits this request; since the start RAM 14228 blobs, files 0 blobs 19371.3 MB read
strata serve: KV streaming: 99.48% of 59388 block reads hit VRAM, 1.2 MiB read from RAM
strata serve: prompt 75 tokens = 0 reused + 75 read in 555 ms (135.0 tok/s), 128 generated in 1809 ms (70.8 tok/s), drafts accepted 80 of 121, 1 checkpoints
strata serve: decode expert cache hit rate: 98.0% (93954 hits / 95832 lookups); 708 more read by the GPU over PCIe or from another GPU (0.7% of all 96540 routed)
strata serve: resident RAM: 5.38 GiB of experts in RAM, 2509 exchanged with the VRAM tier, 0 blob reads from the file
strata serve: expert tiers: GPU 93954 hits this request; since the start RAM 17527 blobs, files 0 blobs 19371.3 MB read
strata serve: KV streaming: 99.41% of 52512 block reads hit VRAM, 1.3 MiB read from RAM
strata serve: prompt 73 tokens = 0 reused + 73 read in 579 ms (126.1 tok/s), 128 generated in 2097 ms (61.0 tok/s), drafts accepted 65 of 114, 1 checkpoints
strata serve: decode expert cache hit rate: 98.6% (95439 hits / 96800 lookups); 380 more read by the GPU over PCIe or from another GPU (0.4% of all 97180 routed)
strata serve: resident RAM: 5.38 GiB of experts in RAM, 2891 exchanged with the VRAM tier, 0 blob reads from the file
strata serve: expert tiers: GPU 95439 hits this request; since the start RAM 20168 blobs, files 0 blobs 19371.3 MB read
strata serve: KV streaming: 99.37% of 49776 block reads hit VRAM, 1.3 MiB read from RAM
strata serve: prompt 74 tokens = 0 reused + 74 read in 556 ms (133.2 tok/s), 128 generated in 1612 ms (79.4 tok/s), drafts accepted 85 of 108, 1 checkpoints
strata serve: decode expert cache hit rate: 98.2% (84839 hits / 86389 lookups); 591 more read by the GPU over PCIe or from another GPU (0.7% of all 86980 routed)
strata serve: resident RAM: 5.38 GiB of experts in RAM, 3238 exchanged with the VRAM tier, 0 blob reads from the file
strata serve: expert tiers: GPU 84839 hits this request; since the start RAM 22944 blobs, files 0 blobs 19371.3 MB read
strata serve: KV streaming: 99.34% of 47328 block reads hit VRAM, 1.3 MiB read from RAM
strata serve: suffix drafts: 2 windows, 4 of 4 drafts accepted
strata serve: prompt 77 tokens = 0 reused + 77 read in 571 ms (134.9 tok/s), 128 generated in 2040 ms (62.8 tok/s), drafts accepted 83 of 143, 1 checkpoints
strata serve: decode expert cache hit rate: 97.2% (105455 hits / 108532 lookups); 1158 more read by the GPU over PCIe or from another GPU (1.1% of all 109690 routed)
strata serve: resident RAM: 5.38 GiB of experts in RAM, 3879 exchanged with the VRAM tier, 0 blob reads from the file
strata serve: expert tiers: GPU 105455 hits this request; since the start RAM 27390 blobs, files 0 blobs 19371.3 MB read
strata serve: KV streaming: 99.45% of 57990 block reads hit VRAM, 1.3 MiB read from RAM
strata serve: prompt 72 tokens = 0 reused + 72 read in 560 ms (128.7 tok/s), 128 generated in 2100 ms (60.9 tok/s), drafts accepted 69 of 128, 1 checkpoints
strata serve: decode expert cache hit rate: 98.7% (103390 hits / 104763 lookups); 437 more read by the GPU over PCIe or from another GPU (0.4% of all 105200 routed)
strata serve: resident RAM: 5.38 GiB of experts in RAM, 4287 exchanged with the VRAM tier, 0 blob reads from the file
strata serve: expert tiers: GPU 103390 hits this request; since the start RAM 30054 blobs, files 0 blobs 19371.3 MB read
strata serve: KV streaming: 99.43% of 52932 block reads hit VRAM, 1.2 MiB read from RAM
strata serve: prompt 75 tokens = 0 reused + 75 read in 546 ms (137.4 tok/s), 128 generated in 1838 ms (69.6 tok/s), drafts accepted 78 of 134, 1 checkpoints
strata serve: decode expert cache hit rate: 98.7% (100346 hits / 101717 lookups); 523 more read by the GPU over PCIe or from another GPU (0.5% of all 102240 routed)
strata serve: resident RAM: 5.38 GiB of experts in RAM, 4608 exchanged with the VRAM tier, 0 blob reads from the file
strata serve: expert tiers: GPU 100346 hits this request; since the start RAM 32599 blobs, files 0 blobs 19371.3 MB read
strata serve: KV streaming: 99.39% of 52194 block reads hit VRAM, 1.3 MiB read from RAM
strata serve: prompt 74 tokens = 0 reused + 74 read in 564 ms (131.3 tok/s), 128 generated in 2117 ms (60.4 tok/s), drafts accepted 71 of 129, 1 checkpoints
strata serve: decode expert cache hit rate: 98.6% (107522 hits / 109041 lookups); 519 more read by the GPU over PCIe or from another GPU (0.5% of all 109560 routed)
strata serve: resident RAM: 5.38 GiB of experts in RAM, 5035 exchanged with the VRAM tier, 0 blob reads from the file
strata serve: expert tiers: GPU 107522 hits this request; since the start RAM 35390 blobs, files 0 blobs 19371.3 MB read
strata serve: KV streaming: 99.46% of 57558 block reads hit VRAM, 1.3 MiB read from RAM
strata serve: prompt 75 tokens = 0 reused + 75 read in 560 ms (133.9 tok/s), 128 generated in 2147 ms (59.6 tok/s), drafts accepted 77 of 132, 1 checkpoints
strata serve: decode expert cache hit rate: 97.3% (104647 hits / 107562 lookups); 1208 more read by the GPU over PCIe or from another GPU (1.1% of all 108770 routed)
strata serve: resident RAM: 5.38 GiB of experts in RAM, 5759 exchanged with the VRAM tier, 0 blob reads from the file
strata serve: expert tiers: GPU 104647 hits this request; since the start RAM 40022 blobs, files 0 blobs 19371.3 MB read
strata serve: KV streaming: 99.46% of 58728 block reads hit VRAM, 1.3 MiB read from RAM
strata serve: prompt 74 tokens = 0 reused + 74 read in 542 ms (136.6 tok/s), 128 generated in 2086 ms (61.4 tok/s), drafts accepted 73 of 132, 1 checkpoints
strata serve: decode expert cache hit rate: 98.8% (106050 hits / 107368 lookups); 402 more read by the GPU over PCIe or from another GPU (0.4% of all 107770 routed)
strata serve: resident RAM: 5.38 GiB of experts in RAM, 6105 exchanged with the VRAM tier, 0 blob reads from the file
strata serve: expert tiers: GPU 106050 hits this request; since the start RAM 42466 blobs, files 0 blobs 19371.3 MB read
strata serve: KV streaming: 99.47% of 59124 block reads hit VRAM, 1.3 MiB read from RAM
strata serve: suffix drafts: 1 windows, 3 of 4 drafts accepted
strata serve: prompt 76 tokens = 0 reused + 76 read in 542 ms (140.2 tok/s), 128 generated in 2084 ms (61.4 tok/s), drafts accepted 71 of 132, 1 checkpoints
strata serve: decode expert cache hit rate: 98.8% (107446 hits / 108730 lookups); 410 more read by the GPU over PCIe or from another GPU (0.4% of all 109140 routed)
strata serve: resident RAM: 5.38 GiB of experts in RAM, 6457 exchanged with the VRAM tier, 0 blob reads from the file
strata serve: expert tiers: GPU 107446 hits this request; since the start RAM 44770 blobs, files 0 blobs 19371.3 MB read
strata serve: KV streaming: 99.50% of 62250 block reads hit VRAM, 1.3 MiB read from RAM
strata serve: prompt 80 tokens = 0 reused + 80 read in 565 ms (141.6 tok/s), 128 generated in 2080 ms (61.5 tok/s), drafts accepted 74 of 125, 1 checkpoints
strata serve: decode expert cache hit rate: 97.9% (101705 hits / 103898 lookups); 702 more read by the GPU over PCIe or from another GPU (0.7% of all 104600 routed)
strata serve: resident RAM: 5.38 GiB of experts in RAM, 7020 exchanged with the VRAM tier, 0 blob reads from the file
strata serve: expert tiers: GPU 101705 hits this request; since the start RAM 48313 blobs, files 0 blobs 19371.3 MB read
strata serve: KV streaming: 99.47% of 60216 block reads hit VRAM, 1.3 MiB read from RAM
strata serve: prompt 77 tokens = 0 reused + 77 read in 547 ms (140.7 tok/s), 128 generated in 1470 ms (87.1 tok/s), drafts accepted 92 of 113, 1 checkpoints
strata serve: decode expert cache hit rate: 95.2% (74029 hits / 77794 lookups); 2096 more read by the GPU over PCIe or from another GPU (2.6% of all 79890 routed)
strata serve: resident RAM: 5.38 GiB of experts in RAM, 7677 exchanged with the VRAM tier, 0 blob reads from the file
strata serve: expert tiers: GPU 74029 hits this request; since the start RAM 54269 blobs, files 0 blobs 19371.3 MB read
strata serve: KV streaming: 99.25% of 41664 block reads hit VRAM, 1.3 MiB read from RAM
strata serve: suffix drafts: 1 windows, 4 of 4 drafts accepted
strata serve: prompt 77 tokens = 0 reused + 77 read in 584 ms (131.9 tok/s), 128 generated in 1913 ms (66.9 tok/s), drafts accepted 80 of 134, 1 checkpoints
strata serve: decode expert cache hit rate: 97.8% (100224 hits / 102441 lookups); 949 more read by the GPU over PCIe or from another GPU (0.9% of all 103390 routed)
strata serve: resident RAM: 5.38 GiB of experts in RAM, 8358 exchanged with the VRAM tier, 0 blob reads from the file
strata serve: expert tiers: GPU 100224 hits this request; since the start RAM 58146 blobs, files 0 blobs 19371.3 MB read
strata serve: KV streaming: 99.44% of 55542 block reads hit VRAM, 1.3 MiB read from RAM
strata serve: suffix drafts: 1 windows, 2 of 2 drafts accepted
strata serve: prompt 78 tokens = 0 reused + 78 read in 554 ms (140.8 tok/s), 128 generated in 1754 ms (73.0 tok/s), drafts accepted 85 of 123, 1 checkpoints
strata serve: decode expert cache hit rate: 98.6% (95944 hits / 97298 lookups); 462 more read by the GPU over PCIe or from another GPU (0.5% of all 97760 routed)
strata serve: resident RAM: 5.38 GiB of experts in RAM, 8682 exchanged with the VRAM tier, 0 blob reads from the file
strata serve: expert tiers: GPU 95944 hits this request; since the start RAM 60674 blobs, files 0 blobs 19371.3 MB read
strata serve: KV streaming: 99.44% of 56568 block reads hit VRAM, 1.3 MiB read from RAM
strata serve: prompt 78 tokens = 0 reused + 78 read in 558 ms (139.9 tok/s), 128 generated in 1846 ms (69.3 tok/s), drafts accepted 79 of 118, 1 checkpoints
strata serve: decode expert cache hit rate: 98.0% (93660 hits / 95601 lookups); 759 more read by the GPU over PCIe or from another GPU (0.8% of all 96360 routed)
strata serve: resident RAM: 5.38 GiB of experts in RAM, 9199 exchanged with the VRAM tier, 0 blob reads from the file
strata serve: expert tiers: GPU 93660 hits this request; since the start RAM 63952 blobs, files 0 blobs 19371.3 MB read
strata serve: KV streaming: 99.40% of 52998 block reads hit VRAM, 1.3 MiB read from RAM
strata serve: prompt 77 tokens = 0 reused + 77 read in 546 ms (140.9 tok/s), 128 generated in 1719 ms (74.5 tok/s), drafts accepted 82 of 126, 1 checkpoints
strata serve: decode expert cache hit rate: 98.4% (98311 hits / 99888 lookups); 552 more read by the GPU over PCIe or from another GPU (0.5% of all 100440 routed)
strata serve: resident RAM: 5.38 GiB of experts in RAM, 9538 exchanged with the VRAM tier, 0 blob reads from the file
strata serve: expert tiers: GPU 98311 hits this request; since the start RAM 66800 blobs, files 0 blobs 19371.3 MB read
strata serve: KV streaming: 99.42% of 53604 block reads hit VRAM, 1.3 MiB read from RAM
strata serve: prompt 75 tokens = 0 reused + 75 read in 580 ms (129.2 tok/s), 128 generated in 2214 ms (57.8 tok/s), drafts accepted 67 of 129, 1 checkpoints
strata serve: decode expert cache hit rate: 98.8% (107636 hits / 108934 lookups); 326 more read by the GPU over PCIe or from another GPU (0.3% of all 109260 routed)
strata serve: resident RAM: 5.38 GiB of experts in RAM, 9939 exchanged with the VRAM tier, 0 blob reads from the file
strata serve: expert tiers: GPU 107636 hits this request; since the start RAM 69266 blobs, files 0 blobs 19371.3 MB read
strata serve: KV streaming: 99.46% of 58050 block reads hit VRAM, 1.3 MiB read from RAM
strata serve: prompt 76 tokens = 0 reused + 76 read in 558 ms (136.2 tok/s), 128 generated in 1622 ms (78.9 tok/s), drafts accepted 82 of 114, 1 checkpoints
strata serve: decode expert cache hit rate: 97.9% (85943 hits / 87785 lookups); 755 more read by the GPU over PCIe or from another GPU (0.9% of all 88540 routed)
strata serve: resident RAM: 5.38 GiB of experts in RAM, 10371 exchanged with the VRAM tier, 0 blob reads from the file
strata serve: expert tiers: GPU 85943 hits this request; since the start RAM 72538 blobs, files 0 blobs 19371.3 MB read
strata serve: KV streaming: 99.33% of 47112 block reads hit VRAM, 1.3 MiB read from RAM
strata serve: prompt 79 tokens = 0 reused + 79 read in 597 ms (132.3 tok/s), 128 generated in 2160 ms (59.3 tok/s), drafts accepted 73 of 149, 1 checkpoints
strata serve: decode expert cache hit rate: 98.0% (116882 hits / 119210 lookups); 970 more read by the GPU over PCIe or from another GPU (0.8% of all 120180 routed)
strata serve: resident RAM: 5.38 GiB of experts in RAM, 10994 exchanged with the VRAM tier, 0 blob reads from the file
strata serve: expert tiers: GPU 116882 hits this request; since the start RAM 76468 blobs, files 0 blobs 19371.3 MB read
strata serve: KV streaming: 99.54% of 68604 block reads hit VRAM, 1.3 MiB read from RAM
strata serve: suffix drafts: 1 windows, 1 of 6 drafts accepted
strata serve: prompt 74 tokens = 0 reused + 74 read in 554 ms (133.6 tok/s), 128 generated in 2027 ms (63.2 tok/s), drafts accepted 70 of 124, 1 checkpoints
strata serve: decode expert cache hit rate: 98.9% (105124 hits / 106264 lookups); 356 more read by the GPU over PCIe or from another GPU (0.3% of all 106620 routed)
strata serve: resident RAM: 5.38 GiB of experts in RAM, 11282 exchanged with the VRAM tier, 0 blob reads from the file
strata serve: expert tiers: GPU 105124 hits this request; since the start RAM 78879 blobs, files 0 blobs 19371.3 MB read
strata serve: KV streaming: 99.46% of 56184 block reads hit VRAM, 1.2 MiB read from RAM
strata serve: prompt 75 tokens = 0 reused + 75 read in 553 ms (135.6 tok/s), 128 generated in 1926 ms (66.5 tok/s), drafts accepted 74 of 140, 1 checkpoints
strata serve: decode expert cache hit rate: 98.4% (107755 hits / 109470 lookups); 630 more read by the GPU over PCIe or from another GPU (0.6% of all 110100 routed)
strata serve: resident RAM: 5.38 GiB of experts in RAM, 11728 exchanged with the VRAM tier, 0 blob reads from the file
strata serve: expert tiers: GPU 107755 hits this request; since the start RAM 81937 blobs, files 0 blobs 19371.3 MB read
strata serve: KV streaming: 99.48% of 60096 block reads hit VRAM, 1.3 MiB read from RAM
strata serve: prompt 74 tokens = 0 reused + 74 read in 562 ms (131.6 tok/s), 128 generated in 2271 ms (56.4 tok/s), drafts accepted 68 of 150, 1 checkpoints
strata serve: decode expert cache hit rate: 98.6% (119484 hits / 121215 lookups); 605 more read by the GPU over PCIe or from another GPU (0.5% of all 121820 routed)
strata serve: resident RAM: 5.38 GiB of experts in RAM, 12173 exchanged with the VRAM tier, 0 blob reads from the file
strata serve: expert tiers: GPU 119484 hits this request; since the start RAM 85045 blobs, files 0 blobs 19371.3 MB read
strata serve: KV streaming: 99.53% of 64602 block reads hit VRAM, 1.2 MiB read from RAM
strata serve: prompt 75 tokens = 0 reused + 75 read in 570 ms (131.6 tok/s), 128 generated in 2124 ms (60.3 tok/s), drafts accepted 71 of 122, 1 checkpoints
strata serve: decode expert cache hit rate: 97.1% (94745 hits / 97533 lookups); 1227 more read by the GPU over PCIe or from another GPU (1.2% of all 98760 routed)
strata serve: resident RAM: 5.38 GiB of experts in RAM, 12915 exchanged with the VRAM tier, 0 blob reads from the file
strata serve: expert tiers: GPU 94745 hits this request; since the start RAM 89564 blobs, files 0 blobs 19371.3 MB read
strata serve: KV streaming: 99.39% of 50118 block reads hit VRAM, 1.2 MiB read from RAM
strata serve: prompt 74 tokens = 0 reused + 74 read in 550 ms (134.5 tok/s), 128 generated in 2029 ms (63.1 tok/s), drafts accepted 74 of 128, 1 checkpoints
strata serve: decode expert cache hit rate: 98.7% (105056 hits / 106419 lookups); 441 more read by the GPU over PCIe or from another GPU (0.4% of all 106860 routed)
strata serve: resident RAM: 5.38 GiB of experts in RAM, 13287 exchanged with the VRAM tier, 0 blob reads from the file
strata serve: expert tiers: GPU 105056 hits this request; since the start RAM 92142 blobs, files 0 blobs 19371.3 MB read
strata serve: KV streaming: 99.47% of 58506 block reads hit VRAM, 1.3 MiB read from RAM
strata serve: suffix drafts: 1 windows, 3 of 6 drafts accepted
strata serve: prompt 76 tokens = 0 reused + 76 read in 550 ms (138.1 tok/s), 128 generated in 1963 ms (65.2 tok/s), drafts accepted 74 of 117, 1 checkpoints
strata serve: decode expert cache hit rate: 98.3% (96300 hits / 97954 lookups); 606 more read by the GPU over PCIe or from another GPU (0.6% of all 98560 routed)
strata serve: resident RAM: 5.38 GiB of experts in RAM, 13756 exchanged with the VRAM tier, 0 blob reads from the file
strata serve: expert tiers: GPU 96300 hits this request; since the start RAM 95073 blobs, files 0 blobs 19371.3 MB read
strata serve: KV streaming: 99.41% of 54306 block reads hit VRAM, 1.3 MiB read from RAM
strata serve: prompt 80 tokens = 0 reused + 80 read in 570 ms (140.4 tok/s), 128 generated in 2064 ms (62.0 tok/s), drafts accepted 71 of 115, 1 checkpoints
strata serve: decode expert cache hit rate: 97.4% (96791 hits / 99356 lookups); 1014 more read by the GPU over PCIe or from another GPU (1.0% of all 100370 routed)
strata serve: resident RAM: 5.38 GiB of experts in RAM, 14406 exchanged with the VRAM tier, 0 blob reads from the file
strata serve: expert tiers: GPU 96791 hits this request; since the start RAM 99118 blobs, files 0 blobs 19371.3 MB read
strata serve: KV streaming: 99.45% of 58032 block reads hit VRAM, 1.3 MiB read from RAM
strata serve: prompt 77 tokens = 0 reused + 77 read in 550 ms (140.1 tok/s), 128 generated in 1486 ms (86.1 tok/s), drafts accepted 92 of 116, 1 checkpoints
strata serve: decode expert cache hit rate: 95.6% (75348 hits / 78819 lookups); 1781 more read by the GPU over PCIe or from another GPU (2.2% of all 80600 routed)
strata serve: resident RAM: 5.38 GiB of experts in RAM, 15155 exchanged with the VRAM tier, 0 blob reads from the file
strata serve: expert tiers: GPU 75348 hits this request; since the start RAM 104587 blobs, files 0 blobs 19371.3 MB read
strata serve: KV streaming: 99.21% of 40116 block reads hit VRAM, 1.3 MiB read from RAM
strata serve: suffix drafts: 1 windows, 4 of 6 drafts accepted
strata serve: prompt 77 tokens = 0 reused + 77 read in 557 ms (138.3 tok/s), 128 generated in 1890 ms (67.7 tok/s), drafts accepted 81 of 130, 1 checkpoints
strata serve: decode expert cache hit rate: 97.9% (97614 hits / 99746 lookups); 944 more read by the GPU over PCIe or from another GPU (0.9% of all 100690 routed)
strata serve: resident RAM: 5.38 GiB of experts in RAM, 15733 exchanged with the VRAM tier, 0 blob reads from the file
strata serve: expert tiers: GPU 97614 hits this request; since the start RAM 108464 blobs, files 0 blobs 19371.3 MB read
strata serve: KV streaming: 99.43% of 54354 block reads hit VRAM, 1.3 MiB read from RAM
strata serve: suffix drafts: 1 windows, 2 of 2 drafts accepted
strata serve: prompt 78 tokens = 0 reused + 78 read in 556 ms (140.3 tok/s), 128 generated in 1802 ms (71.0 tok/s), drafts accepted 78 of 117, 1 checkpoints
strata serve: decode expert cache hit rate: 98.4% (92057 hits / 93599 lookups); 571 more read by the GPU over PCIe or from another GPU (0.6% of all 94170 routed)
strata serve: resident RAM: 5.38 GiB of experts in RAM, 16172 exchanged with the VRAM tier, 0 blob reads from the file
strata serve: expert tiers: GPU 92057 hits this request; since the start RAM 111324 blobs, files 0 blobs 19371.3 MB read
strata serve: KV streaming: 99.40% of 52812 block reads hit VRAM, 1.3 MiB read from RAM
strata serve: prompt 78 tokens = 0 reused + 78 read in 550 ms (141.8 tok/s), 128 generated in 2253 ms (56.8 tok/s), drafts accepted 68 of 141, 1 checkpoints
strata serve: decode expert cache hit rate: 98.0% (111966 hits / 114285 lookups); 845 more read by the GPU over PCIe or from another GPU (0.7% of all 115130 routed)
strata serve: resident RAM: 5.38 GiB of experts in RAM, 16650 exchanged with the VRAM tier, 0 blob reads from the file
strata serve: expert tiers: GPU 111966 hits this request; since the start RAM 114887 blobs, files 0 blobs 19371.3 MB read
strata serve: KV streaming: 99.50% of 63216 block reads hit VRAM, 1.3 MiB read from RAM
strata serve: prompt 77 tokens = 0 reused + 77 read in 540 ms (142.7 tok/s), 128 generated in 1971 ms (64.9 tok/s), drafts accepted 79 of 132, 1 checkpoints
strata serve: decode expert cache hit rate: 98.4% (105944 hits / 107651 lookups); 589 more read by the GPU over PCIe or from another GPU (0.5% of all 108240 routed)
strata serve: resident RAM: 5.38 GiB of experts in RAM, 17120 exchanged with the VRAM tier, 0 blob reads from the file
strata serve: expert tiers: GPU 105944 hits this request; since the start RAM 117848 blobs, files 0 blobs 19371.3 MB read
strata serve: KV streaming: 99.49% of 62460 block reads hit VRAM, 1.3 MiB read from RAM
strata serve: prompt 75 tokens = 0 reused + 75 read in 566 ms (132.4 tok/s), 128 generated in 2258 ms (56.7 tok/s), drafts accepted 64 of 122, 1 checkpoints
strata serve: decode expert cache hit rate: 98.7% (107594 hits / 109030 lookups); 450 more read by the GPU over PCIe or from another GPU (0.4% of all 109480 routed)
strata serve: resident RAM: 5.38 GiB of experts in RAM, 17574 exchanged with the VRAM tier, 0 blob reads from the file
strata serve: expert tiers: GPU 107594 hits this request; since the start RAM 120582 blobs, files 0 blobs 19371.3 MB read
strata serve: KV streaming: 99.49% of 60312 block reads hit VRAM, 1.2 MiB read from RAM
strata serve: prompt 76 tokens = 0 reused + 76 read in 561 ms (135.5 tok/s), 128 generated in 1629 ms (78.6 tok/s), drafts accepted 79 of 108, 1 checkpoints
strata serve: decode expert cache hit rate: 97.9% (83923 hits / 85747 lookups); 743 more read by the GPU over PCIe or from another GPU (0.9% of all 86490 routed)
strata serve: resident RAM: 5.38 GiB of experts in RAM, 18027 exchanged with the VRAM tier, 0 blob reads from the file
strata serve: expert tiers: GPU 83923 hits this request; since the start RAM 123912 blobs, files 0 blobs 19371.3 MB read
strata serve: KV streaming: 99.31% of 46074 block reads hit VRAM, 1.3 MiB read from RAM
strata serve: prompt 79 tokens = 0 reused + 79 read in 593 ms (133.2 tok/s), 128 generated in 2194 ms (58.3 tok/s), drafts accepted 74 of 158, 1 checkpoints
strata serve: decode expert cache hit rate: 98.0% (120851 hits / 123275 lookups); 1045 more read by the GPU over PCIe or from another GPU (0.8% of all 124320 routed)
strata serve: resident RAM: 5.38 GiB of experts in RAM, 18734 exchanged with the VRAM tier, 0 blob reads from the file
strata serve: expert tiers: GPU 120851 hits this request; since the start RAM 127972 blobs, files 0 blobs 19371.3 MB read
strata serve: KV streaming: 99.54% of 69150 block reads hit VRAM, 1.3 MiB read from RAM
strata serve: suffix drafts: 1 windows, 1 of 6 drafts accepted
strata serve: prompt 74 tokens = 0 reused + 74 read in 551 ms (134.2 tok/s), 128 generated in 2125 ms (60.2 tok/s), drafts accepted 69 of 127, 1 checkpoints
strata serve: decode expert cache hit rate: 99.0% (106254 hits / 107334 lookups); 346 more read by the GPU over PCIe or from another GPU (0.3% of all 107680 routed)
strata serve: resident RAM: 5.38 GiB of experts in RAM, 19062 exchanged with the VRAM tier, 0 blob reads from the file
strata serve: expert tiers: GPU 106254 hits this request; since the start RAM 130313 blobs, files 0 blobs 19371.3 MB read
strata serve: KV streaming: 99.47% of 57432 block reads hit VRAM, 1.2 MiB read from RAM
strata serve: prompt 75 tokens = 0 reused + 75 read in 536 ms (139.8 tok/s), 128 generated in 1746 ms (73.3 tok/s), drafts accepted 79 of 118, 1 checkpoints
strata serve: decode expert cache hit rate: 98.6% (91464 hits / 92766 lookups); 544 more read by the GPU over PCIe or from another GPU (0.6% of all 93310 routed)
strata serve: resident RAM: 5.38 GiB of experts in RAM, 19400 exchanged with the VRAM tier, 0 blob reads from the file
strata serve: expert tiers: GPU 91464 hits this request; since the start RAM 132872 blobs, files 0 blobs 19371.3 MB read
strata serve: KV streaming: 99.39% of 51024 block reads hit VRAM, 1.3 MiB read from RAM
strata serve: prompt 74 tokens = 0 reused + 74 read in 561 ms (132.0 tok/s), 128 generated in 2055 ms (62.3 tok/s), drafts accepted 74 of 149, 1 checkpoints
strata serve: decode expert cache hit rate: 98.4% (110134 hits / 111969 lookups); 731 more read by the GPU over PCIe or from another GPU (0.6% of all 112700 routed)
strata serve: resident RAM: 5.38 GiB of experts in RAM, 19917 exchanged with the VRAM tier, 0 blob reads from the file
strata serve: expert tiers: GPU 110134 hits this request; since the start RAM 136098 blobs, files 0 blobs 19371.3 MB read
strata serve: KV streaming: 99.46% of 57912 block reads hit VRAM, 1.3 MiB read from RAM
strata serve: prompt 75 tokens = 0 reused + 75 read in 556 ms (134.8 tok/s), 128 generated in 2208 ms (58.0 tok/s), drafts accepted 69 of 123, 1 checkpoints
strata serve: decode expert cache hit rate: 96.5% (100037 hits / 103631 lookups); 1549 more read by the GPU over PCIe or from another GPU (1.5% of all 105180 routed)
strata serve: resident RAM: 5.38 GiB of experts in RAM, 20737 exchanged with the VRAM tier, 0 blob reads from the file
strata serve: expert tiers: GPU 100037 hits this request; since the start RAM 141521 blobs, files 0 blobs 19371.3 MB read
strata serve: KV streaming: 99.48% of 58452 block reads hit VRAM, 1.2 MiB read from RAM
strata serve: prompt 74 tokens = 0 reused + 74 read in 553 ms (133.7 tok/s), 128 generated in 1994 ms (64.2 tok/s), drafts accepted 73 of 121, 1 checkpoints
strata serve: decode expert cache hit rate: 98.8% (101922 hits / 103201 lookups); 379 more read by the GPU over PCIe or from another GPU (0.4% of all 103580 routed)
strata serve: resident RAM: 5.38 GiB of experts in RAM, 21095 exchanged with the VRAM tier, 0 blob reads from the file
strata serve: expert tiers: GPU 101922 hits this request; since the start RAM 143934 blobs, files 0 blobs 19371.3 MB read
strata serve: KV streaming: 99.47% of 57822 block reads hit VRAM, 1.2 MiB read from RAM
strata serve: prompt 76 tokens = 0 reused + 76 read in 542 ms (140.3 tok/s), 128 generated in 1920 ms (66.7 tok/s), drafts accepted 75 of 118, 1 checkpoints
strata serve: decode expert cache hit rate: 98.7% (98161 hits / 99429 lookups); 481 more read by the GPU over PCIe or from another GPU (0.5% of all 99910 routed)
strata serve: resident RAM: 5.38 GiB of experts in RAM, 21428 exchanged with the VRAM tier, 0 blob reads from the file
strata serve: expert tiers: GPU 98161 hits this request; since the start RAM 146265 blobs, files 0 blobs 19371.3 MB read
strata serve: KV streaming: 99.45% of 56796 block reads hit VRAM, 1.3 MiB read from RAM
strata serve: prompt 80 tokens = 0 reused + 80 read in 565 ms (141.5 tok/s), 128 generated in 1819 ms (70.4 tok/s), drafts accepted 77 of 114, 1 checkpoints
strata serve: decode expert cache hit rate: 98.2% (90330 hits / 92031 lookups); 649 more read by the GPU over PCIe or from another GPU (0.7% of all 92680 routed)
strata serve: resident RAM: 5.38 GiB of experts in RAM, 21883 exchanged with the VRAM tier, 0 blob reads from the file
strata serve: expert tiers: GPU 90330 hits this request; since the start RAM 149342 blobs, files 0 blobs 19371.3 MB read
strata serve: KV streaming: 99.39% of 52800 block reads hit VRAM, 1.3 MiB read from RAM
strata serve: prompt 77 tokens = 0 reused + 77 read in 546 ms (140.9 tok/s), 128 generated in 1473 ms (86.9 tok/s), drafts accepted 91 of 118, 1 checkpoints
strata serve: decode expert cache hit rate: 95.3% (77813 hits / 81618 lookups); 2072 more read by the GPU over PCIe or from another GPU (2.5% of all 83690 routed)
strata serve: resident RAM: 5.38 GiB of experts in RAM, 22577 exchanged with the VRAM tier, 0 blob reads from the file
strata serve: expert tiers: GPU 77813 hits this request; since the start RAM 155269 blobs, files 0 blobs 19371.3 MB read
strata serve: KV streaming: 99.24% of 41838 block reads hit VRAM, 1.3 MiB read from RAM
strata serve: suffix drafts: 1 windows, 4 of 6 drafts accepted
strata serve: prompt 77 tokens = 0 reused + 77 read in 573 ms (134.3 tok/s), 128 generated in 1681 ms (76.2 tok/s), drafts accepted 85 of 117, 1 checkpoints
strata serve: decode expert cache hit rate: 97.1% (85013 hits / 87533 lookups); 1057 more read by the GPU over PCIe or from another GPU (1.2% of all 88590 routed)
strata serve: resident RAM: 5.38 GiB of experts in RAM, 23309 exchanged with the VRAM tier, 0 blob reads from the file
strata serve: expert tiers: GPU 85013 hits this request; since the start RAM 159592 blobs, files 0 blobs 19371.3 MB read
strata serve: KV streaming: 99.32% of 46968 block reads hit VRAM, 1.3 MiB read from RAM
strata serve: suffix drafts: 1 windows, 2 of 2 drafts accepted
strata serve: prompt 78 tokens = 0 reused + 78 read in 579 ms (134.8 tok/s), 128 generated in 1841 ms (69.5 tok/s), drafts accepted 81 of 122, 1 checkpoints
strata serve: decode expert cache hit rate: 97.6% (90589 hits / 92795 lookups); 1005 more read by the GPU over PCIe or from another GPU (1.1% of all 93800 routed)
strata serve: resident RAM: 5.38 GiB of experts in RAM, 23929 exchanged with the VRAM tier, 0 blob reads from the file
strata serve: expert tiers: GPU 90589 hits this request; since the start RAM 163788 blobs, files 0 blobs 19371.3 MB read
strata serve: KV streaming: 99.40% of 53052 block reads hit VRAM, 1.3 MiB read from RAM
strata serve: suffix drafts: 1 windows, 2 of 2 drafts accepted
strata serve: prompt 78 tokens = 0 reused + 78 read in 584 ms (133.6 tok/s), 128 generated in 2204 ms (58.1 tok/s), drafts accepted 70 of 128, 1 checkpoints
strata serve: decode expert cache hit rate: 97.7% (107584 hits / 110081 lookups); 959 more read by the GPU over PCIe or from another GPU (0.9% of all 111040 routed)
strata serve: resident RAM: 5.38 GiB of experts in RAM, 24622 exchanged with the VRAM tier, 0 blob reads from the file
strata serve: expert tiers: GPU 107584 hits this request; since the start RAM 168019 blobs, files 0 blobs 19371.3 MB read
strata serve: KV streaming: 99.49% of 62508 block reads hit VRAM, 1.3 MiB read from RAM
strata serve: prompt 77 tokens = 0 reused + 77 read in 554 ms (138.9 tok/s), 128 generated in 1949 ms (65.7 tok/s), drafts accepted 78 of 120, 1 checkpoints
strata serve: decode expert cache hit rate: 98.3% (102830 hits / 104572 lookups); 668 more read by the GPU over PCIe or from another GPU (0.6% of all 105240 routed)
strata serve: resident RAM: 5.38 GiB of experts in RAM, 25031 exchanged with the VRAM tier, 0 blob reads from the file
strata serve: expert tiers: GPU 102830 hits this request; since the start RAM 171216 blobs, files 0 blobs 19371.3 MB read
strata serve: KV streaming: 99.50% of 63876 block reads hit VRAM, 1.3 MiB read from RAM
strata serve: prompt 75 tokens = 0 reused + 75 read in 580 ms (129.4 tok/s), 128 generated in 2183 ms (58.6 tok/s), drafts accepted 64 of 119, 1 checkpoints
strata serve: decode expert cache hit rate: 98.5% (103276 hits / 104849 lookups); 451 more read by the GPU over PCIe or from another GPU (0.4% of all 105300 routed)
strata serve: resident RAM: 5.38 GiB of experts in RAM, 25501 exchanged with the VRAM tier, 0 blob reads from the file
strata serve: expert tiers: GPU 103276 hits this request; since the start RAM 174063 blobs, files 0 blobs 19371.3 MB read
strata serve: KV streaming: 99.44% of 55380 block reads hit VRAM, 1.3 MiB read from RAM
strata serve: prompt 76 tokens = 0 reused + 76 read in 550 ms (138.1 tok/s), 128 generated in 1627 ms (78.7 tok/s), drafts accepted 80 of 112, 1 checkpoints
strata serve: decode expert cache hit rate: 97.8% (84032 hits / 85921 lookups); 779 more read by the GPU over PCIe or from another GPU (0.9% of all 86700 routed)
strata serve: resident RAM: 5.38 GiB of experts in RAM, 25983 exchanged with the VRAM tier, 0 blob reads from the file
strata serve: expert tiers: GPU 84032 hits this request; since the start RAM 177345 blobs, files 0 blobs 19371.3 MB read
strata serve: KV streaming: 99.29% of 44538 block reads hit VRAM, 1.3 MiB read from RAM
strata serve: prompt 79 tokens = 0 reused + 79 read in 580 ms (136.1 tok/s), 128 generated in 2076 ms (61.7 tok/s), drafts accepted 77 of 144, 1 checkpoints
strata serve: decode expert cache hit rate: 97.9% (111471 hits / 113808 lookups); 992 more read by the GPU over PCIe or from another GPU (0.9% of all 114800 routed)
strata serve: resident RAM: 5.38 GiB of experts in RAM, 26539 exchanged with the VRAM tier, 0 blob reads from the file
strata serve: expert tiers: GPU 111471 hits this request; since the start RAM 181104 blobs, files 0 blobs 19371.3 MB read
strata serve: KV streaming: 99.52% of 64968 block reads hit VRAM, 1.3 MiB read from RAM
strata serve: suffix drafts: 1 windows, 1 of 6 drafts accepted
strata serve: prompt 74 tokens = 0 reused + 74 read in 547 ms (135.2 tok/s), 128 generated in 1978 ms (64.7 tok/s), drafts accepted 74 of 138, 1 checkpoints
strata serve: decode expert cache hit rate: 98.9% (108663 hits / 109844 lookups); 346 more read by the GPU over PCIe or from another GPU (0.3% of all 110190 routed)
strata serve: resident RAM: 5.38 GiB of experts in RAM, 26832 exchanged with the VRAM tier, 0 blob reads from the file
strata serve: expert tiers: GPU 108663 hits this request; since the start RAM 183477 blobs, files 0 blobs 19371.3 MB read
strata serve: KV streaming: 99.46% of 57114 block reads hit VRAM, 1.2 MiB read from RAM
strata serve: prompt 75 tokens = 0 reused + 75 read in 540 ms (138.9 tok/s), 128 generated in 1778 ms (72.0 tok/s), drafts accepted 79 of 121, 1 checkpoints
strata serve: decode expert cache hit rate: 98.3% (95310 hits / 96933 lookups); 717 more read by the GPU over PCIe or from another GPU (0.7% of all 97650 routed)
strata serve: resident RAM: 5.38 GiB of experts in RAM, 27239 exchanged with the VRAM tier, 0 blob reads from the file
strata serve: expert tiers: GPU 95310 hits this request; since the start RAM 186492 blobs, files 0 blobs 19371.3 MB read
strata serve: KV streaming: 99.42% of 53694 block reads hit VRAM, 1.3 MiB read from RAM
strata serve: prompt 74 tokens = 0 reused + 74 read in 562 ms (131.7 tok/s), 128 generated in 2117 ms (60.5 tok/s), drafts accepted 73 of 157, 1 checkpoints
strata serve: decode expert cache hit rate: 98.1% (115154 hits / 117379 lookups); 881 more read by the GPU over PCIe or from another GPU (0.7% of all 118260 routed)
strata serve: resident RAM: 5.38 GiB of experts in RAM, 27859 exchanged with the VRAM tier, 0 blob reads from the file
strata serve: expert tiers: GPU 115154 hits this request; since the start RAM 190194 blobs, files 0 blobs 19371.3 MB read
strata serve: KV streaming: 99.49% of 61614 block reads hit VRAM, 1.3 MiB read from RAM
strata serve: prompt 75 tokens = 0 reused + 75 read in 560 ms (133.8 tok/s), 128 generated in 2118 ms (60.4 tok/s), drafts accepted 75 of 125, 1 checkpoints
strata serve: decode expert cache hit rate: 96.4% (97457 hits / 101086 lookups); 1584 more read by the GPU over PCIe or from another GPU (1.5% of all 102670 routed)
strata serve: resident RAM: 5.38 GiB of experts in RAM, 28653 exchanged with the VRAM tier, 0 blob reads from the file
strata serve: expert tiers: GPU 97457 hits this request; since the start RAM 195709 blobs, files 0 blobs 19371.3 MB read
strata serve: KV streaming: 99.43% of 54474 block reads hit VRAM, 1.3 MiB read from RAM
strata serve: prompt 74 tokens = 0 reused + 74 read in 557 ms (132.9 tok/s), 128 generated in 1956 ms (65.5 tok/s), drafts accepted 74 of 127, 1 checkpoints
strata serve: decode expert cache hit rate: 98.7% (101312 hits / 102644 lookups); 436 more read by the GPU over PCIe or from another GPU (0.4% of all 103080 routed)
strata serve: resident RAM: 5.38 GiB of experts in RAM, 29055 exchanged with the VRAM tier, 0 blob reads from the file
strata serve: expert tiers: GPU 101312 hits this request; since the start RAM 198201 blobs, files 0 blobs 19371.3 MB read
strata serve: KV streaming: 99.46% of 57816 block reads hit VRAM, 1.3 MiB read from RAM
strata serve: prompt 76 tokens = 0 reused + 76 read in 548 ms (138.7 tok/s), 128 generated in 1924 ms (66.5 tok/s), drafts accepted 77 of 127, 1 checkpoints
strata serve: decode expert cache hit rate: 98.7% (103392 hits / 104761 lookups); 519 more read by the GPU over PCIe or from another GPU (0.5% of all 105280 routed)
strata serve: resident RAM: 5.38 GiB of experts in RAM, 29443 exchanged with the VRAM tier, 0 blob reads from the file
strata serve: expert tiers: GPU 103392 hits this request; since the start RAM 200772 blobs, files 0 blobs 19371.3 MB read
strata serve: KV streaming: 99.44% of 56682 block reads hit VRAM, 1.3 MiB read from RAM
strata serve: suffix drafts: 1 windows, 4 of 6 drafts accepted
strata serve: prompt 80 tokens = 0 reused + 80 read in 562 ms (142.4 tok/s), 128 generated in 2067 ms (61.9 tok/s), drafts accepted 70 of 107, 1 checkpoints
strata serve: decode expert cache hit rate: 97.5% (92922 hits / 95324 lookups); 976 more read by the GPU over PCIe or from another GPU (1.0% of all 96300 routed)
strata serve: resident RAM: 5.38 GiB of experts in RAM, 30019 exchanged with the VRAM tier, 0 blob reads from the file
strata serve: expert tiers: GPU 92922 hits this request; since the start RAM 204817 blobs, files 0 blobs 19371.3 MB read
strata serve: KV streaming: 99.44% of 55812 block reads hit VRAM, 1.3 MiB read from RAM
strata serve: prompt 77 tokens = 0 reused + 77 read in 563 ms (136.8 tok/s), 128 generated in 1582 ms (80.9 tok/s), drafts accepted 88 of 122, 1 checkpoints
strata serve: decode expert cache hit rate: 94.6% (79451 hits / 83973 lookups); 2557 more read by the GPU over PCIe or from another GPU (3.0% of all 86530 routed)
strata serve: resident RAM: 5.38 GiB of experts in RAM, 30686 exchanged with the VRAM tier, 0 blob reads from the file
strata serve: expert tiers: GPU 79451 hits this request; since the start RAM 211385 blobs, files 0 blobs 19371.3 MB read
strata serve: KV streaming: 99.28% of 43116 block reads hit VRAM, 1.3 MiB read from RAM
strata serve: suffix drafts: 1 windows, 2 of 2 drafts accepted
strata serve: prompt 77 tokens = 0 reused + 77 read in 579 ms (133.0 tok/s), 128 generated in 1946 ms (65.8 tok/s), drafts accepted 76 of 127, 1 checkpoints
strata serve: decode expert cache hit rate: 97.2% (100349 hits / 103189 lookups); 1221 more read by the GPU over PCIe or from another GPU (1.2% of all 104410 routed)
strata serve: resident RAM: 5.38 GiB of experts in RAM, 31482 exchanged with the VRAM tier, 0 blob reads from the file
strata serve: expert tiers: GPU 100349 hits this request; since the start RAM 215991 blobs, files 0 blobs 19371.3 MB read
strata serve: KV streaming: 99.47% of 58824 block reads hit VRAM, 1.3 MiB read from RAM
strata serve: prompt 78 tokens = 0 reused + 78 read in 557 ms (140.2 tok/s), 128 generated in 1800 ms (71.1 tok/s), drafts accepted 82 of 127, 1 checkpoints
strata serve: decode expert cache hit rate: 98.2% (95676 hits / 97448 lookups); 722 more read by the GPU over PCIe or from another GPU (0.7% of all 98170 routed)
strata serve: resident RAM: 5.38 GiB of experts in RAM, 31993 exchanged with the VRAM tier, 0 blob reads from the file
strata serve: expert tiers: GPU 95676 hits this request; since the start RAM 219210 blobs, files 0 blobs 19371.3 MB read
strata serve: KV streaming: 99.39% of 51852 block reads hit VRAM, 1.3 MiB read from RAM
strata serve: prompt 78 tokens = 0 reused + 78 read in 567 ms (137.6 tok/s), 128 generated in 2099 ms (61.0 tok/s), drafts accepted 74 of 133, 1 checkpoints
strata serve: decode expert cache hit rate: 98.3% (108761 hits / 110634 lookups); 656 more read by the GPU over PCIe or from another GPU (0.6% of all 111290 routed)
strata serve: resident RAM: 5.38 GiB of experts in RAM, 32467 exchanged with the VRAM tier, 0 blob reads from the file
strata serve: expert tiers: GPU 108761 hits this request; since the start RAM 222474 blobs, files 0 blobs 19371.3 MB read
strata serve: KV streaming: 99.50% of 62976 block reads hit VRAM, 1.3 MiB read from RAM
strata serve: prompt 77 tokens = 0 reused + 77 read in 552 ms (139.4 tok/s), 128 generated in 1728 ms (74.1 tok/s), drafts accepted 85 of 123, 1 checkpoints
strata serve: decode expert cache hit rate: 98.6% (94896 hits / 96270 lookups); 500 more read by the GPU over PCIe or from another GPU (0.5% of all 96770 routed)
strata serve: resident RAM: 5.38 GiB of experts in RAM, 32841 exchanged with the VRAM tier, 0 blob reads from the file
strata serve: expert tiers: GPU 94896 hits this request; since the start RAM 225105 blobs, files 0 blobs 19371.3 MB read
strata serve: KV streaming: 99.40% of 53046 block reads hit VRAM, 1.3 MiB read from RAM
strata serve: prompt 75 tokens = 0 reused + 75 read in 571 ms (131.4 tok/s), 128 generated in 1979 ms (64.7 tok/s), drafts accepted 69 of 106, 1 checkpoints
strata serve: decode expert cache hit rate: 98.6% (93951 hits / 95282 lookups); 378 more read by the GPU over PCIe or from another GPU (0.4% of all 95660 routed)
strata serve: resident RAM: 5.38 GiB of experts in RAM, 33191 exchanged with the VRAM tier, 0 blob reads from the file
strata serve: expert tiers: GPU 93951 hits this request; since the start RAM 227612 blobs, files 0 blobs 19371.3 MB read
strata serve: KV streaming: 99.39% of 51348 block reads hit VRAM, 1.3 MiB read from RAM
strata serve: prompt 76 tokens = 0 reused + 76 read in 551 ms (137.8 tok/s), 128 generated in 1650 ms (77.6 tok/s), drafts accepted 80 of 112, 1 checkpoints
strata serve: decode expert cache hit rate: 97.9% (86903 hits / 88747 lookups); 783 more read by the GPU over PCIe or from another GPU (0.9% of all 89530 routed)
strata serve: resident RAM: 5.38 GiB of experts in RAM, 33664 exchanged with the VRAM tier, 0 blob reads from the file
strata serve: expert tiers: GPU 86903 hits this request; since the start RAM 230874 blobs, files 0 blobs 19371.3 MB read
strata serve: KV streaming: 99.34% of 48348 block reads hit VRAM, 1.3 MiB read from RAM
strata serve: prompt 79 tokens = 0 reused + 79 read in 581 ms (135.9 tok/s), 128 generated in 2107 ms (60.7 tok/s), drafts accepted 75 of 136, 1 checkpoints
strata serve: decode expert cache hit rate: 97.6% (105694 hits / 108326 lookups); 1184 more read by the GPU over PCIe or from another GPU (1.1% of all 109510 routed)
strata serve: resident RAM: 5.38 GiB of experts in RAM, 34360 exchanged with the VRAM tier, 0 blob reads from the file
strata serve: expert tiers: GPU 105694 hits this request; since the start RAM 235294 blobs, files 0 blobs 19371.3 MB read
strata serve: KV streaming: 99.47% of 59880 block reads hit VRAM, 1.3 MiB read from RAM
strata serve: prompt 74 tokens = 0 reused + 74 read in 549 ms (134.8 tok/s), 128 generated in 2200 ms (58.2 tok/s), drafts accepted 64 of 134, 1 checkpoints
strata serve: decode expert cache hit rate: 98.9% (112575 hits / 113816 lookups); 334 more read by the GPU over PCIe or from another GPU (0.3% of all 114150 routed)
strata serve: resident RAM: 5.38 GiB of experts in RAM, 34708 exchanged with the VRAM tier, 0 blob reads from the file
strata serve: expert tiers: GPU 112575 hits this request; since the start RAM 237769 blobs, files 0 blobs 19371.3 MB read
strata serve: KV streaming: 99.51% of 62136 block reads hit VRAM, 1.2 MiB read from RAM
strata serve: prompt 75 tokens = 0 reused + 75 read in 545 ms (137.7 tok/s), 128 generated in 1812 ms (70.6 tok/s), drafts accepted 83 of 123, 1 checkpoints
strata serve: decode expert cache hit rate: 98.3% (98772 hits / 100478 lookups); 712 more read by the GPU over PCIe or from another GPU (0.7% of all 101190 routed)
strata serve: resident RAM: 5.38 GiB of experts in RAM, 35146 exchanged with the VRAM tier, 0 blob reads from the file
strata serve: expert tiers: GPU 98772 hits this request; since the start RAM 240877 blobs, files 0 blobs 19371.3 MB read
strata serve: KV streaming: 99.46% of 58176 block reads hit VRAM, 1.3 MiB read from RAM
strata serve: prompt 74 tokens = 0 reused + 74 read in 561 ms (131.8 tok/s), 128 generated in 2021 ms (63.3 tok/s), drafts accepted 74 of 142, 1 checkpoints
strata serve: decode expert cache hit rate: 98.3% (109085 hits / 111026 lookups); 724 more read by the GPU over PCIe or from another GPU (0.6% of all 111750 routed)
strata serve: resident RAM: 5.38 GiB of experts in RAM, 35667 exchanged with the VRAM tier, 0 blob reads from the file
strata serve: expert tiers: GPU 109085 hits this request; since the start RAM 244202 blobs, files 0 blobs 19371.3 MB read
strata serve: KV streaming: 99.47% of 59076 block reads hit VRAM, 1.3 MiB read from RAM
strata serve: prompt 75 tokens = 0 reused + 75 read in 560 ms (133.8 tok/s), 128 generated in 2162 ms (59.2 tok/s), drafts accepted 74 of 138, 1 checkpoints
strata serve: decode expert cache hit rate: 96.9% (107288 hits / 110677 lookups); 1503 more read by the GPU over PCIe or from another GPU (1.3% of all 112180 routed)
strata serve: resident RAM: 5.38 GiB of experts in RAM, 36449 exchanged with the VRAM tier, 0 blob reads from the file
strata serve: expert tiers: GPU 107288 hits this request; since the start RAM 249551 blobs, files 0 blobs 19371.3 MB read
strata serve: KV streaming: 99.49% of 60636 block reads hit VRAM, 1.3 MiB read from RAM
strata serve: prompt 74 tokens = 0 reused + 74 read in 555 ms (133.3 tok/s), 128 generated in 2097 ms (61.0 tok/s), drafts accepted 74 of 135, 1 checkpoints
strata serve: decode expert cache hit rate: 98.8% (109024 hits / 110326 lookups); 404 more read by the GPU over PCIe or from another GPU (0.4% of all 110730 routed)
strata serve: resident RAM: 5.38 GiB of experts in RAM, 36822 exchanged with the VRAM tier, 0 blob reads from the file
strata serve: expert tiers: GPU 109024 hits this request; since the start RAM 251956 blobs, files 0 blobs 19371.3 MB read
strata serve: KV streaming: 99.50% of 62358 block reads hit VRAM, 1.3 MiB read from RAM
strata serve: suffix drafts: 1 windows, 3 of 6 drafts accepted
strata serve: prompt 76 tokens = 0 reused + 76 read in 538 ms (141.3 tok/s), 128 generated in 2083 ms (61.4 tok/s), drafts accepted 74 of 142, 1 checkpoints
strata serve: decode expert cache hit rate: 98.8% (110955 hits / 112306 lookups); 534 more read by the GPU over PCIe or from another GPU (0.5% of all 112840 routed)
strata serve: resident RAM: 5.38 GiB of experts in RAM, 37200 exchanged with the VRAM tier, 0 blob reads from the file
strata serve: expert tiers: GPU 110955 hits this request; since the start RAM 254503 blobs, files 0 blobs 19371.3 MB read
strata serve: KV streaming: 99.49% of 61518 block reads hit VRAM, 1.3 MiB read from RAM
strata serve: suffix drafts: 1 windows, 4 of 6 drafts accepted
strata serve: prompt 80 tokens = 0 reused + 80 read in 562 ms (142.2 tok/s), 128 generated in 1965 ms (65.1 tok/s), drafts accepted 73 of 110, 1 checkpoints
strata serve: decode expert cache hit rate: 97.2% (90627 hits / 93256 lookups); 1064 more read by the GPU over PCIe or from another GPU (1.1% of all 94320 routed)
strata serve: resident RAM: 5.38 GiB of experts in RAM, 37807 exchanged with the VRAM tier, 0 blob reads from the file
strata serve: expert tiers: GPU 90627 hits this request; since the start RAM 258549 blobs, files 0 blobs 19371.3 MB read
strata serve: KV streaming: 99.41% of 53856 block reads hit VRAM, 1.3 MiB read from RAM
strata serve: prompt 77 tokens = 0 reused + 77 read in 548 ms (140.5 tok/s), 128 generated in 1560 ms (82.0 tok/s), drafts accepted 89 of 122, 1 checkpoints
strata serve: decode expert cache hit rate: 95.3% (79799 hits / 83700 lookups); 2030 more read by the GPU over PCIe or from another GPU (2.4% of all 85730 routed)
strata serve: resident RAM: 5.38 GiB of experts in RAM, 38581 exchanged with the VRAM tier, 0 blob reads from the file
strata serve: expert tiers: GPU 79799 hits this request; since the start RAM 264492 blobs, files 0 blobs 19371.3 MB read
strata serve: KV streaming: 99.28% of 43104 block reads hit VRAM, 1.3 MiB read from RAM
strata serve: suffix drafts: 1 windows, 4 of 6 drafts accepted
strata serve: prompt 77 tokens = 0 reused + 77 read in 563 ms (136.7 tok/s), 128 generated in 1905 ms (67.2 tok/s), drafts accepted 78 of 134, 1 checkpoints
strata serve: decode expert cache hit rate: 97.9% (101050 hits / 103221 lookups); 959 more read by the GPU over PCIe or from another GPU (0.9% of all 104180 routed)
strata serve: resident RAM: 5.38 GiB of experts in RAM, 39178 exchanged with the VRAM tier, 0 blob reads from the file
strata serve: expert tiers: GPU 101050 hits this request; since the start RAM 268361 blobs, files 0 blobs 19371.3 MB read
strata serve: KV streaming: 99.44% of 56496 block reads hit VRAM, 1.3 MiB read from RAM
strata serve: suffix drafts: 1 windows, 2 of 2 drafts accepted
strata serve: prompt 78 tokens = 0 reused + 78 read in 555 ms (140.6 tok/s), 128 generated in 1691 ms (75.7 tok/s), drafts accepted 79 of 113, 1 checkpoints
strata serve: decode expert cache hit rate: 98.3% (89458 hits / 91010 lookups); 560 more read by the GPU over PCIe or from another GPU (0.6% of all 91570 routed)
strata serve: resident RAM: 5.38 GiB of experts in RAM, 39578 exchanged with the VRAM tier, 0 blob reads from the file
strata serve: expert tiers: GPU 89458 hits this request; since the start RAM 271163 blobs, files 0 blobs 19371.3 MB read
strata serve: KV streaming: 99.39% of 51180 block reads hit VRAM, 1.3 MiB read from RAM
strata serve: prompt 78 tokens = 0 reused + 78 read in 549 ms (142.1 tok/s), 128 generated in 1930 ms (66.3 tok/s), drafts accepted 76 of 121, 1 checkpoints
strata serve: decode expert cache hit rate: 96.3% (95164 hits / 98772 lookups); 1578 more read by the GPU over PCIe or from another GPU (1.6% of all 100350 routed)
strata serve: resident RAM: 5.38 GiB of experts in RAM, 40207 exchanged with the VRAM tier, 0 blob reads from the file
strata serve: expert tiers: GPU 95164 hits this request; since the start RAM 276104 blobs, files 0 blobs 19371.3 MB read
strata serve: KV streaming: 99.44% of 56058 block reads hit VRAM, 1.3 MiB read from RAM
strata serve: prompt 77 tokens = 0 reused + 77 read in 543 ms (141.7 tok/s), 128 generated in 1789 ms (71.5 tok/s), drafts accepted 82 of 120, 1 checkpoints
strata serve: decode expert cache hit rate: 98.0% (94196 hits / 96124 lookups); 786 more read by the GPU over PCIe or from another GPU (0.8% of all 96910 routed)
strata serve: resident RAM: 5.38 GiB of experts in RAM, 40757 exchanged with the VRAM tier, 0 blob reads from the file
strata serve: expert tiers: GPU 94196 hits this request; since the start RAM 279585 blobs, files 0 blobs 19371.3 MB read
strata serve: KV streaming: 99.41% of 52944 block reads hit VRAM, 1.3 MiB read from RAM
strata serve: prompt 75 tokens = 0 reused + 75 read in 589 ms (127.3 tok/s), 128 generated in 2278 ms (56.2 tok/s), drafts accepted 65 of 128, 1 checkpoints
strata serve: decode expert cache hit rate: 98.6% (108214 hits / 109736 lookups); 444 more read by the GPU over PCIe or from another GPU (0.4% of all 110180 routed)
strata serve: resident RAM: 5.38 GiB of experts in RAM, 41226 exchanged with the VRAM tier, 0 blob reads from the file
strata serve: expert tiers: GPU 108214 hits this request; since the start RAM 282354 blobs, files 0 blobs 19371.3 MB read
strata serve: KV streaming: 99.47% of 59682 block reads hit VRAM, 1.3 MiB read from RAM
strata serve: expert profile saved to expert-profile-learned-coder.bin (periodic)
strata serve: prompt 76 tokens = 0 reused + 76 read in 547 ms (139.1 tok/s), 128 generated in 2031 ms (63.0 tok/s), drafts accepted 74 of 132, 1 checkpoints
strata serve: decode expert cache hit rate: 98.1% (106318 hits / 108353 lookups); 807 more read by the GPU over PCIe or from another GPU (0.7% of all 109160 routed)
strata serve: resident RAM: 5.38 GiB of experts in RAM, 41635 exchanged with the VRAM tier, 0 blob reads from the file
strata serve: expert tiers: GPU 106318 hits this request; since the start RAM 285744 blobs, files 0 blobs 19371.3 MB read
strata serve: KV streaming: 99.49% of 60744 block reads hit VRAM, 1.3 MiB read from RAM
strata serve: prompt 79 tokens = 0 reused + 79 read in 597 ms (132.3 tok/s), 128 generated in 2181 ms (58.7 tok/s), drafts accepted 71 of 134, 1 checkpoints
strata serve: decode expert cache hit rate: 97.7% (109911 hits / 112488 lookups); 1112 more read by the GPU over PCIe or from another GPU (1.0% of all 113600 routed)
strata serve: resident RAM: 5.38 GiB of experts in RAM, 42305 exchanged with the VRAM tier, 0 blob reads from the file
strata serve: expert tiers: GPU 109911 hits this request; since the start RAM 289903 blobs, files 0 blobs 19371.3 MB read
strata serve: KV streaming: 99.50% of 63024 block reads hit VRAM, 1.3 MiB read from RAM
strata serve: prompt 74 tokens = 0 reused + 74 read in 552 ms (133.9 tok/s), 128 generated in 1900 ms (67.4 tok/s), drafts accepted 77 of 123, 1 checkpoints
strata serve: decode expert cache hit rate: 98.7% (97388 hits / 98648 lookups); 432 more read by the GPU over PCIe or from another GPU (0.4% of all 99080 routed)
strata serve: resident RAM: 5.38 GiB of experts in RAM, 42699 exchanged with the VRAM tier, 0 blob reads from the file
strata serve: expert tiers: GPU 97388 hits this request; since the start RAM 292460 blobs, files 0 blobs 19371.3 MB read
strata serve: KV streaming: 99.39% of 51306 block reads hit VRAM, 1.3 MiB read from RAM
strata serve: prompt 75 tokens = 0 reused + 75 read in 542 ms (138.4 tok/s), 128 generated in 1710 ms (74.9 tok/s), drafts accepted 80 of 111, 1 checkpoints
strata serve: decode expert cache hit rate: 98.3% (90826 hits / 92354 lookups); 676 more read by the GPU over PCIe or from another GPU (0.7% of all 93030 routed)
strata serve: resident RAM: 5.38 GiB of experts in RAM, 43081 exchanged with the VRAM tier, 0 blob reads from the file
strata serve: expert tiers: GPU 90826 hits this request; since the start RAM 295262 blobs, files 0 blobs 19371.3 MB read
strata serve: KV streaming: 99.41% of 52608 block reads hit VRAM, 1.3 MiB read from RAM
strata serve: prompt 74 tokens = 0 reused + 74 read in 569 ms (130.0 tok/s), 128 generated in 2102 ms (60.9 tok/s), drafts accepted 73 of 149, 1 checkpoints
strata serve: decode expert cache hit rate: 98.2% (111935 hits / 113984 lookups); 756 more read by the GPU over PCIe or from another GPU (0.7% of all 114740 routed)
strata serve: resident RAM: 5.38 GiB of experts in RAM, 43619 exchanged with the VRAM tier, 0 blob reads from the file
strata serve: expert tiers: GPU 111935 hits this request; since the start RAM 298699 blobs, files 0 blobs 19371.3 MB read
strata serve: KV streaming: 99.48% of 59496 block reads hit VRAM, 1.3 MiB read from RAM
strata serve: prompt 75 tokens = 0 reused + 75 read in 563 ms (133.3 tok/s), 128 generated in 2226 ms (57.5 tok/s), drafts accepted 75 of 129, 1 checkpoints
strata serve: decode expert cache hit rate: 96.6% (101472 hits / 105014 lookups); 1566 more read by the GPU over PCIe or from another GPU (1.5% of all 106580 routed)
strata serve: resident RAM: 5.38 GiB of experts in RAM, 44429 exchanged with the VRAM tier, 0 blob reads from the file
strata serve: expert tiers: GPU 101472 hits this request; since the start RAM 304134 blobs, files 0 blobs 19371.3 MB read
strata serve: KV streaming: 99.48% of 59916 block reads hit VRAM, 1.3 MiB read from RAM
strata serve: prompt 74 tokens = 0 reused + 74 read in 546 ms (135.6 tok/s), 128 generated in 2007 ms (63.8 tok/s), drafts accepted 75 of 132, 1 checkpoints
strata serve: decode expert cache hit rate: 98.8% (106133 hits / 107446 lookups); 384 more read by the GPU over PCIe or from another GPU (0.4% of all 107830 routed)
strata serve: resident RAM: 5.38 GiB of experts in RAM, 44723 exchanged with the VRAM tier, 0 blob reads from the file
strata serve: expert tiers: GPU 106133 hits this request; since the start RAM 306483 blobs, files 0 blobs 19371.3 MB read
strata serve: KV streaming: 99.45% of 56850 block reads hit VRAM, 1.3 MiB read from RAM
strata serve: prompt 76 tokens = 0 reused + 76 read in 539 ms (141.0 tok/s), 128 generated in 1895 ms (67.5 tok/s), drafts accepted 76 of 120, 1 checkpoints
strata serve: decode expert cache hit rate: 98.6% (99308 hits / 100672 lookups); 508 more read by the GPU over PCIe or from another GPU (0.5% of all 101180 routed)
strata serve: resident RAM: 5.38 GiB of experts in RAM, 45091 exchanged with the VRAM tier, 0 blob reads from the file
strata serve: expert tiers: GPU 99308 hits this request; since the start RAM 309013 blobs, files 0 blobs 19371.3 MB read
strata serve: KV streaming: 99.42% of 55206 block reads hit VRAM, 1.3 MiB read from RAM
strata serve: suffix drafts: 1 windows, 4 of 6 drafts accepted
strata serve: prompt 80 tokens = 0 reused + 80 read in 557 ms (143.6 tok/s), 128 generated in 1989 ms (64.4 tok/s), drafts accepted 76 of 109, 1 checkpoints
strata serve: decode expert cache hit rate: 97.4% (94262 hits / 96808 lookups); 1062 more read by the GPU over PCIe or from another GPU (1.1% of all 97870 routed)
strata serve: resident RAM: 5.38 GiB of experts in RAM, 45751 exchanged with the VRAM tier, 0 blob reads from the file
strata serve: expert tiers: GPU 94262 hits this request; since the start RAM 313155 blobs, files 0 blobs 19371.3 MB read
strata serve: KV streaming: 99.46% of 59160 block reads hit VRAM, 1.3 MiB read from RAM
strata serve: prompt 77 tokens = 0 reused + 77 read in 546 ms (141.0 tok/s), 128 generated in 1772 ms (72.2 tok/s), drafts accepted 87 of 125, 1 checkpoints
strata serve: decode expert cache hit rate: 96.0% (89538 hits / 93263 lookups); 1917 more read by the GPU over PCIe or from another GPU (2.0% of all 95180 routed)
strata serve: resident RAM: 5.38 GiB of experts in RAM, 46398 exchanged with the VRAM tier, 0 blob reads from the file
strata serve: expert tiers: GPU 89538 hits this request; since the start RAM 318794 blobs, files 0 blobs 19371.3 MB read
strata serve: KV streaming: 99.36% of 49980 block reads hit VRAM, 1.3 MiB read from RAM
strata serve: suffix drafts: 1 windows, 4 of 6 drafts accepted
strata serve: prompt 77 tokens = 0 reused + 77 read in 572 ms (134.5 tok/s), 128 generated in 1822 ms (70.3 tok/s), drafts accepted 85 of 135, 1 checkpoints
strata serve: decode expert cache hit rate: 97.4% (95707 hits / 98298 lookups); 1102 more read by the GPU over PCIe or from another GPU (1.1% of all 99400 routed)
strata serve: resident RAM: 5.38 GiB of experts in RAM, 47262 exchanged with the VRAM tier, 0 blob reads from the file
strata serve: expert tiers: GPU 95707 hits this request; since the start RAM 323197 blobs, files 0 blobs 19371.3 MB read
strata serve: KV streaming: 99.39% of 52092 block reads hit VRAM, 1.3 MiB read from RAM
strata serve: suffix drafts: 2 windows, 3 of 4 drafts accepted
strata serve: prompt 78 tokens = 0 reused + 78 read in 553 ms (141.0 tok/s), 128 generated in 1753 ms (73.0 tok/s), drafts accepted 79 of 112, 1 checkpoints
strata serve: decode expert cache hit rate: 97.9% (87856 hits / 89728 lookups); 762 more read by the GPU over PCIe or from another GPU (0.8% of all 90490 routed)
strata serve: resident RAM: 5.38 GiB of experts in RAM, 47787 exchanged with the VRAM tier, 0 blob reads from the file
strata serve: expert tiers: GPU 87856 hits this request; since the start RAM 326814 blobs, files 0 blobs 19371.3 MB read
strata serve: KV streaming: 99.36% of 49944 block reads hit VRAM, 1.3 MiB read from RAM
strata serve: prompt 78 tokens = 0 reused + 78 read in 562 ms (138.8 tok/s), 128 generated in 1691 ms (75.7 tok/s), drafts accepted 81 of 121, 1 checkpoints
strata serve: decode expert cache hit rate: 97.2% (85563 hits / 88041 lookups); 1179 more read by the GPU over PCIe or from another GPU (1.3% of all 89220 routed)
strata serve: resident RAM: 5.38 GiB of experts in RAM, 48365 exchanged with the VRAM tier, 0 blob reads from the file
strata serve: expert tiers: GPU 85563 hits this request; since the start RAM 330993 blobs, files 0 blobs 19371.3 MB read
strata serve: KV streaming: 99.31% of 45174 block reads hit VRAM, 1.3 MiB read from RAM
strata serve: prompt 77 tokens = 0 reused + 77 read in 558 ms (138.1 tok/s), 128 generated in 1802 ms (71.0 tok/s), drafts accepted 85 of 125, 1 checkpoints
strata serve: decode expert cache hit rate: 98.0% (97612 hits / 99633 lookups); 777 more read by the GPU over PCIe or from another GPU (0.8% of all 100410 routed)
strata serve: resident RAM: 5.38 GiB of experts in RAM, 48888 exchanged with the VRAM tier, 0 blob reads from the file
strata serve: expert tiers: GPU 97612 hits this request; since the start RAM 334607 blobs, files 0 blobs 19371.3 MB read
strata serve: KV streaming: 99.43% of 55656 block reads hit VRAM, 1.3 MiB read from RAM
strata serve: prompt 75 tokens = 0 reused + 75 read in 593 ms (126.4 tok/s), 128 generated in 2244 ms (57.1 tok/s), drafts accepted 63 of 123, 1 checkpoints
strata serve: decode expert cache hit rate: 98.2% (104241 hits / 106149 lookups); 641 more read by the GPU over PCIe or from another GPU (0.6% of all 106790 routed)
strata serve: resident RAM: 5.38 GiB of experts in RAM, 49391 exchanged with the VRAM tier, 0 blob reads from the file
strata serve: expert tiers: GPU 104241 hits this request; since the start RAM 337815 blobs, files 0 blobs 19371.3 MB read
strata serve: KV streaming: 99.47% of 57282 block reads hit VRAM, 1.2 MiB read from RAM
strata serve: prompt 76 tokens = 0 reused + 76 read in 557 ms (136.5 tok/s), 128 generated in 2059 ms (62.2 tok/s), drafts accepted 74 of 133, 1 checkpoints
strata serve: decode expert cache hit rate: 98.2% (108062 hits / 109987 lookups); 763 more read by the GPU over PCIe or from another GPU (0.7% of all 110750 routed)
strata serve: resident RAM: 5.38 GiB of experts in RAM, 49879 exchanged with the VRAM tier, 0 blob reads from the file
strata serve: expert tiers: GPU 108062 hits this request; since the start RAM 341191 blobs, files 0 blobs 19371.3 MB read
strata serve: KV streaming: 99.49% of 61686 block reads hit VRAM, 1.3 MiB read from RAM
strata serve: prompt 79 tokens = 0 reused + 79 read in 585 ms (135.1 tok/s), 128 generated in 2007 ms (63.8 tok/s), drafts accepted 80 of 149, 1 checkpoints
strata serve: decode expert cache hit rate: 98.1% (110659 hits / 112755 lookups); 825 more read by the GPU over PCIe or from another GPU (0.7% of all 113580 routed)
strata serve: resident RAM: 5.38 GiB of experts in RAM, 50456 exchanged with the VRAM tier, 0 blob reads from the file
strata serve: expert tiers: GPU 110659 hits this request; since the start RAM 344888 blobs, files 0 blobs 19371.3 MB read
strata serve: KV streaming: 99.47% of 59850 block reads hit VRAM, 1.3 MiB read from RAM
strata serve: prompt 74 tokens = 0 reused + 74 read in 553 ms (133.7 tok/s), 128 generated in 2086 ms (61.4 tok/s), drafts accepted 69 of 136, 1 checkpoints
strata serve: decode expert cache hit rate: 98.8% (111530 hits / 112870 lookups); 460 more read by the GPU over PCIe or from another GPU (0.4% of all 113330 routed)
strata serve: resident RAM: 5.38 GiB of experts in RAM, 50843 exchanged with the VRAM tier, 0 blob reads from the file
strata serve: expert tiers: GPU 111530 hits this request; since the start RAM 347665 blobs, files 0 blobs 19371.3 MB read
strata serve: KV streaming: 99.51% of 62016 block reads hit VRAM, 1.2 MiB read from RAM
strata serve: prompt 77 tokens = 0 reused + 77 read in 551 ms (139.9 tok/s), 128 generated in 1823 ms (70.2 tok/s), drafts accepted 82 of 131, 1 checkpoints
strata serve: decode expert cache hit rate: 98.5% (99950 hits / 101517 lookups); 633 more read by the GPU over PCIe or from another GPU (0.6% of all 102150 routed)
strata serve: resident RAM: 5.38 GiB of experts in RAM, 51265 exchanged with the VRAM tier, 0 blob reads from the file
strata serve: expert tiers: GPU 99950 hits this request; since the start RAM 350592 blobs, files 0 blobs 19371.3 MB read
strata serve: KV streaming: 99.44% of 55992 block reads hit VRAM, 1.3 MiB read from RAM
strata serve: prompt 76 tokens = 0 reused + 76 read in 570 ms (133.3 tok/s), 128 generated in 1992 ms (64.2 tok/s), drafts accepted 69 of 121, 1 checkpoints
strata serve: decode expert cache hit rate: 98.6% (98237 hits / 99680 lookups); 500 more read by the GPU over PCIe or from another GPU (0.5% of all 100180 routed)
strata serve: resident RAM: 5.38 GiB of experts in RAM, 51656 exchanged with the VRAM tier, 0 blob reads from the file
strata serve: expert tiers: GPU 98237 hits this request; since the start RAM 353328 blobs, files 0 blobs 19371.3 MB read
strata serve: KV streaming: 99.40% of 51936 block reads hit VRAM, 1.3 MiB read from RAM
strata serve: prompt 77 tokens = 0 reused + 77 read in 559 ms (137.8 tok/s), 128 generated in 2105 ms (60.8 tok/s), drafts accepted 75 of 129, 1 checkpoints
strata serve: decode expert cache hit rate: 97.5% (103617 hits / 106300 lookups); 1180 more read by the GPU over PCIe or from another GPU (1.1% of all 107480 routed)
strata serve: resident RAM: 5.38 GiB of experts in RAM, 52361 exchanged with the VRAM tier, 0 blob reads from the file
strata serve: expert tiers: GPU 103617 hits this request; since the start RAM 357838 blobs, files 0 blobs 19371.3 MB read
strata serve: KV streaming: 99.47% of 59676 block reads hit VRAM, 1.3 MiB read from RAM
strata serve: prompt 76 tokens = 0 reused + 76 read in 551 ms (137.9 tok/s), 128 generated in 2008 ms (63.7 tok/s), drafts accepted 76 of 131, 1 checkpoints
strata serve: decode expert cache hit rate: 98.7% (103253 hits / 104596 lookups); 414 more read by the GPU over PCIe or from another GPU (0.4% of all 105010 routed)
strata serve: resident RAM: 5.38 GiB of experts in RAM, 52694 exchanged with the VRAM tier, 0 blob reads from the file
strata serve: expert tiers: GPU 103253 hits this request; since the start RAM 360276 blobs, files 0 blobs 19371.3 MB read
strata serve: KV streaming: 99.43% of 56220 block reads hit VRAM, 1.3 MiB read from RAM
strata serve: suffix drafts: 1 windows, 2 of 2 drafts accepted
strata serve: prompt 78 tokens = 0 reused + 78 read in 539 ms (144.7 tok/s), 128 generated in 2081 ms (61.5 tok/s), drafts accepted 72 of 131, 1 checkpoints
strata serve: decode expert cache hit rate: 98.9% (109191 hits / 110430 lookups); 400 more read by the GPU over PCIe or from another GPU (0.4% of all 110830 routed)
strata serve: resident RAM: 5.38 GiB of experts in RAM, 53054 exchanged with the VRAM tier, 0 blob reads from the file
strata serve: expert tiers: GPU 109191 hits this request; since the start RAM 362578 blobs, files 0 blobs 19371.3 MB read
strata serve: KV streaming: 99.51% of 64920 block reads hit VRAM, 1.3 MiB read from RAM
strata serve: prompt 82 tokens = 0 reused + 82 read in 565 ms (145.1 tok/s), 128 generated in 1863 ms (68.7 tok/s), drafts accepted 74 of 106, 1 checkpoints
strata serve: decode expert cache hit rate: 97.5% (87221 hits / 89429 lookups); 911 more read by the GPU over PCIe or from another GPU (1.0% of all 90340 routed)
strata serve: resident RAM: 5.38 GiB of experts in RAM, 53627 exchanged with the VRAM tier, 0 blob reads from the file
strata serve: expert tiers: GPU 87221 hits this request; since the start RAM 366242 blobs, files 0 blobs 19371.3 MB read
strata serve: KV streaming: 99.39% of 52518 block reads hit VRAM, 1.3 MiB read from RAM
strata serve: prompt 79 tokens = 0 reused + 79 read in 553 ms (142.7 tok/s), 128 generated in 1608 ms (79.6 tok/s), drafts accepted 89 of 125, 1 checkpoints
strata serve: decode expert cache hit rate: 96.2% (85160 hits / 88481 lookups); 1659 more read by the GPU over PCIe or from another GPU (1.8% of all 90140 routed)
strata serve: resident RAM: 5.38 GiB of experts in RAM, 54314 exchanged with the VRAM tier, 0 blob reads from the file
strata serve: expert tiers: GPU 85160 hits this request; since the start RAM 371449 blobs, files 0 blobs 19371.3 MB read
strata serve: KV streaming: 99.34% of 48012 block reads hit VRAM, 1.3 MiB read from RAM
strata serve: suffix drafts: 1 windows, 4 of 6 drafts accepted
strata serve: prompt 79 tokens = 0 reused + 79 read in 574 ms (137.7 tok/s), 128 generated in 1730 ms (74.0 tok/s), drafts accepted 84 of 130, 1 checkpoints
strata serve: decode expert cache hit rate: 97.2% (88396 hits / 90936 lookups); 1064 more read by the GPU over PCIe or from another GPU (1.2% of all 92000 routed)
strata serve: resident RAM: 5.38 GiB of experts in RAM, 55060 exchanged with the VRAM tier, 0 blob reads from the file
strata serve: expert tiers: GPU 88396 hits this request; since the start RAM 375757 blobs, files 0 blobs 19371.3 MB read
strata serve: KV streaming: 99.33% of 47298 block reads hit VRAM, 1.3 MiB read from RAM
strata serve: suffix drafts: 2 windows, 4 of 4 drafts accepted
strata serve: prompt 80 tokens = 0 reused + 80 read in 572 ms (139.9 tok/s), 128 generated in 1971 ms (64.9 tok/s), drafts accepted 77 of 124, 1 checkpoints
strata serve: decode expert cache hit rate: 98.1% (101617 hits / 103556 lookups); 784 more read by the GPU over PCIe or from another GPU (0.8% of all 104340 routed)
strata serve: resident RAM: 5.38 GiB of experts in RAM, 55741 exchanged with the VRAM tier, 0 blob reads from the file
strata serve: expert tiers: GPU 101617 hits this request; since the start RAM 379472 blobs, files 0 blobs 19371.3 MB read
strata serve: KV streaming: 99.48% of 62796 block reads hit VRAM, 1.3 MiB read from RAM
strata serve: prompt 80 tokens = 0 reused + 80 read in 562 ms (142.4 tok/s), 128 generated in 1898 ms (67.4 tok/s), drafts accepted 76 of 122, 1 checkpoints
strata serve: decode expert cache hit rate: 96.9% (95543 hits / 98615 lookups); 1375 more read by the GPU over PCIe or from another GPU (1.4% of all 99990 routed)
strata serve: resident RAM: 5.38 GiB of experts in RAM, 56348 exchanged with the VRAM tier, 0 blob reads from the file
strata serve: expert tiers: GPU 95543 hits this request; since the start RAM 384192 blobs, files 0 blobs 19371.3 MB read
strata serve: KV streaming: 99.45% of 58338 block reads hit VRAM, 1.3 MiB read from RAM
strata serve: prompt 79 tokens = 0 reused + 79 read in 548 ms (144.2 tok/s), 128 generated in 1874 ms (68.3 tok/s), drafts accepted 76 of 125, 1 checkpoints
strata serve: decode expert cache hit rate: 98.1% (97884 hits / 99733 lookups); 737 more read by the GPU over PCIe or from another GPU (0.7% of all 100470 routed)
strata serve: resident RAM: 5.38 GiB of experts in RAM, 56891 exchanged with the VRAM tier, 0 blob reads from the file
strata serve: expert tiers: GPU 97884 hits this request; since the start RAM 387611 blobs, files 0 blobs 19371.3 MB read
strata serve: KV streaming: 99.43% of 56226 block reads hit VRAM, 1.3 MiB read from RAM
strata serve: prompt 77 tokens = 0 reused + 77 read in 565 ms (136.3 tok/s), 128 generated in 2297 ms (55.7 tok/s), drafts accepted 61 of 113, 1 checkpoints
strata serve: decode expert cache hit rate: 97.6% (99773 hits / 102277 lookups); 803 more read by the GPU over PCIe or from another GPU (0.8% of all 103080 routed)
strata serve: resident RAM: 5.38 GiB of experts in RAM, 57452 exchanged with the VRAM tier, 0 blob reads from the file
strata serve: expert tiers: GPU 99773 hits this request; since the start RAM 391475 blobs, files 0 blobs 19371.3 MB read
strata serve: KV streaming: 99.44% of 55866 block reads hit VRAM, 1.3 MiB read from RAM
strata serve: prompt 78 tokens = 0 reused + 78 read in 571 ms (136.6 tok/s), 128 generated in 1659 ms (77.1 tok/s), drafts accepted 80 of 110, 1 checkpoints
strata serve: decode expert cache hit rate: 97.6% (84892 hits / 86953 lookups); 877 more read by the GPU over PCIe or from another GPU (1.0% of all 87830 routed)
strata serve: resident RAM: 5.38 GiB of experts in RAM, 58021 exchanged with the VRAM tier, 0 blob reads from the file
strata serve: expert tiers: GPU 84892 hits this request; since the start RAM 395206 blobs, files 0 blobs 19371.3 MB read
strata serve: KV streaming: 99.33% of 47508 block reads hit VRAM, 1.3 MiB read from RAM
strata serve: prompt 81 tokens = 0 reused + 81 read in 595 ms (136.2 tok/s), 128 generated in 2154 ms (59.4 tok/s), drafts accepted 73 of 154, 1 checkpoints
strata serve: decode expert cache hit rate: 98.0% (115191 hits / 117482 lookups); 988 more read by the GPU over PCIe or from another GPU (0.8% of all 118470 routed)
strata serve: resident RAM: 5.38 GiB of experts in RAM, 58703 exchanged with the VRAM tier, 0 blob reads from the file
strata serve: expert tiers: GPU 115191 hits this request; since the start RAM 399148 blobs, files 0 blobs 19371.3 MB read
strata serve: KV streaming: 99.52% of 65730 block reads hit VRAM, 1.3 MiB read from RAM
strata serve: suffix drafts: 1 windows, 1 of 2 drafts accepted
strata serve: prompt 76 tokens = 0 reused + 76 read in 555 ms (137.0 tok/s), 128 generated in 2192 ms (58.4 tok/s), drafts accepted 66 of 136, 1 checkpoints
strata serve: decode expert cache hit rate: 98.9% (111905 hits / 113134 lookups); 396 more read by the GPU over PCIe or from another GPU (0.3% of all 113530 routed)
strata serve: resident RAM: 5.38 GiB of experts in RAM, 59057 exchanged with the VRAM tier, 0 blob reads from the file
strata serve: expert tiers: GPU 111905 hits this request; since the start RAM 401724 blobs, files 0 blobs 19371.3 MB read
strata serve: KV streaming: 99.49% of 61290 block reads hit VRAM, 1.3 MiB read from RAM
strata serve: prompt 77 tokens = 0 reused + 77 read in 549 ms (140.3 tok/s), 128 generated in 1715 ms (74.6 tok/s), drafts accepted 81 of 122, 1 checkpoints
strata serve: decode expert cache hit rate: 98.4% (94395 hits / 95921 lookups); 629 more read by the GPU over PCIe or from another GPU (0.7% of all 96550 routed)
strata serve: resident RAM: 5.38 GiB of experts in RAM, 59443 exchanged with the VRAM tier, 0 blob reads from the file
strata serve: expert tiers: GPU 94395 hits this request; since the start RAM 404635 blobs, files 0 blobs 19371.3 MB read
strata serve: KV streaming: 99.41% of 52908 block reads hit VRAM, 1.3 MiB read from RAM
strata serve: prompt 76 tokens = 0 reused + 76 read in 568 ms (133.8 tok/s), 128 generated in 2039 ms (62.8 tok/s), drafts accepted 74 of 149, 1 checkpoints
strata serve: decode expert cache hit rate: 98.2% (108522 hits / 110457 lookups); 703 more read by the GPU over PCIe or from another GPU (0.6% of all 111160 routed)
strata serve: resident RAM: 5.38 GiB of experts in RAM, 59974 exchanged with the VRAM tier, 0 blob reads from the file
strata serve: expert tiers: GPU 108522 hits this request; since the start RAM 407910 blobs, files 0 blobs 19371.3 MB read
strata serve: KV streaming: 99.46% of 57612 block reads hit VRAM, 1.3 MiB read from RAM
strata serve: prompt 77 tokens = 0 reused + 77 read in 567 ms (135.7 tok/s), 128 generated in 2153 ms (59.4 tok/s), drafts accepted 75 of 134, 1 checkpoints
strata serve: decode expert cache hit rate: 96.5% (103716 hits / 107456 lookups); 1694 more read by the GPU over PCIe or from another GPU (1.6% of all 109150 routed)
strata serve: resident RAM: 5.38 GiB of experts in RAM, 60763 exchanged with the VRAM tier, 0 blob reads from the file
strata serve: expert tiers: GPU 103716 hits this request; since the start RAM 413541 blobs, files 0 blobs 19371.3 MB read
strata serve: KV streaming: 99.47% of 59400 block reads hit VRAM, 1.3 MiB read from RAM
strata serve: prompt 76 tokens = 0 reused + 76 read in 550 ms (138.3 tok/s), 128 generated in 1959 ms (65.3 tok/s), drafts accepted 73 of 124, 1 checkpoints
strata serve: decode expert cache hit rate: 98.9% (101855 hits / 103004 lookups); 316 more read by the GPU over PCIe or from another GPU (0.3% of all 103320 routed)
strata serve: resident RAM: 5.38 GiB of experts in RAM, 61063 exchanged with the VRAM tier, 0 blob reads from the file
strata serve: expert tiers: GPU 101855 hits this request; since the start RAM 415791 blobs, files 0 blobs 19371.3 MB read
strata serve: KV streaming: 99.44% of 55686 block reads hit VRAM, 1.3 MiB read from RAM
strata serve: prompt 78 tokens = 0 reused + 78 read in 554 ms (140.8 tok/s), 128 generated in 2110 ms (60.7 tok/s), drafts accepted 75 of 135, 1 checkpoints
strata serve: decode expert cache hit rate: 98.5% (105809 hits / 107367 lookups); 593 more read by the GPU over PCIe or from another GPU (0.5% of all 107960 routed)
strata serve: resident RAM: 5.38 GiB of experts in RAM, 61454 exchanged with the VRAM tier, 0 blob reads from the file
strata serve: expert tiers: GPU 105809 hits this request; since the start RAM 418562 blobs, files 0 blobs 19371.3 MB read
strata serve: KV streaming: 99.47% of 60204 block reads hit VRAM, 1.3 MiB read from RAM
strata serve: suffix drafts: 1 windows, 2 of 2 drafts accepted
strata serve: prompt 82 tokens = 0 reused + 82 read in 571 ms (143.6 tok/s), 128 generated in 2042 ms (62.7 tok/s), drafts accepted 71 of 106, 1 checkpoints
strata serve: decode expert cache hit rate: 97.3% (90305 hits / 92816 lookups); 1044 more read by the GPU over PCIe or from another GPU (1.1% of all 93860 routed)
strata serve: resident RAM: 5.38 GiB of experts in RAM, 62092 exchanged with the VRAM tier, 0 blob reads from the file
strata serve: expert tiers: GPU 90305 hits this request; since the start RAM 422673 blobs, files 0 blobs 19371.3 MB read
strata serve: KV streaming: 99.44% of 56898 block reads hit VRAM, 1.3 MiB read from RAM
strata serve: prompt 79 tokens = 0 reused + 79 read in 554 ms (142.7 tok/s), 128 generated in 1657 ms (77.3 tok/s), drafts accepted 85 of 119, 1 checkpoints
strata serve: decode expert cache hit rate: 95.4% (77881 hits / 81676 lookups); 1934 more read by the GPU over PCIe or from another GPU (2.3% of all 83610 routed)
strata serve: resident RAM: 5.38 GiB of experts in RAM, 62836 exchanged with the VRAM tier, 0 blob reads from the file
strata serve: expert tiers: GPU 77881 hits this request; since the start RAM 428309 blobs, files 0 blobs 19371.3 MB read
strata serve: KV streaming: 99.23% of 41394 block reads hit VRAM, 1.3 MiB read from RAM
strata serve: suffix drafts: 1 windows, 2 of 2 drafts accepted
strata serve: prompt 79 tokens = 0 reused + 79 read in 561 ms (140.7 tok/s), 128 generated in 1682 ms (76.1 tok/s), drafts accepted 85 of 121, 1 checkpoints
strata serve: decode expert cache hit rate: 97.2% (86168 hits / 88664 lookups); 1076 more read by the GPU over PCIe or from another GPU (1.2% of all 89740 routed)
strata serve: resident RAM: 5.38 GiB of experts in RAM, 63530 exchanged with the VRAM tier, 0 blob reads from the file
strata serve: expert tiers: GPU 86168 hits this request; since the start RAM 432634 blobs, files 0 blobs 19371.3 MB read
strata serve: KV streaming: 99.33% of 47238 block reads hit VRAM, 1.3 MiB read from RAM
strata serve: suffix drafts: 1 windows, 2 of 2 drafts accepted
strata serve: prompt 80 tokens = 0 reused + 80 read in 583 ms (137.3 tok/s), 128 generated in 2010 ms (63.7 tok/s), drafts accepted 73 of 123, 1 checkpoints
strata serve: decode expert cache hit rate: 98.1% (99704 hits / 101630 lookups); 780 more read by the GPU over PCIe or from another GPU (0.8% of all 102410 routed)
strata serve: resident RAM: 5.38 GiB of experts in RAM, 64180 exchanged with the VRAM tier, 0 blob reads from the file
strata serve: expert tiers: GPU 99704 hits this request; since the start RAM 436315 blobs, files 0 blobs 19371.3 MB read
strata serve: KV streaming: 99.46% of 60456 block reads hit VRAM, 1.3 MiB read from RAM
strata serve: prompt 80 tokens = 0 reused + 80 read in 565 ms (141.7 tok/s), 128 generated in 1929 ms (66.4 tok/s), drafts accepted 79 of 127, 1 checkpoints
strata serve: decode expert cache hit rate: 96.9% (97235 hits / 100308 lookups); 1392 more read by the GPU over PCIe or from another GPU (1.4% of all 101700 routed)
strata serve: resident RAM: 5.38 GiB of experts in RAM, 64789 exchanged with the VRAM tier, 0 blob reads from the file
strata serve: expert tiers: GPU 97235 hits this request; since the start RAM 441152 blobs, files 0 blobs 19371.3 MB read
strata serve: KV streaming: 99.42% of 55164 block reads hit VRAM, 1.3 MiB read from RAM
strata serve: prompt 79 tokens = 0 reused + 79 read in 584 ms (135.2 tok/s), 128 generated in 2073 ms (61.7 tok/s), drafts accepted 78 of 133, 1 checkpoints
strata serve: decode expert cache hit rate: 97.9% (105794 hits / 108076 lookups); 984 more read by the GPU over PCIe or from another GPU (0.9% of all 109060 routed)
strata serve: resident RAM: 5.38 GiB of experts in RAM, 65516 exchanged with the VRAM tier, 0 blob reads from the file
strata serve: expert tiers: GPU 105794 hits this request; since the start RAM 445157 blobs, files 0 blobs 19371.3 MB read
strata serve: KV streaming: 99.51% of 64326 block reads hit VRAM, 1.3 MiB read from RAM
strata serve: prompt 77 tokens = 0 reused + 77 read in 572 ms (134.6 tok/s), 128 generated in 2321 ms (55.1 tok/s), drafts accepted 62 of 125, 1 checkpoints
strata serve: decode expert cache hit rate: 98.5% (107497 hits / 109155 lookups); 525 more read by the GPU over PCIe or from another GPU (0.5% of all 109680 routed)
strata serve: resident RAM: 5.38 GiB of experts in RAM, 66003 exchanged with the VRAM tier, 0 blob reads from the file
strata serve: expert tiers: GPU 107497 hits this request; since the start RAM 448235 blobs, files 0 blobs 19371.3 MB read
strata serve: KV streaming: 99.48% of 60084 block reads hit VRAM, 1.3 MiB read from RAM
strata serve: prompt 78 tokens = 0 reused + 78 read in 563 ms (138.6 tok/s), 128 generated in 1673 ms (76.5 tok/s), drafts accepted 82 of 109, 1 checkpoints
strata serve: decode expert cache hit rate: 97.5% (82219 hits / 84319 lookups); 921 more read by the GPU over PCIe or from another GPU (1.1% of all 85240 routed)
strata serve: resident RAM: 5.38 GiB of experts in RAM, 66490 exchanged with the VRAM tier, 0 blob reads from the file
strata serve: expert tiers: GPU 82219 hits this request; since the start RAM 451951 blobs, files 0 blobs 19371.3 MB read
strata serve: KV streaming: 99.30% of 45732 block reads hit VRAM, 1.3 MiB read from RAM
strata serve: prompt 81 tokens = 0 reused + 81 read in 604 ms (134.2 tok/s), 128 generated in 2166 ms (59.1 tok/s), drafts accepted 71 of 123, 1 checkpoints
strata serve: decode expert cache hit rate: 97.7% (101524 hits / 103870 lookups); 1000 more read by the GPU over PCIe or from another GPU (1.0% of all 104870 routed)
strata serve: resident RAM: 5.38 GiB of experts in RAM, 67180 exchanged with the VRAM tier, 0 blob reads from the file
strata serve: expert tiers: GPU 101524 hits this request; since the start RAM 455929 blobs, files 0 blobs 19371.3 MB read
strata serve: KV streaming: 99.47% of 59850 block reads hit VRAM, 1.3 MiB read from RAM
strata serve: prompt 76 tokens = 0 reused + 76 read in 556 ms (136.6 tok/s), 128 generated in 2167 ms (59.1 tok/s), drafts accepted 66 of 118, 1 checkpoints
strata serve: decode expert cache hit rate: 98.9% (105376 hits / 106544 lookups); 346 more read by the GPU over PCIe or from another GPU (0.3% of all 106890 routed)
strata serve: resident RAM: 5.38 GiB of experts in RAM, 67451 exchanged with the VRAM tier, 0 blob reads from the file
strata serve: expert tiers: GPU 105376 hits this request; since the start RAM 458286 blobs, files 0 blobs 19371.3 MB read
strata serve: KV streaming: 99.48% of 60156 block reads hit VRAM, 1.3 MiB read from RAM
strata serve: prompt 77 tokens = 0 reused + 77 read in 548 ms (140.6 tok/s), 128 generated in 1825 ms (70.1 tok/s), drafts accepted 77 of 122, 1 checkpoints
strata serve: decode expert cache hit rate: 98.2% (96522 hits / 98273 lookups); 647 more read by the GPU over PCIe or from another GPU (0.7% of all 98920 routed)
strata serve: resident RAM: 5.38 GiB of experts in RAM, 67816 exchanged with the VRAM tier, 0 blob reads from the file
strata serve: expert tiers: GPU 96522 hits this request; since the start RAM 461135 blobs, files 0 blobs 19371.3 MB read
strata serve: KV streaming: 99.44% of 56310 block reads hit VRAM, 1.3 MiB read from RAM
strata serve: prompt 76 tokens = 0 reused + 76 read in 566 ms (134.2 tok/s), 128 generated in 1951 ms (65.6 tok/s), drafts accepted 74 of 120, 1 checkpoints
strata serve: decode expert cache hit rate: 98.2% (97777 hits / 99577 lookups); 813 more read by the GPU over PCIe or from another GPU (0.8% of all 100390 routed)
strata serve: resident RAM: 5.38 GiB of experts in RAM, 68433 exchanged with the VRAM tier, 0 blob reads from the file
strata serve: expert tiers: GPU 97777 hits this request; since the start RAM 464561 blobs, files 0 blobs 19371.3 MB read
strata serve: KV streaming: 99.42% of 54168 block reads hit VRAM, 1.3 MiB read from RAM
strata serve: prompt 77 tokens = 0 reused + 77 read in 572 ms (134.6 tok/s), 128 generated in 2246 ms (57.0 tok/s), drafts accepted 73 of 127, 1 checkpoints
strata serve: decode expert cache hit rate: 97.1% (101477 hits / 104483 lookups); 1297 more read by the GPU over PCIe or from another GPU (1.2% of all 105780 routed)
strata serve: resident RAM: 5.38 GiB of experts in RAM, 69191 exchanged with the VRAM tier, 0 blob reads from the file
strata serve: expert tiers: GPU 101477 hits this request; since the start RAM 469416 blobs, files 0 blobs 19371.3 MB read
strata serve: KV streaming: 99.48% of 60120 block reads hit VRAM, 1.3 MiB read from RAM
strata serve: prompt 76 tokens = 0 reused + 76 read in 545 ms (139.4 tok/s), 128 generated in 2021 ms (63.3 tok/s), drafts accepted 73 of 122, 1 checkpoints
strata serve: decode expert cache hit rate: 98.9% (101661 hits / 102821 lookups); 349 more read by the GPU over PCIe or from another GPU (0.3% of all 103170 routed)
strata serve: resident RAM: 5.38 GiB of experts in RAM, 69476 exchanged with the VRAM tier, 0 blob reads from the file
strata serve: expert tiers: GPU 101661 hits this request; since the start RAM 471623 blobs, files 0 blobs 19371.3 MB read
strata serve: KV streaming: 99.46% of 57840 block reads hit VRAM, 1.3 MiB read from RAM
strata serve: prompt 78 tokens = 0 reused + 78 read in 552 ms (141.4 tok/s), 128 generated in 2197 ms (58.3 tok/s), drafts accepted 68 of 136, 1 checkpoints
strata serve: decode expert cache hit rate: 99.0% (114041 hits / 115215 lookups); 405 more read by the GPU over PCIe or from another GPU (0.4% of all 115620 routed)
strata serve: resident RAM: 5.38 GiB of experts in RAM, 69793 exchanged with the VRAM tier, 0 blob reads from the file
strata serve: expert tiers: GPU 114041 hits this request; since the start RAM 473971 blobs, files 0 blobs 19371.3 MB read
strata serve: KV streaming: 99.53% of 67074 block reads hit VRAM, 1.3 MiB read from RAM
strata serve: suffix drafts: 1 windows, 4 of 6 drafts accepted
strata serve: prompt 82 tokens = 0 reused + 82 read in 587 ms (139.8 tok/s), 128 generated in 1922 ms (66.6 tok/s), drafts accepted 73 of 111, 1 checkpoints
strata serve: decode expert cache hit rate: 97.4% (90125 hits / 92544 lookups); 1056 more read by the GPU over PCIe or from another GPU (1.1% of all 93600 routed)
strata serve: resident RAM: 5.38 GiB of experts in RAM, 70422 exchanged with the VRAM tier, 0 blob reads from the file
strata serve: expert tiers: GPU 90125 hits this request; since the start RAM 477877 blobs, files 0 blobs 19371.3 MB read
strata serve: KV streaming: 99.42% of 54456 block reads hit VRAM, 1.3 MiB read from RAM
strata serve: prompt 79 tokens = 0 reused + 79 read in 554 ms (142.7 tok/s), 128 generated in 1837 ms (69.7 tok/s), drafts accepted 83 of 122, 1 checkpoints
strata serve: decode expert cache hit rate: 96.5% (89230 hits / 92488 lookups); 1672 more read by the GPU over PCIe or from another GPU (1.8% of all 94160 routed)
strata serve: resident RAM: 5.38 GiB of experts in RAM, 71063 exchanged with the VRAM tier, 0 blob reads from the file
strata serve: expert tiers: GPU 89230 hits this request; since the start RAM 483005 blobs, files 0 blobs 19371.3 MB read
strata serve: KV streaming: 99.38% of 50688 block reads hit VRAM, 1.3 MiB read from RAM
strata serve: suffix drafts: 1 windows, 4 of 6 drafts accepted
strata serve: prompt 79 tokens = 0 reused + 79 read in 584 ms (135.3 tok/s), 128 generated in 1591 ms (80.5 tok/s), drafts accepted 86 of 116, 1 checkpoints
strata serve: decode expert cache hit rate: 97.3% (81776 hits / 84004 lookups); 976 more read by the GPU over PCIe or from another GPU (1.1% of all 84980 routed)
strata serve: resident RAM: 5.38 GiB of experts in RAM, 71705 exchanged with the VRAM tier, 0 blob reads from the file
strata serve: expert tiers: GPU 81776 hits this request; since the start RAM 486892 blobs, files 0 blobs 19371.3 MB read
strata serve: KV streaming: 99.31% of 45450 block reads hit VRAM, 1.3 MiB read from RAM
strata serve: suffix drafts: 1 windows, 2 of 2 drafts accepted
strata serve: prompt 80 tokens = 0 reused + 80 read in 568 ms (141.0 tok/s), 128 generated in 1841 ms (69.5 tok/s), drafts accepted 80 of 118, 1 checkpoints
strata serve: decode expert cache hit rate: 98.2% (94134 hits / 95863 lookups); 717 more read by the GPU over PCIe or from another GPU (0.7% of all 96580 routed)
strata serve: resident RAM: 5.38 GiB of experts in RAM, 72208 exchanged with the VRAM tier, 0 blob reads from the file
strata serve: expert tiers: GPU 94134 hits this request; since the start RAM 490259 blobs, files 0 blobs 19371.3 MB read
strata serve: KV streaming: 99.47% of 59856 block reads hit VRAM, 1.3 MiB read from RAM
strata serve: prompt 80 tokens = 0 reused + 80 read in 561 ms (142.6 tok/s), 128 generated in 2034 ms (62.9 tok/s), drafts accepted 74 of 130, 1 checkpoints
strata serve: decode expert cache hit rate: 97.2% (101717 hits / 104605 lookups); 1315 more read by the GPU over PCIe or from another GPU (1.2% of all 105920 routed)
strata serve: resident RAM: 5.38 GiB of experts in RAM, 72837 exchanged with the VRAM tier, 0 blob reads from the file
strata serve: expert tiers: GPU 101717 hits this request; since the start RAM 494859 blobs, files 0 blobs 19371.3 MB read
strata serve: KV streaming: 99.48% of 61212 block reads hit VRAM, 1.3 MiB read from RAM
strata serve: prompt 79 tokens = 0 reused + 79 read in 559 ms (141.3 tok/s), 128 generated in 1893 ms (67.6 tok/s), drafts accepted 79 of 118, 1 checkpoints
strata serve: decode expert cache hit rate: 98.2% (95080 hits / 96866 lookups); 714 more read by the GPU over PCIe or from another GPU (0.7% of all 97580 routed)
strata serve: resident RAM: 5.38 GiB of experts in RAM, 73369 exchanged with the VRAM tier, 0 blob reads from the file
strata serve: expert tiers: GPU 95080 hits this request; since the start RAM 498198 blobs, files 0 blobs 19371.3 MB read
strata serve: KV streaming: 99.45% of 57648 block reads hit VRAM, 1.3 MiB read from RAM
strata serve: prompt 77 tokens = 0 reused + 77 read in 569 ms (135.2 tok/s), 128 generated in 2501 ms (51.2 tok/s), drafts accepted 61 of 126, 1 checkpoints
strata serve: decode expert cache hit rate: 97.6% (107333 hits / 109962 lookups); 958 more read by the GPU over PCIe or from another GPU (0.9% of all 110920 routed)
strata serve: resident RAM: 5.38 GiB of experts in RAM, 73978 exchanged with the VRAM tier, 0 blob reads from the file
strata serve: expert tiers: GPU 107333 hits this request; since the start RAM 502239 blobs, files 0 blobs 19371.3 MB read
strata serve: KV streaming: 99.49% of 60114 block reads hit VRAM, 1.2 MiB read from RAM
strata serve: prompt 78 tokens = 0 reused + 78 read in 588 ms (132.6 tok/s), 128 generated in 1968 ms (65.0 tok/s), drafts accepted 79 of 123, 1 checkpoints
strata serve: decode expert cache hit rate: 97.7% (94934 hits / 97191 lookups); 1009 more read by the GPU over PCIe or from another GPU (1.0% of all 98200 routed)
strata serve: resident RAM: 5.38 GiB of experts in RAM, 74595 exchanged with the VRAM tier, 0 blob reads from the file
strata serve: expert tiers: GPU 94934 hits this request; since the start RAM 506157 blobs, files 0 blobs 19371.3 MB read
strata serve: KV streaming: 99.42% of 55302 block reads hit VRAM, 1.3 MiB read from RAM
strata serve: suffix drafts: 1 windows, 2 of 6 drafts accepted
strata serve: prompt 81 tokens = 0 reused + 81 read in 578 ms (140.1 tok/s), 128 generated in 2126 ms (60.2 tok/s), drafts accepted 71 of 126, 1 checkpoints
strata serve: decode expert cache hit rate: 97.8% (101767 hits / 104085 lookups); 1015 more read by the GPU over PCIe or from another GPU (1.0% of all 105100 routed)
strata serve: resident RAM: 5.38 GiB of experts in RAM, 75198 exchanged with the VRAM tier, 0 blob reads from the file
strata serve: expert tiers: GPU 101767 hits this request; since the start RAM 510290 blobs, files 0 blobs 19371.3 MB read
strata serve: KV streaming: 99.46% of 58764 block reads hit VRAM, 1.3 MiB read from RAM
strata serve: prompt 76 tokens = 0 reused + 76 read in 565 ms (134.5 tok/s), 128 generated in 2141 ms (59.8 tok/s), drafts accepted 69 of 133, 1 checkpoints
strata serve: decode expert cache hit rate: 98.8% (109255 hits / 110549 lookups); 401 more read by the GPU over PCIe or from another GPU (0.4% of all 110950 routed)
strata serve: resident RAM: 5.38 GiB of experts in RAM, 75560 exchanged with the VRAM tier, 0 blob reads from the file
strata serve: expert tiers: GPU 109255 hits this request; since the start RAM 512962 blobs, files 0 blobs 19371.3 MB read
strata serve: KV streaming: 99.48% of 58692 block reads hit VRAM, 1.2 MiB read from RAM
strata serve: prompt 77 tokens = 0 reused + 77 read in 559 ms (137.7 tok/s), 128 generated in 1871 ms (68.4 tok/s), drafts accepted 77 of 137, 1 checkpoints
strata serve: decode expert cache hit rate: 98.8% (103329 hits / 104569 lookups); 421 more read by the GPU over PCIe or from another GPU (0.4% of all 104990 routed)
strata serve: resident RAM: 5.38 GiB of experts in RAM, 75866 exchanged with the VRAM tier, 0 blob reads from the file
strata serve: expert tiers: GPU 103329 hits this request; since the start RAM 515426 blobs, files 0 blobs 19371.3 MB read
strata serve: KV streaming: 99.44% of 57174 block reads hit VRAM, 1.3 MiB read from RAM
strata serve: prompt 76 tokens = 0 reused + 76 read in 576 ms (131.9 tok/s), 128 generated in 1986 ms (64.4 tok/s), drafts accepted 75 of 131, 1 checkpoints
strata serve: decode expert cache hit rate: 98.1% (102521 hits / 104477 lookups); 823 more read by the GPU over PCIe or from another GPU (0.8% of all 105300 routed)
strata serve: resident RAM: 5.38 GiB of experts in RAM, 76370 exchanged with the VRAM tier, 0 blob reads from the file
strata serve: expert tiers: GPU 102521 hits this request; since the start RAM 518870 blobs, files 0 blobs 19371.3 MB read
strata serve: KV streaming: 99.46% of 57612 block reads hit VRAM, 1.3 MiB read from RAM
strata serve: prompt 77 tokens = 0 reused + 77 read in 563 ms (136.7 tok/s), 128 generated in 2242 ms (57.1 tok/s), drafts accepted 70 of 124, 1 checkpoints
strata serve: decode expert cache hit rate: 96.9% (99711 hits / 102878 lookups); 1352 more read by the GPU over PCIe or from another GPU (1.3% of all 104230 routed)
strata serve: resident RAM: 5.38 GiB of experts in RAM, 77111 exchanged with the VRAM tier, 0 blob reads from the file
strata serve: expert tiers: GPU 99711 hits this request; since the start RAM 523754 blobs, files 0 blobs 19371.3 MB read
strata serve: KV streaming: 99.43% of 55056 block reads hit VRAM, 1.3 MiB read from RAM
strata serve: prompt 76 tokens = 0 reused + 76 read in 550 ms (138.2 tok/s), 128 generated in 1988 ms (64.4 tok/s), drafts accepted 73 of 128, 1 checkpoints
strata serve: decode expert cache hit rate: 98.8% (99402 hits / 100602 lookups); 378 more read by the GPU over PCIe or from another GPU (0.4% of all 100980 routed)
strata serve: resident RAM: 5.38 GiB of experts in RAM, 77437 exchanged with the VRAM tier, 0 blob reads from the file
strata serve: expert tiers: GPU 99402 hits this request; since the start RAM 526063 blobs, files 0 blobs 19371.3 MB read
strata serve: KV streaming: 99.40% of 51612 block reads hit VRAM, 1.3 MiB read from RAM
strata serve: suffix drafts: 1 windows, 2 of 2 drafts accepted
strata serve: prompt 78 tokens = 0 reused + 78 read in 551 ms (141.7 tok/s), 128 generated in 2021 ms (63.3 tok/s), drafts accepted 75 of 137, 1 checkpoints
strata serve: decode expert cache hit rate: 98.6% (104856 hits / 106345 lookups); 575 more read by the GPU over PCIe or from another GPU (0.5% of all 106920 routed)
strata serve: resident RAM: 5.38 GiB of experts in RAM, 77812 exchanged with the VRAM tier, 0 blob reads from the file
strata serve: expert tiers: GPU 104856 hits this request; since the start RAM 528795 blobs, files 0 blobs 19371.3 MB read
strata serve: KV streaming: 99.44% of 56682 block reads hit VRAM, 1.3 MiB read from RAM
strata serve: suffix drafts: 1 windows, 2 of 2 drafts accepted
strata serve: prompt 82 tokens = 0 reused + 82 read in 579 ms (141.6 tok/s), 128 generated in 2194 ms (58.3 tok/s), drafts accepted 73 of 130, 1 checkpoints
strata serve: decode expert cache hit rate: 96.7% (102832 hits / 106311 lookups); 1469 more read by the GPU over PCIe or from another GPU (1.4% of all 107780 routed)
strata serve: resident RAM: 5.38 GiB of experts in RAM, 78500 exchanged with the VRAM tier, 0 blob reads from the file
strata serve: expert tiers: GPU 102832 hits this request; since the start RAM 533873 blobs, files 0 blobs 19371.3 MB read
strata serve: KV streaming: 99.49% of 63444 block reads hit VRAM, 1.3 MiB read from RAM
strata serve: prompt 79 tokens = 0 reused + 79 read in 549 ms (143.8 tok/s), 128 generated in 1811 ms (70.7 tok/s), drafts accepted 88 of 116, 1 checkpoints
strata serve: decode expert cache hit rate: 95.3% (84068 hits / 88192 lookups); 2168 more read by the GPU over PCIe or from another GPU (2.4% of all 90360 routed)
strata serve: resident RAM: 5.38 GiB of experts in RAM, 79273 exchanged with the VRAM tier, 0 blob reads from the file
strata serve: expert tiers: GPU 84068 hits this request; since the start RAM 540049 blobs, files 0 blobs 19371.3 MB read
strata serve: KV streaming: 99.37% of 50550 block reads hit VRAM, 1.3 MiB read from RAM
strata serve: suffix drafts: 1 windows, 4 of 6 drafts accepted
strata serve: prompt 79 tokens = 0 reused + 79 read in 568 ms (139.0 tok/s), 128 generated in 1905 ms (67.2 tok/s), drafts accepted 83 of 130, 1 checkpoints
strata serve: decode expert cache hit rate: 97.9% (97445 hits / 99503 lookups); 837 more read by the GPU over PCIe or from another GPU (0.8% of all 100340 routed)
strata serve: resident RAM: 5.38 GiB of experts in RAM, 79934 exchanged with the VRAM tier, 0 blob reads from the file
strata serve: expert tiers: GPU 97445 hits this request; since the start RAM 543748 blobs, files 0 blobs 19371.3 MB read
strata serve: KV streaming: 99.43% of 55542 block reads hit VRAM, 1.3 MiB read from RAM
strata serve: suffix drafts: 1 windows, 4 of 6 drafts accepted
strata serve: prompt 80 tokens = 0 reused + 80 read in 556 ms (143.9 tok/s), 128 generated in 1868 ms (68.5 tok/s), drafts accepted 80 of 128, 1 checkpoints
strata serve: decode expert cache hit rate: 98.6% (100499 hits / 101950 lookups); 480 more read by the GPU over PCIe or from another GPU (0.5% of all 102430 routed)
strata serve: resident RAM: 5.38 GiB of experts in RAM, 80329 exchanged with the VRAM tier, 0 blob reads from the file
strata serve: expert tiers: GPU 100499 hits this request; since the start RAM 546368 blobs, files 0 blobs 19371.3 MB read
strata serve: KV streaming: 99.49% of 61818 block reads hit VRAM, 1.3 MiB read from RAM
strata serve: prompt 80 tokens = 0 reused + 80 read in 558 ms (143.5 tok/s), 128 generated in 2102 ms (60.9 tok/s), drafts accepted 69 of 132, 1 checkpoints
strata serve: decode expert cache hit rate: 98.5% (104342 hits / 105939 lookups); 541 more read by the GPU over PCIe or from another GPU (0.5% of all 106480 routed)
strata serve: resident RAM: 5.38 GiB of experts in RAM, 80690 exchanged with the VRAM tier, 0 blob reads from the file
strata serve: expert tiers: GPU 104342 hits this request; since the start RAM 549153 blobs, files 0 blobs 19371.3 MB read
strata serve: KV streaming: 99.44% of 57060 block reads hit VRAM, 1.3 MiB read from RAM
strata serve: prompt 79 tokens = 0 reused + 79 read in 550 ms (143.8 tok/s), 128 generated in 2000 ms (64.0 tok/s), drafts accepted 78 of 127, 1 checkpoints
strata serve: decode expert cache hit rate: 98.5% (107536 hits / 109212 lookups); 628 more read by the GPU over PCIe or from another GPU (0.6% of all 109840 routed)
strata serve: resident RAM: 5.38 GiB of experts in RAM, 81101 exchanged with the VRAM tier, 0 blob reads from the file
strata serve: expert tiers: GPU 107536 hits this request; since the start RAM 552166 blobs, files 0 blobs 19371.3 MB read
strata serve: KV streaming: 99.53% of 68268 block reads hit VRAM, 1.3 MiB read from RAM
strata serve: prompt 77 tokens = 0 reused + 77 read in 575 ms (133.9 tok/s), 128 generated in 2183 ms (58.6 tok/s), drafts accepted 65 of 119, 1 checkpoints
strata serve: decode expert cache hit rate: 98.7% (102054 hits / 103359 lookups); 421 more read by the GPU over PCIe or from another GPU (0.4% of all 103780 routed)
strata serve: resident RAM: 5.38 GiB of experts in RAM, 81529 exchanged with the VRAM tier, 0 blob reads from the file
strata serve: expert tiers: GPU 102054 hits this request; since the start RAM 554653 blobs, files 0 blobs 19371.3 MB read
strata serve: KV streaming: 99.44% of 56076 block reads hit VRAM, 1.3 MiB read from RAM
strata serve: prompt 78 tokens = 0 reused + 78 read in 549 ms (142.0 tok/s), 128 generated in 1885 ms (67.9 tok/s), drafts accepted 79 of 128, 1 checkpoints
strata serve: decode expert cache hit rate: 98.3% (99696 hits / 101446 lookups); 744 more read by the GPU over PCIe or from another GPU (0.7% of all 102190 routed)
strata serve: resident RAM: 5.38 GiB of experts in RAM, 81969 exchanged with the VRAM tier, 0 blob reads from the file
strata serve: expert tiers: GPU 99696 hits this request; since the start RAM 557858 blobs, files 0 blobs 19371.3 MB read
strata serve: KV streaming: 99.43% of 54834 block reads hit VRAM, 1.3 MiB read from RAM
strata serve: prompt 81 tokens = 0 reused + 81 read in 591 ms (137.0 tok/s), 128 generated in 2169 ms (59.0 tok/s), drafts accepted 77 of 160, 1 checkpoints
strata serve: decode expert cache hit rate: 98.1% (117790 hits / 120090 lookups); 970 more read by the GPU over PCIe or from another GPU (0.8% of all 121060 routed)
strata serve: resident RAM: 5.38 GiB of experts in RAM, 82549 exchanged with the VRAM tier, 0 blob reads from the file
strata serve: expert tiers: GPU 117790 hits this request; since the start RAM 561524 blobs, files 0 blobs 19371.3 MB read
strata serve: KV streaming: 99.53% of 68664 block reads hit VRAM, 1.3 MiB read from RAM
strata serve: suffix drafts: 1 windows, 1 of 2 drafts accepted
strata serve: prompt 76 tokens = 0 reused + 76 read in 542 ms (140.1 tok/s), 128 generated in 1826 ms (70.1 tok/s), drafts accepted 72 of 112, 1 checkpoints
strata serve: decode expert cache hit rate: 99.1% (95084 hits / 95926 lookups); 244 more read by the GPU over PCIe or from another GPU (0.3% of all 96170 routed)
strata serve: resident RAM: 5.38 GiB of experts in RAM, 82769 exchanged with the VRAM tier, 0 blob reads from the file
strata serve: expert tiers: GPU 95084 hits this request; since the start RAM 563454 blobs, files 0 blobs 19371.3 MB read
strata serve: KV streaming: 99.43% of 54684 block reads hit VRAM, 1.3 MiB read from RAM
strata serve: prompt 77 tokens = 0 reused + 77 read in 545 ms (141.4 tok/s), 128 generated in 1774 ms (72.2 tok/s), drafts accepted 78 of 122, 1 checkpoints
strata serve: decode expert cache hit rate: 98.5% (95508 hits / 96998 lookups); 622 more read by the GPU over PCIe or from another GPU (0.6% of all 97620 routed)
strata serve: resident RAM: 5.38 GiB of experts in RAM, 83127 exchanged with the VRAM tier, 0 blob reads from the file
strata serve: expert tiers: GPU 95508 hits this request; since the start RAM 566137 blobs, files 0 blobs 19371.3 MB read
strata serve: KV streaming: 99.42% of 53568 block reads hit VRAM, 1.3 MiB read from RAM
strata serve: prompt 76 tokens = 0 reused + 76 read in 562 ms (135.3 tok/s), 128 generated in 2014 ms (63.6 tok/s), drafts accepted 72 of 133, 1 checkpoints
strata serve: decode expert cache hit rate: 98.2% (104451 hits / 106379 lookups); 791 more read by the GPU over PCIe or from another GPU (0.7% of all 107170 routed)
strata serve: resident RAM: 5.38 GiB of experts in RAM, 83652 exchanged with the VRAM tier, 0 blob reads from the file
strata serve: expert tiers: GPU 104451 hits this request; since the start RAM 569454 blobs, files 0 blobs 19371.3 MB read
strata serve: KV streaming: 99.45% of 56568 block reads hit VRAM, 1.3 MiB read from RAM
strata serve: expert profile saved to expert-profile-learned-coder.bin (periodic)
strata serve: prompt 77 tokens = 0 reused + 77 read in 558 ms (138.1 tok/s), 128 generated in 2327 ms (55.0 tok/s), drafts accepted 74 of 132, 1 checkpoints
strata serve: decode expert cache hit rate: 97.0% (103919 hits / 107139 lookups); 1401 more read by the GPU over PCIe or from another GPU (1.3% of all 108540 routed)
strata serve: resident RAM: 5.38 GiB of experts in RAM, 84496 exchanged with the VRAM tier, 0 blob reads from the file
strata serve: expert tiers: GPU 103919 hits this request; since the start RAM 574675 blobs, files 0 blobs 19371.3 MB read
strata serve: KV streaming: 99.48% of 59958 block reads hit VRAM, 1.3 MiB read from RAM
strata serve: prompt 76 tokens = 0 reused + 76 read in 545 ms (139.3 tok/s), 128 generated in 2036 ms (62.9 tok/s), drafts accepted 73 of 129, 1 checkpoints
strata serve: decode expert cache hit rate: 98.8% (102815 hits / 104059 lookups); 391 more read by the GPU over PCIe or from another GPU (0.4% of all 104450 routed)
strata serve: resident RAM: 5.38 GiB of experts in RAM, 84849 exchanged with the VRAM tier, 0 blob reads from the file
strata serve: expert tiers: GPU 102815 hits this request; since the start RAM 577062 blobs, files 0 blobs 19371.3 MB read
strata serve: KV streaming: 99.43% of 55194 block reads hit VRAM, 1.3 MiB read from RAM
strata serve: suffix drafts: 1 windows, 2 of 2 drafts accepted
strata serve: prompt 78 tokens = 0 reused + 78 read in 543 ms (143.7 tok/s), 128 generated in 2103 ms (60.9 tok/s), drafts accepted 72 of 125, 1 checkpoints
strata serve: decode expert cache hit rate: 98.6% (102798 hits / 104258 lookups); 542 more read by the GPU over PCIe or from another GPU (0.5% of all 104800 routed)
strata serve: resident RAM: 5.38 GiB of experts in RAM, 85237 exchanged with the VRAM tier, 0 blob reads from the file
strata serve: expert tiers: GPU 102798 hits this request; since the start RAM 579749 blobs, files 0 blobs 19371.3 MB read
strata serve: KV streaming: 99.47% of 58782 block reads hit VRAM, 1.3 MiB read from RAM
strata serve: suffix drafts: 2 windows, 1 of 8 drafts accepted
strata serve: prompt 82 tokens = 0 reused + 82 read in 562 ms (146.0 tok/s), 128 generated in 2031 ms (63.0 tok/s), drafts accepted 73 of 115, 1 checkpoints
strata serve: decode expert cache hit rate: 97.4% (93560 hits / 96020 lookups); 1090 more read by the GPU over PCIe or from another GPU (1.1% of all 97110 routed)
strata serve: resident RAM: 5.38 GiB of experts in RAM, 85904 exchanged with the VRAM tier, 0 blob reads from the file
strata serve: expert tiers: GPU 93560 hits this request; since the start RAM 583807 blobs, files 0 blobs 19371.3 MB read
strata serve: KV streaming: 99.44% of 57138 block reads hit VRAM, 1.3 MiB read from RAM
strata serve: prompt 79 tokens = 0 reused + 79 read in 558 ms (141.5 tok/s), 128 generated in 1789 ms (71.6 tok/s), drafts accepted 88 of 123, 1 checkpoints
strata serve: decode expert cache hit rate: 95.3% (83892 hits / 88016 lookups); 2104 more read by the GPU over PCIe or from another GPU (2.3% of all 90120 routed)
strata serve: resident RAM: 5.38 GiB of experts in RAM, 86648 exchanged with the VRAM tier, 0 blob reads from the file
strata serve: expert tiers: GPU 83892 hits this request; since the start RAM 589823 blobs, files 0 blobs 19371.3 MB read
strata serve: KV streaming: 99.33% of 47658 block reads hit VRAM, 1.3 MiB read from RAM
strata serve: suffix drafts: 1 windows, 2 of 2 drafts accepted
strata serve: prompt 79 tokens = 0 reused + 79 read in 572 ms (138.2 tok/s), 128 generated in 1930 ms (66.3 tok/s), drafts accepted 86 of 133, 1 checkpoints
strata serve: decode expert cache hit rate: 97.2% (93609 hits / 96337 lookups); 1143 more read by the GPU over PCIe or from another GPU (1.2% of all 97480 routed)
strata serve: resident RAM: 5.38 GiB of experts in RAM, 87441 exchanged with the VRAM tier, 0 blob reads from the file
strata serve: expert tiers: GPU 93609 hits this request; since the start RAM 594388 blobs, files 0 blobs 19371.3 MB read
strata serve: KV streaming: 99.41% of 54906 block reads hit VRAM, 1.3 MiB read from RAM
strata serve: suffix drafts: 2 windows, 7 of 8 drafts accepted
strata serve: prompt 80 tokens = 0 reused + 80 read in 573 ms (139.5 tok/s), 128 generated in 1955 ms (65.5 tok/s), drafts accepted 80 of 132, 1 checkpoints
strata serve: decode expert cache hit rate: 98.0% (98144 hits / 100104 lookups); 776 more read by the GPU over PCIe or from another GPU (0.8% of all 100880 routed)
strata serve: resident RAM: 5.38 GiB of experts in RAM, 88079 exchanged with the VRAM tier, 0 blob reads from the file
strata serve: expert tiers: GPU 98144 hits this request; since the start RAM 598095 blobs, files 0 blobs 19371.3 MB read
strata serve: KV streaming: 99.45% of 57894 block reads hit VRAM, 1.3 MiB read from RAM
strata serve: prompt 80 tokens = 0 reused + 80 read in 567 ms (141.0 tok/s), 128 generated in 1910 ms (67.0 tok/s), drafts accepted 77 of 121, 1 checkpoints
strata serve: decode expert cache hit rate: 97.0% (92323 hits / 95137 lookups); 1303 more read by the GPU over PCIe or from another GPU (1.4% of all 96440 routed)
strata serve: resident RAM: 5.38 GiB of experts in RAM, 88659 exchanged with the VRAM tier, 0 blob reads from the file
strata serve: expert tiers: GPU 92323 hits this request; since the start RAM 602520 blobs, files 0 blobs 19371.3 MB read
strata serve: KV streaming: 99.41% of 54336 block reads hit VRAM, 1.3 MiB read from RAM
strata serve: prompt 79 tokens = 0 reused + 79 read in 552 ms (143.1 tok/s), 128 generated in 1700 ms (75.3 tok/s), drafts accepted 85 of 126, 1 checkpoints
strata serve: decode expert cache hit rate: 97.6% (89004 hits / 91198 lookups); 962 more read by the GPU over PCIe or from another GPU (1.0% of all 92160 routed)
strata serve: resident RAM: 5.38 GiB of experts in RAM, 89138 exchanged with the VRAM tier, 0 blob reads from the file
strata serve: expert tiers: GPU 89004 hits this request; since the start RAM 606269 blobs, files 0 blobs 19371.3 MB read
strata serve: KV streaming: 99.34% of 47934 block reads hit VRAM, 1.3 MiB read from RAM
strata serve: prompt 77 tokens = 0 reused + 77 read in 598 ms (128.7 tok/s), 128 generated in 2423 ms (52.8 tok/s), drafts accepted 66 of 125, 1 checkpoints
strata serve: decode expert cache hit rate: 98.1% (109404 hits / 111477 lookups); 733 more read by the GPU over PCIe or from another GPU (0.7% of all 112210 routed)
strata serve: resident RAM: 5.38 GiB of experts in RAM, 89868 exchanged with the VRAM tier, 0 blob reads from the file
strata serve: expert tiers: GPU 109404 hits this request; since the start RAM 610023 blobs, files 0 blobs 19371.3 MB read
strata serve: KV streaming: 99.49% of 62682 block reads hit VRAM, 1.3 MiB read from RAM
strata serve: prompt 78 tokens = 0 reused + 78 read in 554 ms (140.7 tok/s), 128 generated in 1802 ms (71.0 tok/s), drafts accepted 78 of 103, 1 checkpoints
strata serve: decode expert cache hit rate: 97.6% (85230 hits / 87327 lookups); 903 more read by the GPU over PCIe or from another GPU (1.0% of all 88230 routed)
strata serve: resident RAM: 5.38 GiB of experts in RAM, 90446 exchanged with the VRAM tier, 0 blob reads from the file
strata serve: expert tiers: GPU 85230 hits this request; since the start RAM 613775 blobs, files 0 blobs 19371.3 MB read
strata serve: KV streaming: 99.37% of 50844 block reads hit VRAM, 1.3 MiB read from RAM
strata serve: prompt 81 tokens = 0 reused + 81 read in 584 ms (138.6 tok/s), 128 generated in 2174 ms (58.9 tok/s), drafts accepted 73 of 132, 1 checkpoints
strata serve: decode expert cache hit rate: 97.8% (105649 hits / 107972 lookups); 928 more read by the GPU over PCIe or from another GPU (0.9% of all 108900 routed)
strata serve: resident RAM: 5.38 GiB of experts in RAM, 91080 exchanged with the VRAM tier, 0 blob reads from the file
strata serve: expert tiers: GPU 105649 hits this request; since the start RAM 617715 blobs, files 0 blobs 19371.3 MB read
strata serve: KV streaming: 99.49% of 62958 block reads hit VRAM, 1.3 MiB read from RAM
strata serve: prompt 76 tokens = 0 reused + 76 read in 556 ms (136.6 tok/s), 128 generated in 1816 ms (70.5 tok/s), drafts accepted 78 of 117, 1 checkpoints
strata serve: decode expert cache hit rate: 98.8% (96046 hits / 97185 lookups); 345 more read by the GPU over PCIe or from another GPU (0.4% of all 97530 routed)
strata serve: resident RAM: 5.38 GiB of experts in RAM, 91355 exchanged with the VRAM tier, 0 blob reads from the file
strata serve: expert tiers: GPU 96046 hits this request; since the start RAM 620051 blobs, files 0 blobs 19371.3 MB read
strata serve: KV streaming: 99.42% of 53724 block reads hit VRAM, 1.3 MiB read from RAM
strata serve: prompt 77 tokens = 0 reused + 77 read in 578 ms (133.3 tok/s), 128 generated in 1574 ms (81.3 tok/s), drafts accepted 85 of 110, 1 checkpoints
strata serve: decode expert cache hit rate: 97.2% (83527 hits / 85915 lookups); 1265 more read by the GPU over PCIe or from another GPU (1.5% of all 87180 routed)
strata serve: resident RAM: 5.38 GiB of experts in RAM, 91707 exchanged with the VRAM tier, 0 blob reads from the file
strata serve: expert tiers: GPU 83527 hits this request; since the start RAM 623857 blobs, files 0 blobs 19371.3 MB read
strata serve: KV streaming: 99.35% of 48666 block reads hit VRAM, 1.3 MiB read from RAM
strata serve: prompt 76 tokens = 0 reused + 76 read in 570 ms (133.4 tok/s), 128 generated in 1962 ms (65.2 tok/s), drafts accepted 75 of 120, 1 checkpoints
strata serve: decode expert cache hit rate: 98.2% (96903 hits / 98674 lookups); 706 more read by the GPU over PCIe or from another GPU (0.7% of all 99380 routed)
strata serve: resident RAM: 5.38 GiB of experts in RAM, 92308 exchanged with the VRAM tier, 0 blob reads from the file
strata serve: expert tiers: GPU 96903 hits this request; since the start RAM 627073 blobs, files 0 blobs 19371.3 MB read
strata serve: KV streaming: 99.42% of 54174 block reads hit VRAM, 1.3 MiB read from RAM
strata serve: prompt 77 tokens = 0 reused + 77 read in 581 ms (132.6 tok/s), 128 generated in 2164 ms (59.1 tok/s), drafts accepted 72 of 127, 1 checkpoints
strata serve: decode expert cache hit rate: 97.2% (100500 hits / 103432 lookups); 1268 more read by the GPU over PCIe or from another GPU (1.2% of all 104700 routed)
strata serve: resident RAM: 5.38 GiB of experts in RAM, 93097 exchanged with the VRAM tier, 0 blob reads from the file
strata serve: expert tiers: GPU 100500 hits this request; since the start RAM 631947 blobs, files 0 blobs 19371.3 MB read
strata serve: KV streaming: 99.43% of 55488 block reads hit VRAM, 1.3 MiB read from RAM
strata serve: prompt 76 tokens = 0 reused + 76 read in 542 ms (140.1 tok/s), 128 generated in 2049 ms (62.5 tok/s), drafts accepted 77 of 133, 1 checkpoints
strata serve: decode expert cache hit rate: 98.8% (105482 hits / 106744 lookups); 416 more read by the GPU over PCIe or from another GPU (0.4% of all 107160 routed)
strata serve: resident RAM: 5.38 GiB of experts in RAM, 93410 exchanged with the VRAM tier, 0 blob reads from the file
strata serve: expert tiers: GPU 105482 hits this request; since the start RAM 634336 blobs, files 0 blobs 19371.3 MB read
strata serve: KV streaming: 99.46% of 58836 block reads hit VRAM, 1.3 MiB read from RAM
strata serve: suffix drafts: 1 windows, 2 of 2 drafts accepted
strata serve: prompt 78 tokens = 0 reused + 78 read in 553 ms (141.1 tok/s), 128 generated in 2140 ms (59.8 tok/s), drafts accepted 72 of 140, 1 checkpoints
strata serve: decode expert cache hit rate: 98.7% (108567 hits / 110015 lookups); 555 more read by the GPU over PCIe or from another GPU (0.5% of all 110570 routed)
strata serve: resident RAM: 5.38 GiB of experts in RAM, 93809 exchanged with the VRAM tier, 0 blob reads from the file
strata serve: expert tiers: GPU 108567 hits this request; since the start RAM 637018 blobs, files 0 blobs 19371.3 MB read
strata serve: KV streaming: 99.49% of 62076 block reads hit VRAM, 1.3 MiB read from RAM
strata serve: suffix drafts: 1 windows, 3 of 3 drafts accepted
strata serve: prompt 82 tokens = 0 reused + 82 read in 563 ms (145.7 tok/s), 128 generated in 2116 ms (60.5 tok/s), drafts accepted 70 of 107, 1 checkpoints
strata serve: decode expert cache hit rate: 97.4% (92744 hits / 95187 lookups); 1083 more read by the GPU over PCIe or from another GPU (1.1% of all 96270 routed)
strata serve: resident RAM: 5.38 GiB of experts in RAM, 94472 exchanged with the VRAM tier, 0 blob reads from the file
strata serve: expert tiers: GPU 92744 hits this request; since the start RAM 641195 blobs, files 0 blobs 19371.3 MB read
strata serve: KV streaming: 99.44% of 58122 block reads hit VRAM, 1.3 MiB read from RAM
strata serve: prompt 79 tokens = 0 reused + 79 read in 547 ms (144.4 tok/s), 128 generated in 1579 ms (81.1 tok/s), drafts accepted 90 of 119, 1 checkpoints
strata serve: decode expert cache hit rate: 95.6% (78425 hits / 82059 lookups); 1961 more read by the GPU over PCIe or from another GPU (2.3% of all 84020 routed)
strata serve: resident RAM: 5.38 GiB of experts in RAM, 95322 exchanged with the VRAM tier, 0 blob reads from the file
strata serve: expert tiers: GPU 78425 hits this request; since the start RAM 646948 blobs, files 0 blobs 19371.3 MB read
strata serve: KV streaming: 99.25% of 42438 block reads hit VRAM, 1.3 MiB read from RAM
strata serve: suffix drafts: 1 windows, 4 of 6 drafts accepted
strata serve: prompt 79 tokens = 0 reused + 79 read in 563 ms (140.4 tok/s), 128 generated in 1756 ms (72.9 tok/s), drafts accepted 83 of 120, 1 checkpoints
strata serve: decode expert cache hit rate: 97.4% (87593 hits / 89973 lookups); 1067 more read by the GPU over PCIe or from another GPU (1.2% of all 91040 routed)
strata serve: resident RAM: 5.38 GiB of experts in RAM, 96027 exchanged with the VRAM tier, 0 blob reads from the file
strata serve: expert tiers: GPU 87593 hits this request; since the start RAM 651257 blobs, files 0 blobs 19371.3 MB read
strata serve: KV streaming: 99.35% of 48948 block reads hit VRAM, 1.3 MiB read from RAM
strata serve: suffix drafts: 2 windows, 4 of 4 drafts accepted
strata serve: prompt 80 tokens = 0 reused + 80 read in 569 ms (140.6 tok/s), 128 generated in 1885 ms (67.9 tok/s), drafts accepted 81 of 123, 1 checkpoints
strata serve: decode expert cache hit rate: 97.6% (91129 hits / 93327 lookups); 1003 more read by the GPU over PCIe or from another GPU (1.1% of all 94330 routed)
strata serve: resident RAM: 5.38 GiB of experts in RAM, 96654 exchanged with the VRAM tier, 0 blob reads from the file
strata serve: expert tiers: GPU 91129 hits this request; since the start RAM 655396 blobs, files 0 blobs 19371.3 MB read
strata serve: KV streaming: 99.40% of 53010 block reads hit VRAM, 1.3 MiB read from RAM
strata serve: prompt 80 tokens = 0 reused + 80 read in 574 ms (139.3 tok/s), 128 generated in 2266 ms (56.5 tok/s), drafts accepted 70 of 131, 1 checkpoints
strata serve: decode expert cache hit rate: 97.6% (105103 hits / 107634 lookups); 936 more read by the GPU over PCIe or from another GPU (0.9% of all 108570 routed)
strata serve: resident RAM: 5.38 GiB of experts in RAM, 97358 exchanged with the VRAM tier, 0 blob reads from the file
strata serve: expert tiers: GPU 105103 hits this request; since the start RAM 659801 blobs, files 0 blobs 19371.3 MB read
strata serve: KV streaming: 99.47% of 59976 block reads hit VRAM, 1.3 MiB read from RAM
strata serve: prompt 79 tokens = 0 reused + 79 read in 578 ms (136.6 tok/s), 128 generated in 1832 ms (69.9 tok/s), drafts accepted 83 of 122, 1 checkpoints
strata serve: decode expert cache hit rate: 98.3% (94137 hits / 95765 lookups); 605 more read by the GPU over PCIe or from another GPU (0.6% of all 96370 routed)
strata serve: resident RAM: 5.38 GiB of experts in RAM, 97832 exchanged with the VRAM tier, 0 blob reads from the file
strata serve: expert tiers: GPU 94137 hits this request; since the start RAM 662845 blobs, files 0 blobs 19371.3 MB read
strata serve: KV streaming: 99.40% of 53238 block reads hit VRAM, 1.3 MiB read from RAM
strata serve: prompt 77 tokens = 0 reused + 77 read in 587 ms (131.1 tok/s), 128 generated in 2307 ms (55.5 tok/s), drafts accepted 65 of 125, 1 checkpoints
strata serve: decode expert cache hit rate: 98.7% (109707 hits / 111151 lookups); 399 more read by the GPU over PCIe or from another GPU (0.4% of all 111550 routed)
strata serve: resident RAM: 5.38 GiB of experts in RAM, 98231 exchanged with the VRAM tier, 0 blob reads from the file
strata serve: expert tiers: GPU 109707 hits this request; since the start RAM 665558 blobs, files 0 blobs 19371.3 MB read
strata serve: KV streaming: 99.52% of 65538 block reads hit VRAM, 1.3 MiB read from RAM
strata serve: prompt 78 tokens = 0 reused + 78 read in 557 ms (139.9 tok/s), 128 generated in 2059 ms (62.2 tok/s), drafts accepted 74 of 132, 1 checkpoints
strata serve: decode expert cache hit rate: 98.0% (106312 hits / 108528 lookups); 862 more read by the GPU over PCIe or from another GPU (0.8% of all 109390 routed)
strata serve: resident RAM: 5.38 GiB of experts in RAM, 98701 exchanged with the VRAM tier, 0 blob reads from the file
strata serve: expert tiers: GPU 106312 hits this request; since the start RAM 669244 blobs, files 0 blobs 19371.3 MB read
strata serve: KV streaming: 99.47% of 59814 block reads hit VRAM, 1.3 MiB read from RAM
strata serve: prompt 81 tokens = 0 reused + 81 read in 598 ms (135.4 tok/s), 128 generated in 2109 ms (60.7 tok/s), drafts accepted 73 of 127, 1 checkpoints
strata serve: decode expert cache hit rate: 97.9% (100771 hits / 102954 lookups); 896 more read by the GPU over PCIe or from another GPU (0.9% of all 103850 routed)
strata serve: resident RAM: 5.38 GiB of experts in RAM, 99345 exchanged with the VRAM tier, 0 blob reads from the file
strata serve: expert tiers: GPU 100771 hits this request; since the start RAM 673092 blobs, files 0 blobs 19371.3 MB read
strata serve: KV streaming: 99.46% of 58542 block reads hit VRAM, 1.3 MiB read from RAM
strata serve: prompt 76 tokens = 0 reused + 76 read in 554 ms (137.1 tok/s), 128 generated in 1995 ms (64.2 tok/s), drafts accepted 73 of 125, 1 checkpoints
strata serve: decode expert cache hit rate: 98.6% (101865 hits / 103283 lookups); 507 more read by the GPU over PCIe or from another GPU (0.5% of all 103790 routed)
strata serve: resident RAM: 5.38 GiB of experts in RAM, 99743 exchanged with the VRAM tier, 0 blob reads from the file
strata serve: expert tiers: GPU 101865 hits this request; since the start RAM 675923 blobs, files 0 blobs 19371.3 MB read
strata serve: KV streaming: 99.46% of 57660 block reads hit VRAM, 1.3 MiB read from RAM
strata serve: prompt 77 tokens = 0 reused + 77 read in 551 ms (139.8 tok/s), 128 generated in 1771 ms (72.3 tok/s), drafts accepted 78 of 113, 1 checkpoints
strata serve: decode expert cache hit rate: 98.3% (91360 hits / 92924 lookups); 686 more read by the GPU over PCIe or from another GPU (0.7% of all 93610 routed)
strata serve: resident RAM: 5.38 GiB of experts in RAM, 100161 exchanged with the VRAM tier, 0 blob reads from the file
strata serve: expert tiers: GPU 91360 hits this request; since the start RAM 678868 blobs, files 0 blobs 19371.3 MB read
strata serve: KV streaming: 99.39% of 52068 block reads hit VRAM, 1.3 MiB read from RAM
strata serve: prompt 76 tokens = 0 reused + 76 read in 575 ms (132.2 tok/s), 128 generated in 1899 ms (67.4 tok/s), drafts accepted 74 of 123, 1 checkpoints
strata serve: decode expert cache hit rate: 98.6% (95053 hits / 96416 lookups); 504 more read by the GPU over PCIe or from another GPU (0.5% of all 96920 routed)
strata serve: resident RAM: 5.38 GiB of experts in RAM, 100515 exchanged with the VRAM tier, 0 blob reads from the file
strata serve: expert tiers: GPU 95053 hits this request; since the start RAM 681429 blobs, files 0 blobs 19371.3 MB read
strata serve: KV streaming: 99.37% of 48618 block reads hit VRAM, 1.2 MiB read from RAM
strata serve: prompt 77 tokens = 0 reused + 77 read in 567 ms (135.9 tok/s), 128 generated in 2151 ms (59.5 tok/s), drafts accepted 74 of 123, 1 checkpoints
strata serve: decode expert cache hit rate: 97.1% (99015 hits / 101960 lookups); 1230 more read by the GPU over PCIe or from another GPU (1.2% of all 103190 routed)
strata serve: resident RAM: 5.38 GiB of experts in RAM, 101149 exchanged with the VRAM tier, 0 blob reads from the file
strata serve: expert tiers: GPU 99015 hits this request; since the start RAM 685935 blobs, files 0 blobs 19371.3 MB read
strata serve: KV streaming: 99.45% of 56640 block reads hit VRAM, 1.3 MiB read from RAM
strata serve: prompt 76 tokens = 0 reused + 76 read in 552 ms (137.7 tok/s), 128 generated in 2024 ms (63.3 tok/s), drafts accepted 80 of 128, 1 checkpoints
strata serve: decode expert cache hit rate: 98.8% (103950 hits / 105202 lookups); 388 more read by the GPU over PCIe or from another GPU (0.4% of all 105590 routed)
strata serve: resident RAM: 5.38 GiB of experts in RAM, 101461 exchanged with the VRAM tier, 0 blob reads from the file
strata serve: expert tiers: GPU 103950 hits this request; since the start RAM 688232 blobs, files 0 blobs 19371.3 MB read
strata serve: KV streaming: 99.46% of 58698 block reads hit VRAM, 1.3 MiB read from RAM
strata serve: suffix drafts: 1 windows, 3 of 6 drafts accepted
strata serve: prompt 78 tokens = 0 reused + 78 read in 553 ms (141.0 tok/s), 128 generated in 2128 ms (60.2 tok/s), drafts accepted 74 of 126, 1 checkpoints
strata serve: decode expert cache hit rate: 98.8% (104339 hits / 105633 lookups); 507 more read by the GPU over PCIe or from another GPU (0.5% of all 106140 routed)
strata serve: resident RAM: 5.38 GiB of experts in RAM, 101833 exchanged with the VRAM tier, 0 blob reads from the file
strata serve: expert tiers: GPU 104339 hits this request; since the start RAM 690684 blobs, files 0 blobs 19371.3 MB read
strata serve: KV streaming: 99.48% of 60690 block reads hit VRAM, 1.3 MiB read from RAM
strata serve: suffix drafts: 1 windows, 4 of 6 drafts accepted
strata serve: prompt 82 tokens = 0 reused + 82 read in 559 ms (146.6 tok/s), 128 generated in 2110 ms (60.7 tok/s), drafts accepted 70 of 100, 1 checkpoints
strata serve: decode expert cache hit rate: 97.3% (89425 hits / 91913 lookups); 1007 more read by the GPU over PCIe or from another GPU (1.1% of all 92920 routed)
strata serve: resident RAM: 5.38 GiB of experts in RAM, 102479 exchanged with the VRAM tier, 0 blob reads from the file
strata serve: expert tiers: GPU 89425 hits this request; since the start RAM 694765 blobs, files 0 blobs 19371.3 MB read
strata serve: KV streaming: 99.45% of 57960 block reads hit VRAM, 1.3 MiB read from RAM
strata serve: prompt 79 tokens = 0 reused + 79 read in 561 ms (140.8 tok/s), 128 generated in 1856 ms (69.0 tok/s), drafts accepted 87 of 127, 1 checkpoints
strata serve: decode expert cache hit rate: 96.2% (89442 hits / 92987 lookups); 1863 more read by the GPU over PCIe or from another GPU (2.0% of all 94850 routed)
strata serve: resident RAM: 5.38 GiB of experts in RAM, 103163 exchanged with the VRAM tier, 0 blob reads from the file
strata serve: expert tiers: GPU 89442 hits this request; since the start RAM 700239 blobs, files 0 blobs 19371.3 MB read
strata serve: KV streaming: 99.36% of 49392 block reads hit VRAM, 1.3 MiB read from RAM
strata serve: suffix drafts: 1 windows, 2 of 2 drafts accepted
strata serve: prompt 79 tokens = 0 reused + 79 read in 555 ms (142.4 tok/s), 128 generated in 1873 ms (68.3 tok/s), drafts accepted 78 of 127, 1 checkpoints
strata serve: decode expert cache hit rate: 97.6% (97422 hits / 99866 lookups); 1024 more read by the GPU over PCIe or from another GPU (1.0% of all 100890 routed)
strata serve: resident RAM: 5.38 GiB of experts in RAM, 103785 exchanged with the VRAM tier, 0 blob reads from the file
strata serve: expert tiers: GPU 97422 hits this request; since the start RAM 704300 blobs, files 0 blobs 19371.3 MB read
strata serve: KV streaming: 99.44% of 56814 block reads hit VRAM, 1.3 MiB read from RAM
strata serve: prompt 80 tokens = 0 reused + 80 read in 557 ms (143.7 tok/s), 128 generated in 1983 ms (64.5 tok/s), drafts accepted 77 of 134, 1 checkpoints
strata serve: decode expert cache hit rate: 97.9% (100183 hits / 102285 lookups); 885 more read by the GPU over PCIe or from another GPU (0.9% of all 103170 routed)
strata serve: resident RAM: 5.38 GiB of experts in RAM, 104390 exchanged with the VRAM tier, 0 blob reads from the file
strata serve: expert tiers: GPU 100183 hits this request; since the start RAM 708081 blobs, files 0 blobs 19371.3 MB read
strata serve: KV streaming: 99.42% of 54954 block reads hit VRAM, 1.3 MiB read from RAM
strata serve: prompt 80 tokens = 0 reused + 80 read in 573 ms (139.7 tok/s), 128 generated in 2128 ms (60.1 tok/s), drafts accepted 75 of 127, 1 checkpoints
strata serve: decode expert cache hit rate: 97.8% (104403 hits / 106774 lookups); 916 more read by the GPU over PCIe or from another GPU (0.9% of all 107690 routed)
strata serve: resident RAM: 5.38 GiB of experts in RAM, 105071 exchanged with the VRAM tier, 0 blob reads from the file
strata serve: expert tiers: GPU 104403 hits this request; since the start RAM 712112 blobs, files 0 blobs 19371.3 MB read
strata serve: KV streaming: 99.49% of 61770 block reads hit VRAM, 1.3 MiB read from RAM
strata serve: prompt 79 tokens = 0 reused + 79 read in 550 ms (143.6 tok/s), 128 generated in 1696 ms (75.5 tok/s), drafts accepted 82 of 123, 1 checkpoints
strata serve: decode expert cache hit rate: 98.5% (92055 hits / 93442 lookups); 518 more read by the GPU over PCIe or from another GPU (0.6% of all 93960 routed)
strata serve: resident RAM: 5.38 GiB of experts in RAM, 105488 exchanged with the VRAM tier, 0 blob reads from the file
strata serve: expert tiers: GPU 92055 hits this request; since the start RAM 714862 blobs, files 0 blobs 19371.3 MB read
strata serve: KV streaming: 99.39% of 51846 block reads hit VRAM, 1.3 MiB read from RAM
strata serve: prompt 77 tokens = 0 reused + 77 read in 576 ms (133.6 tok/s), 128 generated in 2442 ms (52.4 tok/s), drafts accepted 63 of 131, 1 checkpoints
strata serve: decode expert cache hit rate: 97.9% (110679 hits / 113073 lookups); 847 more read by the GPU over PCIe or from another GPU (0.7% of all 113920 routed)
strata serve: resident RAM: 5.38 GiB of experts in RAM, 106016 exchanged with the VRAM tier, 0 blob reads from the file
strata serve: expert tiers: GPU 110679 hits this request; since the start RAM 718689 blobs, files 0 blobs 19371.3 MB read
strata serve: KV streaming: 99.50% of 61788 block reads hit VRAM, 1.3 MiB read from RAM
strata serve: prompt 78 tokens = 0 reused + 78 read in 585 ms (133.4 tok/s), 128 generated in 1725 ms (74.2 tok/s), drafts accepted 82 of 108, 1 checkpoints
strata serve: decode expert cache hit rate: 97.2% (85263 hits / 87747 lookups); 1143 more read by the GPU over PCIe or from another GPU (1.3% of all 88890 routed)
strata serve: resident RAM: 5.38 GiB of experts in RAM, 106568 exchanged with the VRAM tier, 0 blob reads from the file
strata serve: expert tiers: GPU 85263 hits this request; since the start RAM 722922 blobs, files 0 blobs 19371.3 MB read
strata serve: KV streaming: 99.36% of 49830 block reads hit VRAM, 1.3 MiB read from RAM
strata serve: prompt 81 tokens = 0 reused + 81 read in 595 ms (136.2 tok/s), 128 generated in 2173 ms (58.9 tok/s), drafts accepted 71 of 118, 1 checkpoints
strata serve: decode expert cache hit rate: 97.4% (101027 hits / 103671 lookups); 1159 more read by the GPU over PCIe or from another GPU (1.1% of all 104830 routed)
strata serve: resident RAM: 5.38 GiB of experts in RAM, 107318 exchanged with the VRAM tier, 0 blob reads from the file
strata serve: expert tiers: GPU 101027 hits this request; since the start RAM 727282 blobs, files 0 blobs 19371.3 MB read
strata serve: KV streaming: 99.49% of 62154 block reads hit VRAM, 1.3 MiB read from RAM
strata serve: prompt 76 tokens = 0 reused + 76 read in 561 ms (135.5 tok/s), 128 generated in 2234 ms (57.3 tok/s), drafts accepted 69 of 128, 1 checkpoints
strata serve: decode expert cache hit rate: 98.9% (112779 hits / 114062 lookups); 398 more read by the GPU over PCIe or from another GPU (0.3% of all 114460 routed)
strata serve: resident RAM: 5.38 GiB of experts in RAM, 107614 exchanged with the VRAM tier, 0 blob reads from the file
strata serve: expert tiers: GPU 112779 hits this request; since the start RAM 729811 blobs, files 0 blobs 19371.3 MB read
strata serve: KV streaming: 99.53% of 66186 block reads hit VRAM, 1.3 MiB read from RAM
strata serve: prompt 77 tokens = 0 reused + 77 read in 562 ms (137.0 tok/s), 128 generated in 1942 ms (65.9 tok/s), drafts accepted 80 of 132, 1 checkpoints
strata serve: decode expert cache hit rate: 98.4% (103108 hits / 104791 lookups); 709 more read by the GPU over PCIe or from another GPU (0.7% of all 105500 routed)
strata serve: resident RAM: 5.38 GiB of experts in RAM, 108070 exchanged with the VRAM tier, 0 blob reads from the file
strata serve: expert tiers: GPU 103108 hits this request; since the start RAM 732896 blobs, files 0 blobs 19371.3 MB read
strata serve: KV streaming: 99.49% of 61416 block reads hit VRAM, 1.3 MiB read from RAM
strata serve: prompt 76 tokens = 0 reused + 76 read in 572 ms (133.0 tok/s), 128 generated in 2012 ms (63.6 tok/s), drafts accepted 74 of 129, 1 checkpoints
strata serve: decode expert cache hit rate: 98.4% (102161 hits / 103871 lookups); 659 more read by the GPU over PCIe or from another GPU (0.6% of all 104530 routed)
strata serve: resident RAM: 5.38 GiB of experts in RAM, 108566 exchanged with the VRAM tier, 0 blob reads from the file
strata serve: expert tiers: GPU 102161 hits this request; since the start RAM 736052 blobs, files 0 blobs 19371.3 MB read
strata serve: KV streaming: 99.46% of 57306 block reads hit VRAM, 1.3 MiB read from RAM
strata serve: prompt 77 tokens = 0 reused + 77 read in 571 ms (134.9 tok/s), 128 generated in 2215 ms (57.8 tok/s), drafts accepted 75 of 119, 1 checkpoints
strata serve: decode expert cache hit rate: 96.9% (95581 hits / 98619 lookups); 1331 more read by the GPU over PCIe or from another GPU (1.3% of all 99950 routed)
strata serve: resident RAM: 5.38 GiB of experts in RAM, 109303 exchanged with the VRAM tier, 0 blob reads from the file
strata serve: expert tiers: GPU 95581 hits this request; since the start RAM 740899 blobs, files 0 blobs 19371.3 MB read
strata serve: KV streaming: 99.46% of 57558 block reads hit VRAM, 1.3 MiB read from RAM
strata serve: prompt 76 tokens = 0 reused + 76 read in 553 ms (137.6 tok/s), 128 generated in 1974 ms (64.8 tok/s), drafts accepted 78 of 125, 1 checkpoints
strata serve: decode expert cache hit rate: 98.8% (102252 hits / 103496 lookups); 404 more read by the GPU over PCIe or from another GPU (0.4% of all 103900 routed)
strata serve: resident RAM: 5.38 GiB of experts in RAM, 109631 exchanged with the VRAM tier, 0 blob reads from the file
strata serve: expert tiers: GPU 102252 hits this request; since the start RAM 743291 blobs, files 0 blobs 19371.3 MB read
strata serve: KV streaming: 99.44% of 57288 block reads hit VRAM, 1.3 MiB read from RAM
strata serve: suffix drafts: 1 windows, 3 of 6 drafts accepted
strata serve: prompt 78 tokens = 0 reused + 78 read in 558 ms (139.8 tok/s), 128 generated in 2059 ms (62.2 tok/s), drafts accepted 72 of 118, 1 checkpoints
strata serve: decode expert cache hit rate: 98.6% (98884 hits / 100326 lookups); 494 more read by the GPU over PCIe or from another GPU (0.5% of all 100820 routed)
strata serve: resident RAM: 5.38 GiB of experts in RAM, 110054 exchanged with the VRAM tier, 0 blob reads from the file
strata serve: expert tiers: GPU 98884 hits this request; since the start RAM 745970 blobs, files 0 blobs 19371.3 MB read
strata serve: KV streaming: 99.45% of 56862 block reads hit VRAM, 1.3 MiB read from RAM
strata serve: suffix drafts: 1 windows, 0 of 4 drafts accepted
strata serve: prompt 82 tokens = 0 reused + 82 read in 566 ms (144.8 tok/s), 128 generated in 2088 ms (61.3 tok/s), drafts accepted 75 of 120, 1 checkpoints
strata serve: decode expert cache hit rate: 97.0% (97045 hits / 100021 lookups); 1219 more read by the GPU over PCIe or from another GPU (1.2% of all 101240 routed)
strata serve: resident RAM: 5.38 GiB of experts in RAM, 110758 exchanged with the VRAM tier, 0 blob reads from the file
strata serve: expert tiers: GPU 97045 hits this request; since the start RAM 750535 blobs, files 0 blobs 19371.3 MB read
strata serve: KV streaming: 99.46% of 59016 block reads hit VRAM, 1.3 MiB read from RAM
strata serve: prompt 79 tokens = 0 reused + 79 read in 565 ms (139.8 tok/s), 128 generated in 1798 ms (71.2 tok/s), drafts accepted 86 of 126, 1 checkpoints
strata serve: decode expert cache hit rate: 95.2% (86235 hits / 90618 lookups); 2202 more read by the GPU over PCIe or from another GPU (2.4% of all 92820 routed)
strata serve: resident RAM: 5.38 GiB of experts in RAM, 111559 exchanged with the VRAM tier, 0 blob reads from the file
strata serve: expert tiers: GPU 86235 hits this request; since the start RAM 756870 blobs, files 0 blobs 19371.3 MB read
strata serve: KV streaming: 99.34% of 48156 block reads hit VRAM, 1.3 MiB read from RAM
strata serve: suffix drafts: 1 windows, 4 of 6 drafts accepted
strata serve: prompt 79 tokens = 0 reused + 79 read in 571 ms (138.4 tok/s), 128 generated in 1941 ms (66.0 tok/s), drafts accepted 79 of 133, 1 checkpoints
strata serve: decode expert cache hit rate: 97.9% (99140 hits / 101305 lookups); 945 more read by the GPU over PCIe or from another GPU (0.9% of all 102250 routed)
strata serve: resident RAM: 5.38 GiB of experts in RAM, 112198 exchanged with the VRAM tier, 0 blob reads from the file
strata serve: expert tiers: GPU 99140 hits this request; since the start RAM 760769 blobs, files 0 blobs 19371.3 MB read
strata serve: KV streaming: 99.45% of 56940 block reads hit VRAM, 1.3 MiB read from RAM
strata serve: suffix drafts: 1 windows, 2 of 2 drafts accepted
strata serve: prompt 80 tokens = 0 reused + 80 read in 559 ms (143.1 tok/s), 128 generated in 1835 ms (69.7 tok/s), drafts accepted 79 of 127, 1 checkpoints
strata serve: decode expert cache hit rate: 98.6% (96835 hits / 98246 lookups); 484 more read by the GPU over PCIe or from another GPU (0.5% of all 98730 routed)
strata serve: resident RAM: 5.38 GiB of experts in RAM, 112605 exchanged with the VRAM tier, 0 blob reads from the file
strata serve: expert tiers: GPU 96835 hits this request; since the start RAM 763404 blobs, files 0 blobs 19371.3 MB read
strata serve: KV streaming: 99.45% of 58344 block reads hit VRAM, 1.3 MiB read from RAM
strata serve: prompt 80 tokens = 0 reused + 80 read in 559 ms (143.2 tok/s), 128 generated in 1974 ms (64.8 tok/s), drafts accepted 74 of 128, 1 checkpoints
strata serve: decode expert cache hit rate: 97.4% (99236 hits / 101935 lookups); 1265 more read by the GPU over PCIe or from another GPU (1.2% of all 103200 routed)
strata serve: resident RAM: 5.38 GiB of experts in RAM, 113136 exchanged with the VRAM tier, 0 blob reads from the file
strata serve: expert tiers: GPU 99236 hits this request; since the start RAM 767571 blobs, files 0 blobs 19371.3 MB read
strata serve: KV streaming: 99.46% of 58866 block reads hit VRAM, 1.3 MiB read from RAM
strata serve: prompt 79 tokens = 0 reused + 79 read in 553 ms (143.0 tok/s), 128 generated in 1942 ms (65.9 tok/s), drafts accepted 77 of 122, 1 checkpoints
strata serve: decode expert cache hit rate: 97.3% (92378 hits / 94901 lookups); 1049 more read by the GPU over PCIe or from another GPU (1.1% of all 95950 routed)
strata serve: resident RAM: 5.38 GiB of experts in RAM, 113751 exchanged with the VRAM tier, 0 blob reads from the file
strata serve: expert tiers: GPU 92378 hits this request; since the start RAM 771507 blobs, files 0 blobs 19371.3 MB read
strata serve: KV streaming: 99.43% of 55386 block reads hit VRAM, 1.3 MiB read from RAM
strata serve: prompt 77 tokens = 0 reused + 77 read in 576 ms (133.6 tok/s), 128 generated in 2257 ms (56.7 tok/s), drafts accepted 66 of 115, 1 checkpoints
strata serve: decode expert cache hit rate: 98.1% (98709 hits / 100670 lookups); 710 more read by the GPU over PCIe or from another GPU (0.7% of all 101380 routed)
strata serve: resident RAM: 5.38 GiB of experts in RAM, 114279 exchanged with the VRAM tier, 0 blob reads from the file
strata serve: expert tiers: GPU 98709 hits this request; since the start RAM 774963 blobs, files 0 blobs 19371.3 MB read
strata serve: KV streaming: 99.41% of 54042 block reads hit VRAM, 1.3 MiB read from RAM
strata serve: prompt 78 tokens = 0 reused + 78 read in 565 ms (138.2 tok/s), 128 generated in 1893 ms (67.6 tok/s), drafts accepted 78 of 119, 1 checkpoints
strata serve: decode expert cache hit rate: 98.2% (94097 hits / 95822 lookups); 758 more read by the GPU over PCIe or from another GPU (0.8% of all 96580 routed)
strata serve: resident RAM: 5.38 GiB of experts in RAM, 114759 exchanged with the VRAM tier, 0 blob reads from the file
strata serve: expert tiers: GPU 94097 hits this request; since the start RAM 778172 blobs, files 0 blobs 19371.3 MB read
strata serve: KV streaming: 99.40% of 52302 block reads hit VRAM, 1.3 MiB read from RAM
strata serve: prompt 81 tokens = 0 reused + 81 read in 580 ms (139.6 tok/s), 128 generated in 2120 ms (60.4 tok/s), drafts accepted 70 of 125, 1 checkpoints
strata serve: decode expert cache hit rate: 98.1% (103476 hits / 105444 lookups); 776 more read by the GPU over PCIe or from another GPU (0.7% of all 106220 routed)
strata serve: resident RAM: 5.38 GiB of experts in RAM, 115275 exchanged with the VRAM tier, 0 blob reads from the file
strata serve: expert tiers: GPU 103476 hits this request; since the start RAM 781654 blobs, files 0 blobs 19371.3 MB read
strata serve: KV streaming: 99.47% of 60390 block reads hit VRAM, 1.3 MiB read from RAM
strata serve: prompt 76 tokens = 0 reused + 76 read in 568 ms (133.9 tok/s), 128 generated in 2141 ms (59.8 tok/s), drafts accepted 69 of 123, 1 checkpoints
strata serve: decode expert cache hit rate: 99.0% (110064 hits / 111196 lookups); 334 more read by the GPU over PCIe or from another GPU (0.3% of all 111530 routed)
strata serve: resident RAM: 5.38 GiB of experts in RAM, 115569 exchanged with the VRAM tier, 0 blob reads from the file
strata serve: expert tiers: GPU 110064 hits this request; since the start RAM 783955 blobs, files 0 blobs 19371.3 MB read
strata serve: KV streaming: 99.51% of 64104 block reads hit VRAM, 1.3 MiB read from RAM
strata serve: prompt 77 tokens = 0 reused + 77 read in 569 ms (135.4 tok/s), 128 generated in 1667 ms (76.8 tok/s), drafts accepted 86 of 120, 1 checkpoints
strata serve: decode expert cache hit rate: 97.3% (87426 hits / 89867 lookups); 1183 more read by the GPU over PCIe or from another GPU (1.3% of all 91050 routed)
strata serve: resident RAM: 5.38 GiB of experts in RAM, 115983 exchanged with the VRAM tier, 0 blob reads from the file
strata serve: expert tiers: GPU 87426 hits this request; since the start RAM 787774 blobs, files 0 blobs 19371.3 MB read
strata serve: KV streaming: 99.36% of 49782 block reads hit VRAM, 1.3 MiB read from RAM
strata serve: prompt 76 tokens = 0 reused + 76 read in 574 ms (132.5 tok/s), 128 generated in 2115 ms (60.5 tok/s), drafts accepted 70 of 128, 1 checkpoints
strata serve: decode expert cache hit rate: 98.5% (105281 hits / 106890 lookups); 570 more read by the GPU over PCIe or from another GPU (0.5% of all 107460 routed)
strata serve: resident RAM: 5.38 GiB of experts in RAM, 116533 exchanged with the VRAM tier, 0 blob reads from the file
strata serve: expert tiers: GPU 105281 hits this request; since the start RAM 790820 blobs, files 0 blobs 19371.3 MB read
strata serve: KV streaming: 99.47% of 58824 block reads hit VRAM, 1.3 MiB read from RAM
strata serve: prompt 77 tokens = 0 reused + 77 read in 562 ms (136.9 tok/s), 128 generated in 2250 ms (56.9 tok/s), drafts accepted 71 of 131, 1 checkpoints
strata serve: decode expert cache hit rate: 97.3% (106296 hits / 109287 lookups); 1193 more read by the GPU over PCIe or from another GPU (1.1% of all 110480 routed)
strata serve: resident RAM: 5.38 GiB of experts in RAM, 117240 exchanged with the VRAM tier, 0 blob reads from the file
strata serve: expert tiers: GPU 106296 hits this request; since the start RAM 795500 blobs, files 0 blobs 19371.3 MB read
strata serve: KV streaming: 99.48% of 59910 block reads hit VRAM, 1.3 MiB read from RAM
strata serve: prompt 76 tokens = 0 reused + 76 read in 549 ms (138.6 tok/s), 128 generated in 2020 ms (63.4 tok/s), drafts accepted 75 of 130, 1 checkpoints
strata serve: decode expert cache hit rate: 98.8% (105487 hits / 106809 lookups); 441 more read by the GPU over PCIe or from another GPU (0.4% of all 107250 routed)
strata serve: resident RAM: 5.38 GiB of experts in RAM, 117600 exchanged with the VRAM tier, 0 blob reads from the file
strata serve: expert tiers: GPU 105487 hits this request; since the start RAM 797986 blobs, files 0 blobs 19371.3 MB read
strata serve: KV streaming: 99.47% of 59298 block reads hit VRAM, 1.3 MiB read from RAM
strata serve: suffix drafts: 1 windows, 3 of 6 drafts accepted
strata serve: prompt 78 tokens = 0 reused + 78 read in 553 ms (141.0 tok/s), 128 generated in 1808 ms (70.8 tok/s), drafts accepted 77 of 116, 1 checkpoints
strata serve: decode expert cache hit rate: 98.3% (91654 hits / 93199 lookups); 531 more read by the GPU over PCIe or from another GPU (0.6% of all 93730 routed)
strata serve: resident RAM: 5.38 GiB of experts in RAM, 117994 exchanged with the VRAM tier, 0 blob reads from the file
strata serve: expert tiers: GPU 91654 hits this request; since the start RAM 800683 blobs, files 0 blobs 19371.3 MB read
strata serve: KV streaming: 99.39% of 51516 block reads hit VRAM, 1.3 MiB read from RAM
strata serve: suffix drafts: 1 windows, 5 of 6 drafts accepted
strata serve: prompt 82 tokens = 0 reused + 82 read in 571 ms (143.5 tok/s), 128 generated in 2016 ms (63.5 tok/s), drafts accepted 72 of 102, 1 checkpoints
strata serve: decode expert cache hit rate: 97.2% (90002 hits / 92582 lookups); 1128 more read by the GPU over PCIe or from another GPU (1.2% of all 93710 routed)
strata serve: resident RAM: 5.38 GiB of experts in RAM, 118646 exchanged with the VRAM tier, 0 blob reads from the file
strata serve: expert tiers: GPU 90002 hits this request; since the start RAM 804900 blobs, files 0 blobs 19371.3 MB read
strata serve: KV streaming: 99.45% of 57948 block reads hit VRAM, 1.3 MiB read from RAM
strata serve: prompt 79 tokens = 0 reused + 79 read in 552 ms (143.0 tok/s), 128 generated in 1783 ms (71.8 tok/s), drafts accepted 86 of 119, 1 checkpoints
strata serve: decode expert cache hit rate: 95.3% (82267 hits / 86333 lookups); 2057 more read by the GPU over PCIe or from another GPU (2.3% of all 88390 routed)
strata serve: resident RAM: 5.38 GiB of experts in RAM, 119363 exchanged with the VRAM tier, 0 blob reads from the file
strata serve: expert tiers: GPU 82267 hits this request; since the start RAM 810834 blobs, files 0 blobs 19371.3 MB read
strata serve: KV streaming: 99.32% of 46824 block reads hit VRAM, 1.3 MiB read from RAM
strata serve: suffix drafts: 1 windows, 2 of 2 drafts accepted
strata serve: prompt 79 tokens = 0 reused + 79 read in 563 ms (140.4 tok/s), 128 generated in 1766 ms (72.5 tok/s), drafts accepted 84 of 124, 1 checkpoints
strata serve: decode expert cache hit rate: 97.2% (88482 hits / 91013 lookups); 1117 more read by the GPU over PCIe or from another GPU (1.2% of all 92130 routed)
strata serve: resident RAM: 5.38 GiB of experts in RAM, 120108 exchanged with the VRAM tier, 0 blob reads from the file
strata serve: expert tiers: GPU 88482 hits this request; since the start RAM 815207 blobs, files 0 blobs 19371.3 MB read
strata serve: KV streaming: 99.36% of 49704 block reads hit VRAM, 1.3 MiB read from RAM
strata serve: suffix drafts: 2 windows, 3 of 4 drafts accepted
strata serve: prompt 80 tokens = 0 reused + 80 read in 568 ms (140.7 tok/s), 128 generated in 1994 ms (64.2 tok/s), drafts accepted 81 of 134, 1 checkpoints
strata serve: decode expert cache hit rate: 97.7% (104159 hits / 106607 lookups); 1083 more read by the GPU over PCIe or from another GPU (1.0% of all 107690 routed)
strata serve: resident RAM: 5.38 GiB of experts in RAM, 120803 exchanged with the VRAM tier, 0 blob reads from the file
strata serve: expert tiers: GPU 104159 hits this request; since the start RAM 819599 blobs, files 0 blobs 19371.3 MB read
strata serve: KV streaming: 99.47% of 61338 block reads hit VRAM, 1.3 MiB read from RAM
strata serve: prompt 80 tokens = 0 reused + 80 read in 572 ms (139.8 tok/s), 128 generated in 2040 ms (62.7 tok/s), drafts accepted 79 of 134, 1 checkpoints
strata serve: decode expert cache hit rate: 97.5% (102634 hits / 105236 lookups); 1094 more read by the GPU over PCIe or from another GPU (1.0% of all 106330 routed)
strata serve: resident RAM: 5.38 GiB of experts in RAM, 121436 exchanged with the VRAM tier, 0 blob reads from the file
strata serve: expert tiers: GPU 102634 hits this request; since the start RAM 824021 blobs, files 0 blobs 19371.3 MB read
strata serve: KV streaming: 99.47% of 60366 block reads hit VRAM, 1.3 MiB read from RAM
strata serve: prompt 79 tokens = 0 reused + 79 read in 575 ms (137.4 tok/s), 128 generated in 1770 ms (72.3 tok/s), drafts accepted 79 of 110, 1 checkpoints
strata serve: decode expert cache hit rate: 97.9% (84097 hits / 85901 lookups); 779 more read by the GPU over PCIe or from another GPU (0.9% of all 86680 routed)
strata serve: resident RAM: 5.38 GiB of experts in RAM, 122035 exchanged with the VRAM tier, 0 blob reads from the file
strata serve: expert tiers: GPU 84097 hits this request; since the start RAM 827371 blobs, files 0 blobs 19371.3 MB read
strata serve: KV streaming: 99.32% of 46530 block reads hit VRAM, 1.3 MiB read from RAM
strata serve: prompt 77 tokens = 0 reused + 77 read in 573 ms (134.3 tok/s), 128 generated in 2320 ms (55.2 tok/s), drafts accepted 63 of 122, 1 checkpoints
strata serve: decode expert cache hit rate: 98.4% (104101 hits / 105745 lookups); 525 more read by the GPU over PCIe or from another GPU (0.5% of all 106270 routed)
strata serve: resident RAM: 5.38 GiB of experts in RAM, 122513 exchanged with the VRAM tier, 0 blob reads from the file
strata serve: expert tiers: GPU 104101 hits this request; since the start RAM 830396 blobs, files 0 blobs 19371.3 MB read
strata serve: KV streaming: 99.47% of 58398 block reads hit VRAM, 1.3 MiB read from RAM
strata serve: prompt 78 tokens = 0 reused + 78 read in 554 ms (140.7 tok/s), 128 generated in 1626 ms (78.7 tok/s), drafts accepted 79 of 106, 1 checkpoints
strata serve: decode expert cache hit rate: 97.8% (81788 hits / 83652 lookups); 828 more read by the GPU over PCIe or from another GPU (1.0% of all 84480 routed)
strata serve: resident RAM: 5.38 GiB of experts in RAM, 122980 exchanged with the VRAM tier, 0 blob reads from the file
strata serve: expert tiers: GPU 81788 hits this request; since the start RAM 833716 blobs, files 0 blobs 19371.3 MB read
strata serve: KV streaming: 99.31% of 45078 block reads hit VRAM, 1.3 MiB read from RAM
strata serve: prompt 81 tokens = 0 reused + 81 read in 573 ms (141.3 tok/s), 128 generated in 1846 ms (69.4 tok/s), drafts accepted 81 of 122, 1 checkpoints
strata serve: decode expert cache hit rate: 97.5% (91409 hits / 93762 lookups); 1038 more read by the GPU over PCIe or from another GPU (1.1% of all 94800 routed)
strata serve: resident RAM: 5.38 GiB of experts in RAM, 123621 exchanged with the VRAM tier, 0 blob reads from the file
strata serve: expert tiers: GPU 91409 hits this request; since the start RAM 837571 blobs, files 0 blobs 19371.3 MB read
strata serve: KV streaming: 99.39% of 51948 block reads hit VRAM, 1.3 MiB read from RAM
strata serve: prompt 76 tokens = 0 reused + 76 read in 550 ms (138.1 tok/s), 128 generated in 1815 ms (70.5 tok/s), drafts accepted 74 of 114, 1 checkpoints
strata serve: decode expert cache hit rate: 98.8% (96358 hits / 97503 lookups); 377 more read by the GPU over PCIe or from another GPU (0.4% of all 97880 routed)
strata serve: resident RAM: 5.38 GiB of experts in RAM, 123950 exchanged with the VRAM tier, 0 blob reads from the file
strata serve: expert tiers: GPU 96358 hits this request; since the start RAM 840021 blobs, files 0 blobs 19371.3 MB read
strata serve: KV streaming: 99.45% of 56286 block reads hit VRAM, 1.3 MiB read from RAM
strata serve: prompt 77 tokens = 0 reused + 77 read in 541 ms (142.4 tok/s), 128 generated in 1747 ms (73.3 tok/s), drafts accepted 78 of 124, 1 checkpoints
strata serve: decode expert cache hit rate: 98.6% (96823 hits / 98168 lookups); 572 more read by the GPU over PCIe or from another GPU (0.6% of all 98740 routed)
strata serve: resident RAM: 5.38 GiB of experts in RAM, 124292 exchanged with the VRAM tier, 0 blob reads from the file
strata serve: expert tiers: GPU 96823 hits this request; since the start RAM 842718 blobs, files 0 blobs 19371.3 MB read
strata serve: KV streaming: 99.42% of 54516 block reads hit VRAM, 1.3 MiB read from RAM
strata serve: prompt 76 tokens = 0 reused + 76 read in 562 ms (135.2 tok/s), 128 generated in 1957 ms (65.4 tok/s), drafts accepted 76 of 135, 1 checkpoints
strata serve: decode expert cache hit rate: 98.2% (103297 hits / 105168 lookups); 762 more read by the GPU over PCIe or from another GPU (0.7% of all 105930 routed)
strata serve: resident RAM: 5.38 GiB of experts in RAM, 124834 exchanged with the VRAM tier, 0 blob reads from the file
strata serve: expert tiers: GPU 103297 hits this request; since the start RAM 846039 blobs, files 0 blobs 19371.3 MB read
strata serve: KV streaming: 99.45% of 56592 block reads hit VRAM, 1.3 MiB read from RAM
strata serve: prompt 77 tokens = 0 reused + 77 read in 556 ms (138.5 tok/s), 128 generated in 2217 ms (57.7 tok/s), drafts accepted 73 of 136, 1 checkpoints
strata serve: decode expert cache hit rate: 96.9% (105881 hits / 109307 lookups); 1563 more read by the GPU over PCIe or from another GPU (1.4% of all 110870 routed)
strata serve: resident RAM: 5.38 GiB of experts in RAM, 125678 exchanged with the VRAM tier, 0 blob reads from the file
strata serve: expert tiers: GPU 105881 hits this request; since the start RAM 851562 blobs, files 0 blobs 19371.3 MB read
strata serve: KV streaming: 99.48% of 59454 block reads hit VRAM, 1.3 MiB read from RAM
strata serve: prompt 76 tokens = 0 reused + 76 read in 543 ms (140.0 tok/s), 128 generated in 2009 ms (63.7 tok/s), drafts accepted 71 of 129, 1 checkpoints
strata serve: decode expert cache hit rate: 98.9% (102967 hits / 104114 lookups); 366 more read by the GPU over PCIe or from another GPU (0.4% of all 104480 routed)
strata serve: resident RAM: 5.38 GiB of experts in RAM, 125979 exchanged with the VRAM tier, 0 blob reads from the file
strata serve: expert tiers: GPU 102967 hits this request; since the start RAM 853821 blobs, files 0 blobs 19371.3 MB read
strata serve: KV streaming: 99.44% of 55644 block reads hit VRAM, 1.3 MiB read from RAM
strata serve: suffix drafts: 1 windows, 2 of 2 drafts accepted
strata serve: prompt 78 tokens = 0 reused + 78 read in 541 ms (144.1 tok/s), 128 generated in 2027 ms (63.1 tok/s), drafts accepted 73 of 136, 1 checkpoints
strata serve: decode expert cache hit rate: 98.7% (104506 hits / 105895 lookups); 505 more read by the GPU over PCIe or from another GPU (0.5% of all 106400 routed)
strata serve: resident RAM: 5.38 GiB of experts in RAM, 126325 exchanged with the VRAM tier, 0 blob reads from the file
strata serve: expert tiers: GPU 104506 hits this request; since the start RAM 856383 blobs, files 0 blobs 19371.3 MB read
strata serve: KV streaming: 99.44% of 55920 block reads hit VRAM, 1.3 MiB read from RAM
strata serve: suffix drafts: 1 windows, 3 of 3 drafts accepted
strata serve: prompt 82 tokens = 0 reused + 82 read in 554 ms (147.9 tok/s), 128 generated in 1973 ms (64.9 tok/s), drafts accepted 71 of 97, 1 checkpoints
strata serve: decode expert cache hit rate: 97.2% (88693 hits / 91207 lookups); 1123 more read by the GPU over PCIe or from another GPU (1.2% of all 92330 routed)
strata serve: resident RAM: 5.38 GiB of experts in RAM, 126948 exchanged with the VRAM tier, 0 blob reads from the file
strata serve: expert tiers: GPU 88693 hits this request; since the start RAM 860527 blobs, files 0 blobs 19371.3 MB read
strata serve: KV streaming: 99.45% of 58098 block reads hit VRAM, 1.3 MiB read from RAM
strata-vision: model files loaded in 0.6 s
strata-vision: on the CPU, 4 threads, no warm-up
