t,rss_mib,mem_used_mib
1791373891,16684,3627
1791373893,17008,3772
1791373895,17292,3777
1791373897,17522,3779
1791373899,17738,3781
1791373901,17926,3783
1791373903,18105,3783
1791373905,18333,3784
1791373907,18494,3784
1791373909,18708,3784
1791373911,18879,3783
1791373913,19077,3783
1791373915,19312,3783
1791373917,19537,3783
1791373919,19769,3783
1791373921,19968,3785
1791373923,20110,3785
1791373925,20291,3787
1791373927,20448,3788
1791373929,20609,3788
1791373931,20791,3788
1791373933,20992,3788
1791373935,21194,3788
1791373937,21432,3788
1791373939,21600,3788
1791373941,21795,3787
1791373943,21961,3787
1791373945,22134,3787
1791373947,22294,3786
1791373949,22468,3786
1791373952,22692,3785
1791373954,22873,3786
1791373956,23041,3786
1791373958,23212,3786
1791373960,23399,3785
1791373962,23550,3785
1791373964,23694,3785
1791373966,23880,3785
1791373968,24044,3785
1791373970,24260,3784
1791373972,24469,3783
1791373974,24657,3782
1791373976,24831,3782
1791373978,25072,3782
1791373980,25279,3780
1791373982,25482,3782
1791373984,25667,3782
1791373986,25885,3782
1791373988,26044,3783
1791373990,26044,3783
1791373992,26044,3784
1791373994,26044,3784
1791373996,26044,3785
1791373998,26044,3785
1791374000,26045,3784
1791374002,26045,3783
1791374004,26045,3783
1791374006,26045,3783
1791374008,26045,3782
1791374010,26045,3783
1791374012,26045,3784
1791374014,26045,3782
1791374016,26045,3782
1791374018,26045,3783
1791374020,26045,3783
1791374022,26045,3783
1791374024,26045,3783
1791374026,26045,3783
1791374028,26045,3782
1791374030,26046,3783
1791374032,26046,3782
1791374034,26046,3780
1791374036,26046,3781
1791374038,26046,3781
1791374040,26046,3781
1791374042,26046,3781
1791374044,26046,3781
1791374046,26046,3783
1791374048,26046,3784
1791374050,26046,3784
1791374052,26046,3785
1791374055,26046,3785
1791374057,26046,3785
1791374059,26046,3786
1791374061,26046,3786
1791374063,26046,3786
1791374065,26046,3786
1791374067,26046,3786
1791374069,26046,3785
1791374071,26046,3785
1791374073,26046,3785
1791374075,26047,3786
1791374077,26047,3784
1791374079,26047,3784
1791374081,26047,3784
1791374083,26047,3779
1791374085,26159,3899
1791374087,26159,3899
1791374089,26208,3938
1791374091,26218,3946
1791374093,26222,3950
1791374095,26114,3955
1791374097,26114,3956
1791374099,26114,3955
1791374101,26114,3955
1791374103,26114,3955
1791374105,26114,3955
1791374107,26114,3955
1791374109,26114,3954
1791374111,26114,3954
1791374113,26114,3953
1791374115,26114,3952
1791374117,26114,3953
1791374119,26114,3953
1791374121,26114,3954
1791374123,26114,3954
1791374125,26114,3954
1791374127,26114,3952
1791374129,26114,3953
1791374131,26114,3952
1791374133,26114,3953
1791374135,26114,3953
1791374137,26114,3953
1791374139,26114,3952
1791374141,26114,3953
1791374143,26114,3953
1791374145,26114,3953
1791374147,26114,3953
1791374149,26114,3954
1791374151,26114,3955
1791374153,26114,3955
1791374155,26114,3954
1791374158,26114,3954
1791374160,26114,3955
1791374162,26114,3954
1791374164,26114,3955
1791374166,26115,3955
1791374168,26115,3955
1791374170,26115,3956
1791374172,26115,3957
1791374174,26115,3957
1791374176,26115,3956
1791374178,26115,3955
1791374180,26115,3956
1791374182,26115,3957
1791374184,26115,3957
1791374186,26115,3958
1791374188,26115,3956
1791374190,26115,3957
1791374192,26115,3956
1791374194,26115,3956
1791374196,26115,3956
1791374198,26115,3955
1791374200,26115,3955
1791374202,26116,3955
1791374204,26116,3956
1791374206,26116,3956
1791374208,26116,3956
1791374210,26116,3955
1791374212,26116,3954
1791374214,26116,3955
1791374216,26116,3955
1791374218,26116,3955
1791374220,26116,3955
1791374222,26116,3955
1791374224,26116,3955
1791374226,26116,3955
1791374228,26116,3954
1791374230,26116,3954
1791374232,26116,3954
1791374234,26116,3954
1791374236,26116,3955
1791374238,26116,3955
1791374240,26116,3954
1791374242,26116,3954
1791374244,26116,3954
1791374246,26117,3954
1791374248,26117,3953
1791374250,26117,3952
1791374252,26117,3952
1791374254,26117,3952
1791374256,26117,3952
1791374258,26117,3952
1791374261,26117,3952
1791374263,26117,3952
1791374265,26117,3952
1791374267,26117,3951
1791374269,26117,3951
1791374271,26117,3952
1791374273,26117,3953
1791374275,26230,3957
1791374277,26230,3957
1791374279,26230,3957
1791374281,26230,3958
1791374283,26230,3956
1791374285,26230,3953
1791374287,26230,3954
1791374289,26230,3954
1791374291,26230,3953
1791374293,26230,3953
1791374295,26230,3955
1791374297,26230,3954
1791374299,26230,3953
1791374301,26230,3952
1791374303,26230,3953
1791374305,26230,3953
1791374307,26230,3952
1791374309,26230,3952
1791374311,26230,3952
1791374313,26230,3951
1791374315,26230,3949
1791374317,26230,3950
1791374319,26230,3951
1791374321,26230,3952
1791374323,26231,3952
1791374325,26231,3952
1791374327,26231,3951
1791374329,26231,3951
1791374331,26231,3952
1791374333,26231,3951
1791374335,26231,3951
1791374337,26231,3951
1791374339,26231,3951
1791374341,26231,3951
1791374343,26231,3948
1791374345,26231,3950
1791374347,26231,3949
1791374349,26231,3951
1791374351,26231,3952
1791374353,26231,3952
1791374355,26232,3952
1791374357,26232,3952
1791374359,26232,3951
1791374361,26232,3950
1791374364,26232,3949
1791374366,26232,3949
1791374368,26232,3950
1791374370,26232,3949
1791374372,26232,3948
1791374374,26232,3948
1791374376,26232,3948
1791374378,26232,3945
1791374380,26232,3946
1791374382,26232,3945
1791374384,26232,3944
1791374386,26232,3944
1791374388,26232,3944
1791374390,26232,3945
1791374392,26232,3947
1791374394,26232,3947
1791374396,26232,3946
1791374398,26232,3947
1791374400,26232,3945
1791374402,26232,3945
1791374404,26232,3946
1791374406,26232,3946
1791374408,26232,3942
1791374410,26232,3940
1791374412,26232,3937
1791374414,26232,3938
1791374416,26232,3938
1791374418,26232,3940
1791374420,26232,3939
1791374422,26232,3939
1791374424,26232,3939
1791374426,26232,3939
1791374428,26232,3938
1791374430,26233,3936
1791374432,26233,3937
1791374434,26233,3938
1791374436,26233,3935
1791374438,26233,3934
1791374440,26233,3933
1791374442,26233,3932
1791374444,26233,3933
1791374446,26233,3934
1791374448,26233,3934
1791374450,26233,3934
1791374452,26233,3933
1791374454,26346,4053
1791374456,26346,4052
1791374458,26346,4052
1791374460,26346,4053
1791374462,26346,4054
1791374464,26346,4053
1791374466,26346,4052
1791374469,26346,4049
1791374471,26346,4048
1791374473,26346,4049
1791374475,26346,4049
1791374477,26346,4050
1791374479,26346,4050
1791374481,26346,4051
1791374483,26346,4051
1791374485,26346,4052
1791374487,26346,4052
1791374489,26346,4052
1791374491,26346,4052
1791374493,26346,4052
1791374495,26346,4052
1791374497,26346,4052
1791374499,26346,4052
1791374501,26346,4049
1791374503,26346,4049
1791374505,26346,4049
1791374507,26346,4049
1791374509,26346,4049
1791374511,26346,4049
1791374513,26346,4049
1791374515,26346,4048
1791374517,26346,4048
1791374519,26346,4047
1791374521,26346,4048
1791374523,26346,4048
1791374525,26346,4048
1791374527,26346,4049
1791374529,26346,4047
1791374531,26346,4048
1791374533,26346,4044
1791374535,26346,4045
1791374537,26346,4045
1791374539,26346,4046
1791374541,26346,4045
1791374543,26346,4045
1791374545,26346,4046
1791374547,26346,4045
1791374549,26459,4155
1791374551,26461,4154
1791374553,26474,4173
1791374555,26477,4176
1791374557,26154,4086
1791374559,26154,4086
1791374561,26154,4086
1791374563,26154,4086
1791374565,26154,4083
1791374567,26154,4083
1791374569,26154,4082
1791374572,26154,4082
1791374574,26154,4075
1791374576,26154,4073
1791374578,26154,4072
1791374580,26154,4073
1791374582,26154,4073
1791374584,26154,4074
1791374586,26154,4074
1791374588,26154,4074
1791374590,26154,4074
1791374592,26154,4075
1791374594,26154,4075
1791374596,26154,4073
1791374598,26154,4072
1791374600,26154,4072
1791374602,26154,4072
1791374604,26154,4064
1791374606,26154,4063
1791374608,26154,4063
1791374610,26154,4063
1791374612,26154,4064
1791374614,26154,4063
1791374616,26154,4062
1791374618,26154,4063
1791374620,26154,4063
1791374622,26154,4064
1791374624,26154,4064
1791374626,26154,4064
1791374628,26154,4063
1791374630,26154,4060
1791374632,26154,4061
1791374634,26154,4061
1791374636,26154,4053
1791374638,26154,4053
1791374640,26154,4052
1791374642,26154,4053
1791374644,26154,4053
1791374646,26154,4050
1791374648,26154,4051
1791374650,26154,4051
1791374652,26154,4051
1791374654,26154,4050
1791374656,26154,4050
1791374658,26154,4050
1791374660,26154,4050
1791374662,26154,4048
1791374664,26154,4047
1791374666,26154,4040
1791374668,26154,4039
1791374670,26154,4037
1791374672,26154,4038
1791374674,26154,4037
1791374677,26154,4038
1791374679,26154,4038
1791374681,26154,4038
1791374683,26154,4039
1791374685,26154,4040
1791374687,26154,4039
1791374689,26154,4039
1791374691,26154,4039
1791374693,26154,4038
1791374695,26154,4038
1791374697,26154,4030
1791374699,26154,4031
1791374701,26154,4031
1791374703,26154,4031
1791374705,26154,4030
1791374707,26154,4031
1791374709,26154,4030
1791374711,26154,4030
1791374713,26154,4030
1791374715,26154,4030
1791374717,26154,4030
1791374719,26154,4029
1791374721,26154,4031
1791374723,26154,4030
1791374725,26154,4029
1791374727,26154,4021
1791374729,26154,4023
1791374731,26154,4022
1791374733,26154,4022
1791374735,26154,4021
1791374737,26266,4022
1791374739,26266,4020
1791374741,26266,4019
1791374743,26266,4019
1791374745,26266,4020
1791374747,26266,4022
1791374749,26266,4023
1791374751,26266,4023
1791374753,26266,4024
1791374755,26266,4023
1791374757,26266,4023
1791374759,26266,4021
1791374761,26266,4020
1791374763,26266,4020
1791374765,26266,4020
1791374767,26266,4021
1791374769,26266,4021
1791374771,26266,4021
1791374773,26266,4022
1791374775,26266,4021
1791374777,26266,4022
1791374779,26266,4023
1791374782,26267,4022
1791374784,26267,4022
1791374786,26267,4023
1791374788,26267,4023
1791374790,26267,4023
1791374792,26267,4025
1791374794,26267,4023
1791374796,26267,4023
1791374798,26267,4024
1791374800,26267,4024
1791374802,26267,4024
1791374804,26267,4023
1791374806,26267,4024
1791374808,26267,4023
1791374810,26267,4021
1791374812,26267,4022
1791374814,26267,4022
1791374816,26267,4023
1791374818,26267,4023
1791374820,26267,4022
1791374822,26267,4023
1791374824,26267,4022
1791374826,26274,4024
1791374828,26274,4025
1791374830,26274,4026
1791374832,26274,4026
1791374834,26274,4026
1791374836,26274,4025
1791374838,26274,4025
1791374840,26274,4025
1791374842,26274,4025
1791374844,26274,4026
1791374846,26274,4025
1791374848,26274,4024
1791374850,26274,4024
1791374852,26274,4024
1791374854,26274,4024
1791374856,26274,4025
1791374858,26274,4025
1791374860,26274,4025
1791374862,26274,4023
1791374864,26274,4023
1791374866,26274,4024
1791374868,26274,4023
1791374870,26274,4024
1791374872,26274,4024
1791374874,26274,4024
1791374876,26274,4025
1791374878,26274,4025
1791374880,26274,4025
1791374882,26274,4025
1791374885,26274,4026
1791374887,26274,4026
1791374889,26274,4025
1791374891,26274,4026
1791374893,26274,4025
1791374895,26274,4025
1791374897,26274,4024
1791374899,26274,4025
1791374901,26274,4025
1791374903,26274,4023
1791374905,26274,4021
1791374907,26274,4022
1791374909,26274,4022
1791374911,26274,4021
1791374913,26389,4068
1791374915,26389,4065
1791374917,26389,4066
1791374919,26389,4065
1791374921,26389,4067
1791374923,26389,4068
1791374925,26389,4067
1791374927,26389,4067
1791374929,26389,4067
1791374931,26389,4068
1791374933,26389,4068
1791374935,26389,4068
1791374937,26389,4070
1791374939,26389,4070
1791374941,26389,4070
1791374943,26389,4070
1791374945,26389,4069
1791374947,26389,4069
1791374949,26389,4069
1791374951,26389,4069
1791374953,26389,4070
1791374955,26389,4069
1791374957,26389,4069
1791374959,26390,4070
1791374961,26390,4069
1791374963,26390,4069
1791374965,26390,4069
1791374967,26390,4070
1791374969,26390,4070
1791374971,26390,4070
1791374973,26390,4070
1791374975,26390,4069
1791374977,26390,4069
1791374979,26390,4069
1791374981,26390,4070
1791374983,26390,4070
1791374985,26390,4070
1791374987,26390,4071
1791374990,26390,4071
1791374992,26390,4070
1791374994,26390,4070
1791374996,26390,4070
1791374998,26390,4070
1791375000,26390,4070
1791375002,26390,4071
1791375004,26391,4071
1791375006,26391,4071
1791375008,26391,4071
1791375010,26391,4070
1791375012,26391,4071
1791375014,26391,4073
1791375016,26391,4074
1791375018,26391,4073
1791375020,26391,4074
1791375022,26391,4073
1791375024,26391,4074
1791375026,26391,4074
1791375028,26391,4074
1791375030,26391,4074
1791375032,26391,4074
1791375034,26391,4073
1791375036,26391,4074
1791375038,26391,4072
1791375040,26391,4074
1791375042,26391,4075
1791375044,26391,4076
1791375046,26391,4077
1791375048,26391,4077
1791375050,26391,4077
1791375052,26391,4077
1791375054,26391,4076
1791375056,26391,4076
1791375058,26391,4076
1791375060,26391,4077
1791375062,26391,4078
1791375064,26391,4079
1791375066,26392,4078
1791375068,26392,4077
1791375070,26392,4078
1791375072,26392,4077
1791375074,26392,4078
1791375076,26392,4076
1791375078,26392,4075
1791375080,26392,4076
1791375082,26392,4076
1791375084,26392,4077
1791375086,26392,4076
1791375088,26392,4076
1791375090,26392,4076
1791375093,26505,4196
1791375095,26505,4197
1791375097,26505,4197
1791375099,26505,4198
1791375101,26505,4198
1791375103,26505,4197
1791375105,26505,4197
1791375107,26505,4198
1791375109,26505,4198
1791375111,26505,4198
1791375113,26505,4198
1791375115,26505,4198
1791375117,26505,4198
1791375119,26505,4199
1791375121,26505,4199
1791375123,26505,4199
1791375125,26505,4199
1791375127,26505,4200
1791375129,26505,4199
1791375131,26505,4197
1791375133,26505,4198
1791375135,26505,4199
1791375137,26505,4197
1791375139,26505,4197
1791375141,26505,4197
1791375143,26505,4196
1791375145,26505,4197
1791375147,26505,4197
1791375149,26505,4196
1791375151,26505,4197
1791375153,26505,4196
1791375155,26505,4197
1791375157,26505,4194
1791375159,26505,4195
1791375161,26505,4195
1791375163,26505,4195
1791375165,26505,4195
1791375167,26505,4194
1791375169,26505,4192
1791375171,26505,4191
1791375173,26505,4191
1791375175,26505,4190
1791375177,26505,4191
1791375179,26505,4189
1791375181,26505,4189
1791375183,26506,4190
1791375185,26506,4191
1791375187,26506,4191
1791375189,26506,4190
1791375191,26506,4190
1791375193,26506,4190
1791375195,26506,4191
1791375198,26506,4192
1791375200,26506,4192
1791375202,26506,4190
1791375204,26506,4190
1791375206,26506,4190
1791375208,26506,4189
1791375210,26506,4189
1791375212,26506,4189
1791375214,26506,4189
1791375216,26506,4190
1791375218,26506,4189
1791375220,26506,4189
1791375222,26506,4190
1791375224,26506,4187
1791375226,26506,4187
1791375228,26506,4188
1791375230,26506,4187
1791375232,26506,4187
1791375234,26506,4187
1791375236,26506,4188
1791375238,26506,4188
1791375240,26506,4188
1791375242,26506,4187
1791375244,26506,4187
1791375246,26506,4187
1791375248,26506,4187
1791375250,26506,4187
1791375252,26506,4187
1791375254,26506,4186
1791375256,26506,4185
1791375258,26506,4186
1791375260,26506,4185
1791375262,26506,4185
1791375264,26506,4183
1791375266,26506,4182
1791375268,26506,4183
1791375270,26506,4183
1791375272,26506,4183
1791375274,26618,4292
1791375276,26620,4291
1791375278,26621,4293
1791375280,26621,4292
1791375282,26174,4031
1791375284,26174,4031
1791375286,26174,4031
1791375288,26174,4033
1791375290,26174,4034
1791375292,26174,4033
1791375294,26174,4034
1791375296,26174,4034
1791375298,26174,4034
1791375301,26174,4036
1791375303,26174,4034
1791375305,26174,4034
1791375307,26174,4035
1791375309,26174,4035
1791375311,26174,4035
1791375313,26174,4037
1791375315,26174,4029
1791375317,26174,4028
1791375319,26174,4028
1791375321,26174,4028
1791375323,26174,4027
1791375325,26174,4026
1791375327,26174,4026
1791375329,26174,4026
1791375331,26174,4027
1791375333,26174,4026
1791375335,26174,4026
1791375337,26174,4029
1791375339,26174,4029
1791375341,26174,4030
1791375343,26174,4030
1791375345,26174,4031
1791375347,26174,4022
1791375349,26174,4022
1791375351,26174,4023
1791375353,26174,4024
1791375355,26174,4024
1791375357,26174,4023
1791375359,26174,4022
1791375361,26174,4022
1791375363,26174,4022
1791375365,26174,4023
1791375367,26174,4023
1791375369,26174,4023
1791375371,26174,4024
1791375373,26174,4023
1791375375,26174,4024
1791375377,26174,4017
1791375379,26174,4017
1791375381,26174,4016
1791375383,26174,4017
1791375385,26174,4016
1791375387,26174,4016
1791375389,26174,4016
1791375391,26174,4016
1791375393,26174,4018
1791375395,26174,4017
1791375397,26174,4017
1791375399,26174,4016
1791375401,26174,4016
1791375403,26174,4017
1791375406,26174,4018
1791375408,26174,4007
1791375410,26174,4008
1791375412,26174,4008
1791375414,26174,4008
1791375416,26174,4010
1791375418,26174,4010
1791375420,26174,4010
1791375422,26174,4008
1791375424,26174,4009
1791375426,26174,4009
1791375428,26174,4010
1791375430,26174,4010
1791375432,26174,4010
1791375434,26174,4011
1791375436,26174,4009
1791375438,26174,4002
1791375440,26174,4002
1791375442,26174,4003
1791375444,26174,4004
1791375446,26174,4004
1791375448,26174,4005
1791375450,26174,4005
1791375452,26174,4005
1791375454,26174,4005
1791375456,26174,4002
1791375458,26174,4003
1791375460,26287,4004
1791375462,26287,4004
1791375464,26287,4002
1791375466,26287,4003
1791375468,26287,4003
1791375470,26287,4001
1791375472,26287,4003
1791375474,26287,4003
1791375476,26287,4003
1791375478,26287,4003
1791375480,26287,4003
1791375482,26287,4036
1791375484,26287,4035
1791375486,26287,4035
1791375488,26287,4036
1791375490,26287,4035
1791375492,26287,4034
1791375494,26287,4033
1791375496,26287,4034
1791375498,26287,4034
1791375500,26287,4032
1791375502,26287,4030
1791375504,26287,4030
1791375506,26287,4032
1791375508,26287,4031
1791375511,26287,4031
1791375513,26287,4030
1791375515,26287,4030
1791375517,26287,4030
1791375519,26287,4030
1791375521,26287,4031
1791375523,26287,4030
1791375525,26287,4030
1791375527,26287,4031
1791375529,26287,4030
1791375531,26287,4029
1791375533,26287,4027
1791375535,26287,4026
1791375537,26287,4024
1791375539,26287,4025
1791375541,26287,4025
1791375543,26287,4023
1791375545,26287,4023
1791375547,26287,4024
1791375549,26287,4024
1791375551,26287,4024
1791375553,26287,4025
1791375555,26287,4024
1791375557,26287,4025
1791375559,26287,4023
1791375561,26287,4024
1791375563,26287,4021
1791375565,26287,4022
1791375567,26287,4020
1791375569,26287,4020
1791375571,26287,4020
1791375573,26287,4020
1791375575,26287,4020
1791375577,26287,4021
1791375579,26287,4020
1791375581,26287,4020
1791375583,26287,4021
1791375585,26287,4020
1791375587,26287,4021
1791375589,26287,4020
1791375591,26287,4018
1791375593,26287,4018
1791375595,26287,4016
1791375597,26287,4016
1791375599,26287,4016
1791375601,26287,4016
1791375603,26287,4016
1791375605,26287,4017
1791375607,26287,4017
1791375609,26287,4017
1791375611,26287,4017
1791375613,26287,4016
1791375616,26287,4015
1791375618,26287,4014
1791375620,26287,4015
1791375622,26287,4016
1791375624,26287,4017
1791375626,26287,4018
1791375628,26287,4013
1791375630,26287,4013
1791375632,26287,4013
1791375634,26287,4012
1791375636,26287,4011
1791375638,26287,4011
1791375640,26287,4012
1791375642,26399,4096
1791375644,26399,4094
1791375646,26399,4093
1791375648,26399,4094
1791375650,26399,4095
1791375652,26399,4097
1791375654,26399,4098
1791375656,26399,4098
1791375658,26399,4097
1791375660,26399,4096
1791375662,26399,4096
1791375664,26399,4096
1791375666,26399,4095
1791375668,26399,4095
1791375670,26399,4095
1791375672,26399,4096
1791375674,26399,4097
1791375676,26399,4097
1791375678,26399,4096
1791375680,26399,4096
1791375682,26399,4097
1791375684,26399,4097
1791375686,26399,4097
1791375688,26399,4097
1791375690,26399,4097
1791375692,26399,4096
1791375694,26399,4096
1791375696,26399,4097
1791375698,26399,4096
1791375700,26399,4095
1791375702,26399,4096
1791375704,26399,4097
1791375706,26399,4097
1791375708,26399,4097
1791375710,26399,4097
1791375712,26399,4097
1791375714,26399,4098
1791375716,26399,4098
1791375719,26399,4098
1791375721,26399,4096
1791375723,26399,4096
1791375725,26399,4096
1791375727,26399,4096
1791375729,26399,4095
1791375731,26399,4096
1791375733,26399,4096
1791375735,26399,4096
1791375737,26399,4092
1791375739,26399,4092
1791375741,26399,4093
1791375743,26399,4093
1791375745,26399,4093
1791375747,26399,4094
1791375749,26399,4094
1791375751,26399,4092
1791375753,26399,4090
1791375755,26399,4090
1791375757,26399,4092
1791375759,26399,4092
1791375761,26399,4092
1791375763,26399,4092
1791375765,26399,4092
1791375767,26399,4090
1791375769,26399,4089
1791375771,26399,4090
1791375773,26399,4089
1791375775,26399,4088
1791375777,26399,4088
1791375779,26399,4089
1791375781,26399,4091
1791375783,26399,4091
1791375785,26399,4089
1791375787,26399,4090
1791375789,26399,4090
1791375791,26399,4091
1791375793,26400,4090
1791375795,26400,4090
1791375797,26400,4089
1791375799,26400,4087
1791375801,26400,4088
1791375803,26400,4088
1791375805,26400,4088
1791375807,26400,4089
1791375809,26400,4089
1791375811,26400,4089
1791375813,26400,4090
1791375815,26400,4088
1791375817,26400,4088
1791375819,26512,4196
1791375822,26512,4196
1791375824,26512,4197
1791375826,26512,4197
1791375828,26512,4197
1791375830,26512,4196
1791375832,26512,4198
1791375834,26512,4198
1791375836,26512,4198
1791375838,26512,4200
1791375840,26512,4199
1791375842,26512,4200
1791375844,26512,4201
1791375846,26512,4200
1791375848,26512,4200
1791375850,26512,4200
1791375852,26513,4200
1791375854,26513,4200
1791375856,26513,4200
1791375858,26513,4200
1791375860,26513,4199
1791375862,26513,4199
1791375864,26513,4199
1791375866,26513,4199
1791375868,26513,4199
1791375870,26513,4199
1791375872,26513,4200
1791375874,26513,4200
1791375876,26513,4200
1791375878,26513,4199
1791375880,26513,4198
1791375882,26513,4198
1791375884,26513,4196
1791375886,26513,4196
1791375888,26513,4195
1791375890,26513,4195
1791375892,26513,4193
1791375894,26513,4193
1791375896,26513,4192
1791375898,26513,4199
1791375900,26513,4196
1791375902,26513,4197
1791375904,26513,4197
1791375906,26513,4196
1791375908,26513,4196
1791375910,26513,4197
1791375912,26513,4197
1791375914,26513,4197
1791375916,26513,4196
1791375918,26513,4195
1791375920,26513,4192
1791375922,26513,4194
1791375924,26513,4194
1791375927,26513,4193
1791375929,26513,4193
1791375931,26513,4193
1791375933,26513,4194
1791375935,26513,4194
1791375937,26513,4192
1791375939,26513,4192
1791375941,26513,4193
1791375943,26513,4193
1791375945,26513,4193
1791375947,26513,4194
1791375949,26513,4193
1791375951,26513,4191
1791375953,26513,4193
1791375955,26513,4194
1791375957,26513,4194
1791375959,26513,4194
1791375961,26513,4195
1791375963,26513,4193
1791375965,26513,4195
1791375967,26513,4195
1791375969,26513,4195
1791375971,26513,4196
1791375973,26513,4196
1791375975,26513,4196
1791375977,26513,4196
1791375979,26513,4196
1791375981,26513,4197
1791375983,26513,4197
1791375985,26513,4198
1791375987,26513,4199
1791375989,26513,4199
1791375991,26513,4199
1791375993,26513,4197
1791375995,26513,4197
1791375997,26626,4315
1791375999,26626,4316
1791376001,26626,4315
1791376003,26626,4314
1791376005,26626,4314
1791376007,26626,4314
1791376009,26626,4313
1791376011,26626,4313
1791376013,26626,4313
1791376015,26626,4313
1791376017,26626,4313
1791376019,26626,4312
1791376021,26626,4312
1791376023,26626,4313
1791376025,26626,4313
1791376027,26626,4313
1791376029,26626,4313
1791376031,26626,4313
1791376034,26626,4313
1791376036,26626,4313
1791376038,26626,4312
1791376040,26626,4312
1791376042,26626,4311
1791376044,26626,4311
1791376046,26626,4311
1791376048,26626,4312
1791376050,26626,4311
1791376052,26626,4311
1791376054,26626,4311
1791376056,26626,4310
1791376058,26626,4311
1791376060,26626,4310
1791376062,26626,4311
1791376064,26626,4311
1791376066,26626,4310
1791376068,26626,4309
1791376070,26626,4310
1791376072,26626,4310
1791376074,26626,4310
1791376076,26626,4311
1791376078,26626,4310
1791376080,26626,4309
1791376082,26626,4308
1791376084,26626,4309
1791376086,26626,4308
1791376088,26628,4309
1791376090,26628,4309
1791376092,26628,4309
1791376094,26628,4310
1791376096,26628,4308
1791376098,26628,4308
1791376100,26628,4308
1791376102,26628,4309
1791376104,26628,4309
1791376106,26628,4308
1791376108,26628,4308
1791376110,26628,4309
1791376112,26628,4309
1791376114,26628,4309
1791376116,26628,4310
1791376118,26628,4309
1791376120,26628,4309
1791376122,26628,4309
1791376124,26628,4309
1791376126,26628,4310
1791376128,26628,4311
1791376130,26628,4311
1791376132,26628,4310
1791376134,26628,4310
1791376136,26628,4311
1791376139,26628,4311
1791376141,26628,4310
1791376143,26628,4308
1791376145,26628,4309
1791376147,26628,4302
1791376149,26628,4303
1791376151,26628,4301
1791376153,26628,4301
1791376155,26628,4301
1791376157,26628,4301
1791376159,26628,4302
1791376161,26628,4303
1791376163,26628,4303
1791376165,26628,4303
1791376167,26628,4303
1791376169,26628,4301
1791376171,26628,4301
1791376173,26628,4302
1791376175,26628,4301
1791376177,26661,4341
1791376179,26741,4411
1791376181,26741,4411
1791376183,26741,4413
1791376185,26741,4414
1791376187,26741,4414
1791376189,26741,4414
1791376191,26741,4413
1791376193,26741,4413
1791376195,26741,4414
1791376197,26741,4415
1791376199,26741,4413
1791376201,26741,4413
1791376203,26741,4413
1791376205,26741,4414
1791376207,26741,4414
1791376209,26741,4411
1791376211,26741,4412
1791376213,26741,4412
1791376215,26741,4413
1791376217,26741,4415
1791376219,26741,4416
1791376221,26741,4417
1791376223,26741,4416
1791376225,26741,4416
1791376227,26741,4417
1791376229,26741,4417
1791376231,26741,4417
1791376233,26741,4417
1791376235,26741,4417
1791376237,26741,4413
1791376239,26741,4413
1791376241,26741,4415
1791376243,26741,4414
1791376246,26741,4415
1791376248,26741,4413
1791376250,26741,4414
1791376252,26741,4414
1791376254,26741,4414
1791376256,26741,4414
1791376258,26741,4414
1791376260,26741,4416
1791376262,26741,4416
1791376264,26741,4416
1791376266,26741,4416
1791376268,26741,4416
1791376270,26741,4416
1791376272,26741,4416
1791376274,26741,4417
1791376276,26741,4419
1791376278,26741,4417
1791376280,26741,4417
1791376282,26741,4417
1791376284,26741,4417
1791376286,26741,4418
1791376288,26741,4418
1791376290,26741,4418
1791376292,26741,4418
1791376294,26741,4418
1791376296,26741,4419
1791376298,26741,4419
1791376300,26741,4419
1791376302,26741,4417
1791376304,26741,4417
1791376306,26741,4416
1791376308,26741,4417
1791376310,26741,4416
1791376312,26741,4416
1791376314,26741,4416
1791376316,26741,4415
1791376318,26741,4415
1791376320,26741,4415
1791376322,26741,4415
1791376324,26741,4415
1791376326,26741,4415
1791376328,26741,4415
1791376330,26741,4415
1791376332,26741,4414
1791376334,26741,4415
1791376336,26741,4415
1791376338,26741,4416
1791376340,26741,4415
1791376342,26741,4415
1791376344,26741,4415
1791376346,26741,4415
1791376348,26741,4415
1791376351,26741,4416
1791376353,26741,4416
1791376355,26741,4416
1791376357,26741,4416
1791376359,26854,4534
1791376361,26855,4534
1791376363,26855,4536
1791376365,26856,4545
1791376367,26186,4054
1791376369,26186,4054
1791376371,26186,4054
1791376373,26186,4055
1791376375,26186,4056
1791376377,26186,4054
1791376379,26186,4054
1791376381,26186,4052
1791376383,26186,4052
1791376385,26186,4052
1791376387,26186,4052
1791376389,26186,4052
1791376391,26186,4051
1791376393,26186,4051
1791376395,26186,4044
1791376397,26186,4044
1791376399,26186,4043
1791376401,26186,4043
1791376403,26186,4044
1791376405,26186,4044
1791376407,26186,4041
1791376409,26186,4042
1791376411,26186,4042
1791376413,26186,4044
1791376415,26186,4043
1791376417,26186,4043
1791376419,26186,4043
1791376421,26186,4043
1791376423,26186,4041
1791376425,26186,4033
1791376427,26186,4033
1791376429,26186,4033
1791376431,26186,4032
1791376433,26186,4033
1791376435,26186,4032
1791376437,26186,4034
1791376439,26186,4034
1791376441,26186,4034
1791376443,26186,4034
1791376445,26186,4033
1791376447,26186,4033
1791376449,26186,4034
1791376451,26186,4034
1791376453,26186,4033
1791376456,26186,4024
1791376458,26186,4023
1791376460,26186,4023
1791376462,26186,4022
1791376464,26186,4022
1791376466,26186,4023
1791376468,26186,4023
1791376470,26186,4023
1791376472,26186,4024
1791376474,26186,4024
1791376476,26186,4024
1791376478,26186,4024
1791376480,26186,4024
1791376482,26186,4025
1791376484,26186,4026
1791376486,26186,4017
1791376488,26186,4016
1791376490,26186,4016
1791376492,26186,4016
1791376494,26186,4016
1791376496,26186,4014
1791376498,26186,4015
1791376500,26186,4014
1791376502,26186,4015
1791376504,26186,4015
1791376506,26186,4014
1791376508,26186,4014
1791376510,26186,4015
1791376512,26186,4014
1791376514,26186,4014
1791376516,26186,4014
1791376518,26186,4006
1791376520,26186,4005
1791376522,26186,4006
1791376524,26186,4004
1791376526,26186,4004
1791376528,26186,4004
1791376530,26186,4004
1791376532,26186,4005
1791376534,26186,4004
1791376536,26186,4005
1791376538,26186,4005
1791376540,26186,4005
1791376542,26298,4005
1791376544,26298,4006
1791376546,26298,4006
1791376548,26298,4006
1791376550,26298,4006
1791376552,26298,4005
1791376554,26298,4005
1791376556,26298,4004
1791376558,26298,4004
1791376560,26298,4006
1791376563,26298,4007
1791376565,26298,4007
1791376567,26298,4008
1791376569,26298,4008
1791376571,26298,4007
1791376573,26298,4007
1791376575,26298,4007
1791376577,26298,4008
1791376579,26298,4009
1791376581,26298,4008
1791376583,26298,4008
1791376585,26298,4007
1791376587,26298,4005
1791376589,26298,4004
1791376591,26298,4005
1791376593,26298,4006
1791376595,26298,4006
1791376597,26298,4006
1791376599,26298,4007
1791376601,26298,4006
1791376603,26298,4007
1791376605,26298,4008
1791376607,26298,4008
1791376609,26298,4006
1791376611,26298,4005
1791376613,26298,4005
1791376615,26298,4005
1791376617,26298,4006
1791376619,26298,4006
1791376621,26298,4006
1791376623,26298,4006
1791376625,26298,4007
1791376627,26298,4007
1791376629,26298,4007
1791376631,26298,4006
1791376633,26298,4007
1791376635,26298,4008
1791376637,26298,4008
1791376639,26298,4009
1791376641,26298,4010
1791376643,26298,4008
1791376645,26298,4008
1791376647,26298,4007
1791376649,26298,4007
1791376651,26298,4005
1791376653,26298,4005
1791376655,26298,4006
1791376657,26298,4007
1791376659,26298,4007
1791376661,26298,4007
1791376663,26298,4007
1791376665,26298,4007
1791376668,26298,4008
1791376670,26298,4007
1791376672,26298,4008
1791376674,26298,4007
1791376676,26298,4008
1791376678,26298,4008
1791376680,26298,4007
1791376682,26298,4007
1791376684,26298,4007
1791376686,26298,4008
1791376688,26298,4008
1791376690,26298,4008
1791376692,26298,4008
1791376694,26298,4009
1791376696,26298,4009
1791376698,26298,4008
1791376700,26298,4008
1791376702,26298,4009
1791376704,26298,4009
1791376706,26298,4009
1791376708,26298,4010
1791376710,26298,4009
1791376712,26298,4009
1791376714,26298,4007
1791376716,26298,4009
1791376718,26298,4009
1791376720,26298,4008
1791376722,26298,4008
1791376724,26410,4087
1791376726,26410,4088
1791376728,26410,4088
1791376730,26410,4088
1791376732,26410,4086
1791376734,26410,4088
1791376736,26410,4088
1791376738,26410,4088
1791376740,26410,4088
1791376742,26410,4086
1791376744,26410,4087
1791376746,26410,4087
1791376748,26410,4087
1791376750,26410,4087
1791376752,26410,4088
1791376754,26410,4088
1791376756,26410,4090
1791376758,26410,4090
1791376760,26410,4089
1791376762,26410,4088
1791376764,26410,4087
1791376766,26410,4087
1791376768,26410,4087
1791376770,26410,4087
1791376772,26410,4087
1791376775,26410,4087
1791376777,26410,4085
1791376779,26410,4086
1791376781,26410,4086
1791376783,26410,4086
1791376785,26410,4087
1791376787,26410,4087
1791376789,26410,4086
1791376791,26410,4087
1791376793,26410,4086
1791376795,26410,4086
1791376797,26410,4087
1791376799,26410,4086
1791376801,26410,4086
1791376803,26410,4087
1791376805,26410,4086
1791376807,26410,4087
1791376809,26410,4087
1791376811,26410,4088
1791376813,26410,4086
1791376815,26410,4086
1791376817,26410,4083
1791376819,26410,4084
1791376821,26410,4084
1791376823,26410,4084
1791376825,26410,4085
1791376827,26410,4085
1791376829,26410,4084
1791376831,26410,4084
1791376833,26410,4085
1791376835,26410,4085
1791376837,26410,4084
1791376839,26410,4085
1791376841,26410,4086
1791376843,26410,4087
1791376845,26410,4086
1791376847,26410,4085
1791376849,26410,4085
1791376851,26410,4086
1791376853,26410,4086
1791376855,26410,4086
1791376857,26410,4086
1791376859,26410,4087
1791376861,26410,4086
1791376863,26410,4087
1791376865,26410,4087
1791376867,26410,4086
1791376869,26410,4084
1791376871,26410,4084
1791376873,26410,4085
1791376875,26410,4085
1791376877,26410,4085
1791376880,26410,4086
1791376882,26410,4086
1791376884,26410,4085
1791376886,26410,4085
1791376888,26410,4087
1791376890,26410,4087
1791376892,26410,4085
1791376894,26410,4086
1791376896,26410,4086
1791376898,26410,4086
1791376900,26410,4086
1791376902,26522,4202
1791376904,26522,4203
1791376906,26522,4201
1791376908,26522,4202
1791376910,26522,4202
1791376912,26522,4203
1791376914,26522,4203
1791376916,26522,4202
1791376918,26522,4202
1791376920,26522,4202
1791376922,26522,4203
1791376924,26522,4203
1791376926,26522,4201
1791376928,26522,4201
1791376930,26522,4202
1791376932,26522,4203
1791376934,26522,4203
1791376936,26522,4203
1791376938,26522,4204
1791376940,26522,4204
1791376942,26522,4205
1791376944,26522,4206
1791376946,26522,4206
1791376948,26522,4205
1791376950,26522,4206
1791376952,26522,4207
1791376954,26522,4206
1791376956,26522,4206
1791376958,26522,4207
1791376960,26522,4206
1791376962,26522,4206
1791376964,26522,4205
1791376966,26522,4209
1791376968,26522,4209
1791376970,26522,4208
1791376972,26522,4208
1791376974,26522,4209
1791376976,26522,4209
1791376978,26522,4209
1791376980,26522,4210
1791376982,26522,4208
1791376984,26522,4208
1791376987,26522,4209
1791376989,26522,4210
1791376991,26522,4209
1791376993,26522,4209
1791376995,26522,4208
1791376997,26522,4209
1791376999,26522,4209
1791377001,26522,4208
1791377003,26522,4207
1791377005,26522,4210
1791377007,26522,4210
1791377009,26522,4210
1791377011,26522,4210
1791377013,26522,4210
1791377015,26522,4209
1791377017,26522,4209
1791377019,26522,4208
1791377021,26522,4208
1791377023,26522,4206
1791377025,26522,4206
1791377027,26522,4205
1791377029,26522,4205
1791377031,26522,4206
1791377033,26522,4205
1791377035,26522,4205
1791377037,26522,4206
1791377039,26522,4206
1791377041,26522,4208
1791377043,26522,4208
1791377045,26522,4207
1791377047,26522,4207
1791377049,26522,4207
1791377051,26522,4207
1791377053,26522,4207
1791377055,26522,4206
1791377057,26522,4205
1791377059,26522,4207
1791377061,26522,4208
1791377063,26522,4208
1791377065,26522,4209
1791377067,26522,4209
1791377069,26522,4210
1791377071,26522,4210
1791377073,26522,4209
1791377075,26635,4320
1791377077,26635,4318
1791377079,26635,4318
1791377081,26635,4318
1791377083,26635,4318
1791377085,26635,4319
1791377087,26635,4320
1791377089,26635,4321
1791377092,26635,4321
1791377094,26635,4321
1791377096,26635,4320
1791377098,26635,4318
1791377100,26635,4320
1791377102,26635,4320
1791377104,26635,4320
1791377106,26635,4320
1791377108,26635,4321
1791377110,26635,4322
1791377112,26635,4323
1791377114,26635,4322
1791377116,26635,4322
1791377118,26635,4322
1791377120,26635,4321
1791377122,26635,4319
1791377124,26635,4320
1791377126,26635,4320
1791377128,26635,4319
1791377130,26635,4319
1791377132,26635,4319
1791377134,26635,4319
1791377136,26635,4319
1791377138,26635,4314
1791377140,26635,4316
1791377142,26635,4317
1791377144,26635,4317
1791377146,26635,4317
1791377148,26635,4316
1791377150,26635,4316
1791377152,26635,4317
1791377154,26635,4316
1791377156,26635,4315
1791377158,26635,4315
1791377160,26635,4315
1791377162,26635,4315
1791377164,26635,4316
1791377166,26635,4317
1791377168,26635,4316
1791377170,26635,4316
1791377172,26635,4316
1791377174,26635,4316
1791377176,26635,4317
1791377178,26635,4317
1791377180,26635,4317
1791377182,26635,4317
1791377184,26635,4317
1791377186,26635,4318
1791377188,26635,4318
1791377190,26635,4317
1791377192,26635,4317
1791377194,26635,4317
1791377196,26635,4317
1791377199,26635,4317
1791377201,26635,4318
1791377203,26635,4318
1791377205,26635,4318
1791377207,26635,4318
1791377209,26635,4318
1791377211,26635,4318
1791377213,26635,4318
1791377215,26635,4319
1791377217,26635,4317
1791377219,26635,4318
1791377221,26635,4318
1791377223,26635,4318
1791377225,26635,4320
1791377227,26635,4319
1791377229,26635,4319
1791377231,26635,4319
1791377233,26635,4318
1791377235,26635,4318
1791377237,26635,4318
1791377239,26635,4316
1791377241,26635,4316
1791377243,26635,4316
1791377245,26635,4316
1791377247,26635,4317
1791377249,26748,4426
1791377251,26748,4426
1791377253,26748,4425
1791377255,26748,4425
1791377257,26748,4425
1791377259,26748,4426
1791377261,26748,4426
1791377263,26748,4425
1791377265,26748,4424
1791377267,26748,4423
1791377269,26748,4424
1791377271,26748,4425
1791377273,26748,4425
1791377275,26748,4425
1791377277,26748,4425
1791377279,26748,4426
1791377281,26748,4426
1791377283,26748,4426
1791377285,26748,4427
1791377287,26748,4427
1791377289,26748,4427
1791377291,26748,4427
1791377293,26748,4428
1791377295,26748,4430
1791377297,26748,4430
1791377299,26748,4430
1791377301,26748,4430
1791377303,26748,4430
1791377306,26748,4429
1791377308,26748,4429
1791377310,26748,4429
1791377312,26748,4429
1791377314,26748,4429
1791377316,26748,4428
1791377318,26748,4428
1791377320,26748,4428
1791377322,26748,4429
1791377324,26748,4429
1791377326,26748,4429
1791377328,26748,4429
1791377330,26748,4428
1791377332,26748,4427
1791377334,26748,4427
1791377336,26748,4427
1791377338,26748,4429
1791377340,26748,4429
1791377342,26748,4429
1791377344,26748,4429
1791377346,26748,4463
1791377348,26748,4464
1791377350,26748,4462
1791377352,26748,4461
1791377354,26748,4461
1791377356,26748,4462
1791377358,26748,4462
1791377360,26748,4462
1791377362,26748,4461
1791377364,26748,4461
1791377366,26748,4460
1791377368,26748,4461
1791377370,26748,4459
1791377372,26748,4459
1791377374,26748,4459
1791377376,26748,4459
1791377378,26748,4458
1791377380,26748,4459
1791377382,26748,4455
1791377384,26748,4457
1791377386,26748,4458
1791377388,26748,4458
1791377390,26748,4458
1791377392,26748,4457
1791377394,26748,4457
1791377396,26748,4456
1791377398,26748,4456
1791377400,26748,4455
1791377402,26748,4455
1791377404,26748,4456
1791377406,26748,4456
1791377408,26748,4455
1791377410,26748,4456
1791377413,26748,4453
1791377415,26748,4452
1791377417,26748,4452
1791377419,26748,4452
1791377421,26748,4452
1791377423,26748,4452
1791377425,26748,4452
1791377427,26748,4451
1791377429,26861,4577
1791377431,26861,4578
1791377433,26861,4578
1791377435,26861,4578
1791377437,26861,4579
1791377439,26861,4579
1791377441,26861,4579
1791377443,26861,4578
1791377445,26861,4578
1791377447,26861,4579
1791377449,26861,4579
1791377451,26861,4580
1791377453,26861,4580
1791377455,26861,4579
1791377457,26861,4580
1791377459,26861,4580
1791377461,26861,4580
1791377463,26861,4580
1791377465,26861,4581
1791377467,26861,4582
1791377469,26861,4583
1791377471,26861,4583
1791377473,26861,4584
1791377475,26861,4580
1791377477,26861,4580
1791377479,26861,4580
1791377481,26861,4579
1791377483,26861,4579
1791377485,26861,4579
1791377487,26861,4579
1791377489,26861,4578
1791377491,26861,4577
1791377493,26861,4577
1791377495,26861,4578
1791377497,26861,4578
1791377499,26861,4577
1791377501,26861,4577
1791377503,26861,4577
1791377505,26861,4577
1791377507,26861,4574
1791377509,26861,4574
1791377511,26861,4573
1791377513,26861,4575
1791377516,26862,4575
1791377518,26862,4575
1791377520,26862,4575
1791377522,26862,4575
1791377524,26862,4575
1791377526,26862,4575
1791377528,26862,4575
1791377530,26862,4576
1791377532,26862,4575
1791377534,26862,4575
1791377536,26862,4575
1791377538,26862,4572
1791377540,26862,4571
1791377542,26862,4570
1791377544,26862,4570
1791377546,26862,4569
1791377548,26862,4569
1791377550,26862,4569
1791377552,26862,4569
1791377554,26862,4570
1791377556,26862,4570
1791377558,26862,4570
1791377560,26862,4571
1791377562,26862,4570
1791377564,26862,4569
1791377566,26862,4568
1791377568,26862,4568
1791377570,26862,4568
1791377572,26862,4568
1791377574,26862,4569
1791377576,26862,4569
1791377578,26862,4569
1791377580,26862,4569
1791377582,26862,4567
1791377584,26862,4567
1791377586,26862,4567
1791377588,26862,4567
1791377590,26862,4567
1791377592,26862,4567
1791377594,26862,4567
1791377596,26862,4567
1791377598,26862,4567
1791377600,26862,4566
1791377602,26863,4675
1791377604,26863,4675
1791377606,26863,4675
1791377608,26863,4675
1791377610,26863,4675
1791377612,26863,4675
1791377614,26863,4675
1791377616,26863,4676
1791377618,26863,4676
1791377620,26863,4676
1791377623,26863,4677
1791377625,26863,4677
1791377627,26863,4677
1791377629,26863,4677
1791377631,26863,4677
1791377633,26863,4675
1791377635,26863,4675
1791377637,26863,4675
1791377639,26863,4675
1791377641,26863,4675
1791377643,26863,4675
1791377645,26863,4675
1791377647,26863,4676
1791377649,26863,4674
1791377651,26863,4675
1791377653,26863,4674
1791377655,26863,4675
1791377657,26863,4675
1791377659,26863,4676
1791377661,26863,4674
1791377663,26863,4674
1791377665,26863,4674
1791377667,26863,4673
1791377669,26863,4670
1791377671,26863,4670
1791377673,26863,4671
1791377675,26863,4671
1791377677,26863,4669
1791377679,26863,4668
1791377681,26863,4666
1791377683,26863,4668
1791377685,26863,4667
1791377687,26863,4668
1791377689,26863,4668
1791377691,26863,4668
1791377693,26863,4667
1791377695,26863,4667
1791377697,26863,4666
1791377699,26863,4665
1791377701,26863,4664
1791377703,26863,4664
1791377705,26863,4665
1791377707,26863,4666
1791377709,26863,4667
1791377711,26863,4667
1791377713,26863,4668
1791377715,26863,4668
1791377717,26863,4669
1791377719,26863,4667
1791377721,26863,4668
1791377723,26863,4667
1791377725,26863,4668
1791377728,26863,4668
1791377730,26863,4669
1791377732,26863,4668
1791377734,26863,4669
1791377736,26863,4669
1791377738,26863,4668
1791377740,26863,4666
1791377742,26863,4663
1791377744,26863,4664
1791377746,26863,4665
1791377748,26863,4665
1791377750,26863,4657
1791377752,26863,4657
1791377754,26863,4656
1791377756,26863,4656
1791377758,26863,4654
1791377760,26863,4654
1791377762,26863,4654
1791377764,26863,4655
1791377766,26863,4656
1791377768,26863,4656
1791377770,26863,4655
1791377772,26863,4656
1791377774,26863,4656
1791377776,26863,4656
1791377778,26863,4656
1791377780,26863,4649
1791377782,26864,4670
1791377784,26864,4669
1791377786,26865,4667
1791377788,26866,4667
1791377790,26176,3991
1791377792,26176,3991
1791377794,26176,3992
1791377796,26176,3991
1791377798,26176,3991
1791377800,26176,3989
1791377802,26176,3987
1791377804,26176,3988
1791377806,26176,3989
1791377808,26176,3989
1791377810,26176,3989
1791377812,26176,3981
1791377814,26176,3982
1791377816,26176,3981
1791377818,26176,3981
1791377820,26176,3982
1791377822,26176,3984
1791377824,26176,3983
1791377826,26176,3984
1791377828,26176,3984
1791377831,26176,3984
1791377833,26176,3984
1791377835,26176,3984
1791377837,26176,3983
1791377839,26176,3983
1791377841,26176,3983
1791377843,26176,3976
1791377845,26176,3976
1791377847,26176,3975
1791377849,26176,3975
1791377851,26176,3973
1791377853,26176,3973
1791377855,26176,3975
1791377857,26176,3975
1791377859,26176,3974
1791377861,26176,3974
1791377863,26176,3972
1791377865,26176,3972
1791377867,26176,3973
1791377869,26176,3973
1791377871,26176,3974
1791377873,26176,3976
1791377875,26176,3969
1791377877,26176,3968
1791377879,26176,3969
1791377881,26176,3969
1791377883,26176,3969
1791377885,26176,3969
1791377887,26176,3969
1791377889,26176,3968
1791377891,26176,3969
1791377893,26176,3967
1791377895,26176,3966
1791377897,26176,3969
1791377899,26176,3967
1791377901,26176,3967
1791377903,26176,3967
1791377905,26176,3961
1791377907,26176,3961
1791377909,26176,3962
1791377911,26176,3961
1791377913,26176,3961
1791377915,26176,3961
1791377917,26176,3959
1791377919,26176,3959
1791377921,26176,3959
1791377923,26176,3959
1791377925,26176,3959
1791377927,26176,3959
1791377929,26176,3959
1791377931,26176,3960
1791377933,26176,3960
1791377936,26176,3961
1791377938,26176,3952
1791377940,26176,3951
1791377942,26176,3951
1791377944,26176,3952
1791377946,26176,3953
1791377948,26176,3953
1791377950,26176,3953
1791377952,26176,3953
1791377954,26176,3953
1791377956,26176,3951
1791377958,26176,3952
1791377960,26176,3953
1791377962,26176,3953
1791377964,26176,3953
1791377966,26176,3951
1791377968,26176,3944
1791377970,26288,3982
1791377972,26288,3983
1791377974,26288,3981
1791377976,26288,3981
1791377978,26288,3981
1791377980,26288,3981
1791377982,26288,3980
1791377984,26288,3981
1791377986,26288,3981
1791377988,26288,3981
1791377990,26288,3981
1791377992,26288,3981
1791377994,26288,3982
1791377996,26288,3982
1791377998,26288,3981
1791378000,26288,3980
1791378002,26288,3980
1791378004,26288,3980
1791378006,26288,3980
1791378008,26288,3979
1791378010,26288,3976
1791378012,26288,3977
1791378014,26288,3977
1791378016,26288,3976
1791378018,26288,3977
1791378020,26288,3978
1791378022,26288,3978
1791378024,26288,3976
1791378026,26288,3975
1791378028,26288,3974
1791378030,26288,3973
1791378032,26288,3970
1791378034,26288,3971
1791378036,26288,3984
1791378038,26288,3985
1791378040,26288,3985
1791378043,26288,3985
1791378045,26288,3986
1791378047,26288,3984
1791378049,26288,3986
1791378051,26288,3986
1791378053,26288,3986
1791378055,26288,3986
1791378057,26288,3986
1791378059,26288,3985
1791378061,26288,3985
1791378063,26288,3985
1791378065,26288,3984
1791378067,26288,3985
1791378069,26288,3984
1791378071,26288,3984
1791378073,26288,3982
1791378075,26288,3982
1791378077,26288,3982
1791378079,26288,3982
1791378081,26288,3982
1791378083,26288,3982
1791378085,26288,3983
1791378087,26288,3982
1791378089,26288,3982
1791378091,26288,3982
1791378093,26288,3982
1791378095,26288,3982
1791378097,26288,3982
1791378099,26288,3983
1791378101,26288,3984
1791378103,26288,3982
1791378105,26288,3982
1791378107,26288,3982
1791378109,26288,3983
1791378111,26288,3983
1791378113,26288,3983
1791378115,26288,3981
1791378117,26288,3983
1791378119,26288,3983
1791378121,26288,3982
1791378123,26288,3982
1791378125,26288,3981
1791378127,26288,3981
1791378129,26288,3981
1791378131,26288,3981
1791378133,26288,3982
1791378135,26288,3983
1791378137,26288,3983
1791378139,26400,4102
1791378141,26400,4102
1791378143,26400,4102
1791378146,26400,4103
1791378148,26400,4103
1791378150,26400,4103
1791378152,26400,4103
1791378154,26400,4103
1791378156,26400,4101
1791378158,26400,4101
1791378160,26400,4101
1791378162,26400,4101
1791378164,26400,4101
1791378166,26400,4101
1791378168,26400,4101
1791378170,26400,4101
1791378172,26400,4101
1791378174,26400,4101
1791378176,26400,4101
1791378178,26400,4101
1791378180,26400,4100
1791378182,26400,4100
1791378184,26400,4099
1791378186,26400,4099
1791378188,26400,4099
1791378190,26400,4098
1791378192,26400,4098
1791378194,26400,4098
1791378196,26400,4098
1791378198,26400,4098
1791378200,26400,4098
1791378202,26400,4099
1791378204,26400,4099
1791378206,26400,4099
1791378208,26400,4099
1791378210,26400,4099
1791378212,26400,4097
1791378214,26400,4097
1791378216,26400,4096
1791378218,26400,4095
1791378220,26400,4096
1791378222,26400,4097
1791378224,26400,4098
1791378226,26400,4099
1791378228,26400,4099
1791378230,26400,4100
1791378232,26400,4098
1791378234,26400,4099
1791378236,26400,4101
1791378238,26400,4101
1791378240,26400,4102
1791378242,26400,4102
1791378244,26400,4100
1791378246,26400,4098
1791378249,26400,4099
1791378251,26400,4099
1791378253,26400,4098
1791378255,26400,4098
1791378257,26400,4098
1791378259,26400,4098
1791378261,26400,4099
1791378263,26400,4099
1791378265,26400,4098
1791378267,26400,4098
1791378269,26400,4098
1791378271,26400,4098
1791378273,26400,4098
1791378275,26400,4097
1791378277,26400,4096
1791378279,26400,4097
1791378281,26400,4097
1791378283,26400,4096
1791378285,26400,4096
1791378287,26400,4094
1791378289,26400,4093
1791378291,26400,4093
1791378293,26400,4093
1791378295,26400,4093
1791378297,26400,4094
1791378299,26400,4094
1791378301,26400,4095
1791378303,26512,4205
1791378305,26512,4206
1791378307,26512,4206
1791378309,26512,4205
1791378311,26512,4204
1791378313,26512,4204
1791378315,26512,4205
1791378317,26512,4205
1791378319,26512,4206
1791378321,26512,4207
1791378323,26512,4207
1791378325,26512,4206
1791378327,26512,4206
1791378329,26512,4207
1791378331,26512,4207
1791378333,26512,4207
1791378335,26512,4205
1791378337,26512,4205
1791378339,26512,4205
1791378341,26512,4203
1791378343,26512,4203
1791378345,26512,4202
1791378347,26512,4202
1791378349,26512,4203
1791378351,26512,4201
1791378354,26512,4201
1791378356,26512,4201
1791378358,26512,4202
1791378360,26512,4202
1791378362,26512,4202
1791378364,26512,4203
1791378366,26512,4200
1791378368,26512,4201
1791378370,26512,4201
1791378372,26512,4202
1791378374,26512,4202
1791378376,26512,4202
1791378378,26512,4203
1791378380,26512,4203
1791378382,26512,4203
1791378384,26512,4204
1791378386,26512,4205
1791378388,26512,4205
1791378390,26512,4205
1791378392,26512,4205
1791378394,26512,4204
1791378396,26512,4204
1791378398,26512,4203
1791378400,26512,4203
1791378402,26512,4204
1791378404,26512,4204
1791378406,26512,4204
1791378408,26512,4204
1791378410,26512,4203
1791378412,26512,4203
1791378414,26512,4204
1791378416,26512,4204
1791378418,26512,4204
1791378420,26512,4205
1791378422,26512,4205
1791378424,26512,4205
1791378426,26512,4206
1791378428,26512,4206
1791378430,26512,4206
1791378432,26512,4207
1791378434,26512,4207
1791378436,26512,4205
1791378438,26512,4204
1791378440,26512,4205
1791378442,26512,4206
1791378444,26512,4205
1791378446,26512,4207
1791378448,26512,4205
1791378450,26512,4205
1791378452,26512,4205
1791378454,26512,4205
1791378456,26512,4205
1791378459,26512,4205
1791378461,26512,4202
1791378463,26512,4201
1791378465,26512,4202
1791378467,26512,4201
1791378469,26512,4202
1791378471,26512,4203
1791378473,26512,4203
1791378475,26512,4203
1791378477,26625,4313
1791378479,26625,4315
1791378481,26625,4315
1791378483,26625,4316
1791378485,26625,4317
1791378487,26625,4318
1791378489,26625,4318
1791378491,26625,4318
1791378493,26625,4318
1791378495,26625,4316
1791378497,26625,4317
1791378499,26625,4316
1791378501,26625,4316
1791378503,26625,4316
1791378505,26625,4316
1791378507,26625,4317
1791378509,26625,4316
1791378511,26625,4317
1791378513,26625,4317
1791378515,26625,4317
1791378517,26625,4316
1791378519,26625,4317
1791378521,26625,4316
1791378523,26625,4315
1791378525,26625,4314
1791378527,26625,4313
1791378529,26625,4313
1791378531,26625,4313
1791378533,26625,4312
1791378535,26625,4313
1791378537,26625,4313
1791378539,26625,4312
1791378541,26625,4312
1791378543,26625,4312
1791378545,26625,4313
1791378547,26625,4313
1791378549,26625,4313
1791378551,26625,4314
1791378553,26625,4313
1791378555,26625,4313
1791378557,26625,4313
1791378559,26625,4313
1791378561,26625,4313
1791378564,26625,4314
1791378566,26625,4314
1791378568,26625,4314
1791378570,26625,4315
1791378572,26625,4315
1791378574,26625,4314
1791378576,26625,4314
1791378578,26625,4315
1791378580,26625,4315
1791378582,26625,4316
1791378584,26625,4316
1791378586,26625,4314
1791378588,26625,4314
1791378590,26625,4313
1791378592,26625,4313
1791378594,26625,4312
1791378596,26625,4313
1791378598,26625,4313
1791378600,26625,4311
1791378602,26625,4312
1791378604,26625,4311
1791378606,26625,4311
1791378608,26625,4312
1791378610,26625,4311
1791378612,26625,4311
1791378614,26625,4313
1791378616,26625,4313
1791378618,26625,4312
1791378620,26625,4312
1791378622,26625,4313
1791378624,26625,4313
1791378626,26625,4312
1791378628,26625,4312
1791378630,26625,4313
1791378632,26625,4313
1791378634,26625,4313
1791378636,26625,4314
1791378638,26625,4314
1791378640,26625,4314
1791378642,26625,4315
1791378644,26625,4314
1791378646,26625,4315
1791378648,26625,4314
1791378650,26625,4314
1791378652,26625,4315
1791378654,26737,4433
1791378656,26737,4434
1791378658,26737,4435
1791378660,26737,4435
1791378662,26737,4434
1791378664,26737,4434
1791378666,26737,4434
1791378669,26737,4434
1791378671,26737,4435
1791378673,26737,4435
1791378675,26737,4436
1791378677,26737,4434
1791378679,26737,4435
1791378681,26737,4434
1791378683,26737,4433
1791378685,26737,4434
1791378687,26737,4433
1791378689,26737,4434
1791378691,26737,4432
1791378693,26737,4433
1791378695,26737,4434
1791378697,26737,4434
1791378699,26737,4434
1791378701,26737,4435
1791378703,26737,4436
1791378705,26737,4436
1791378707,26737,4436
1791378709,26737,4434
1791378711,26737,4433
1791378713,26737,4432
1791378715,26737,4432
1791378717,26737,4431
1791378719,26737,4430
1791378721,26737,4431
1791378723,26737,4431
1791378725,26737,4432
1791378727,26737,4432
1791378729,26737,4431
1791378731,26737,4432
1791378733,26737,4432
1791378735,26737,4433
1791378737,26737,4433
1791378739,26737,4433
1791378741,26737,4433
1791378743,26737,4429
1791378745,26737,4430
1791378747,26737,4433
1791378749,26737,4433
1791378751,26737,4435
1791378753,26737,4435
1791378755,26737,4436
1791378757,26737,4436
1791378759,26737,4436
1791378761,26737,4436
1791378763,26737,4436
1791378765,26737,4437
1791378767,26737,4437
1791378769,26737,4437
1791378771,26737,4435
1791378773,26737,4434
1791378776,26737,4433
1791378778,26737,4435
1791378780,26737,4435
1791378782,26737,4434
1791378784,26737,4433
1791378786,26737,4434
1791378788,26737,4433
1791378790,26737,4433
1791378792,26737,4433
1791378794,26737,4434
1791378796,26737,4433
1791378798,26737,4433
1791378800,26737,4433
1791378802,26737,4431
1791378804,26737,4432
1791378806,26737,4432
1791378808,26737,4432
1791378810,26737,4433
1791378812,26737,4433
1791378814,26737,4431
1791378816,26737,4431
1791378818,26737,4430
1791378820,26737,4430
1791378822,26737,4431
1791378824,26737,4431
1791378826,26737,4431
1791378828,26737,4432
1791378830,26737,4431
1791378832,26849,4542
1791378834,26849,4542
1791378836,26849,4542
1791378838,26849,4542
1791378840,26849,4541
1791378842,26849,4542
1791378844,26849,4542
1791378846,26849,4542
1791378848,26849,4541
1791378850,26849,4541
1791378852,26849,4542
1791378854,26849,4541
1791378856,26849,4542
1791378858,26849,4543
1791378860,26849,4544
1791378862,26849,4543
1791378864,26849,4542
1791378866,26849,4542
1791378868,26849,4541
1791378870,26849,4540
1791378872,26849,4541
1791378874,26849,4541
1791378876,26849,4539
1791378878,26849,4539
1791378881,26849,4540
1791378883,26849,4540
1791378885,26849,4539
1791378887,26849,4539
1791378889,26849,4537
1791378891,26849,4537
1791378893,26849,4536
1791378895,26849,4536
1791378897,26849,4535
1791378899,26849,4535
1791378901,26849,4536
1791378903,26849,4536
1791378905,26849,4537
1791378907,26849,4537
1791378909,26849,4538
1791378911,26849,4538
1791378913,26849,4539
1791378915,26849,4538
1791378917,26849,4539
1791378919,26849,4540
1791378921,26849,4541
1791378923,26849,4541
1791378925,26849,4541
1791378927,26849,4539
1791378929,26849,4539
1791378931,26849,4538
1791378933,26849,4538
1791378935,26849,4538
1791378937,26849,4532
1791378939,26849,4534
1791378941,26849,4535
1791378943,26849,4535
1791378945,26849,4536
1791378947,26849,4536
1791378949,26849,4537
1791378951,26849,4537
1791378953,26849,4538
1791378955,26849,4539
1791378957,26849,4539
1791378959,26849,4539
1791378961,26849,4539
1791378963,26849,4542
1791378965,26849,4541
1791378967,26849,4542
1791378969,26849,4542
1791378971,26849,4542
1791378973,26849,4543
1791378975,26849,4543
1791378977,26849,4542
1791378979,26849,4542
1791378981,26849,4542
1791378983,26849,4542
1791378986,26849,4541
1791378988,26849,4541
1791378990,26849,4541
1791378992,26849,4541
1791378994,26849,4542
1791378996,26849,4542
1791378998,26849,4542
1791379000,26849,4542
1791379002,26849,4543
1791379004,26849,4541
1791379006,26849,4541
1791379008,26849,4652
1791379010,26849,4653
1791379012,26849,4655
1791379014,26849,4654
1791379016,26849,4652
1791379018,26849,4652
1791379020,26849,4652
1791379022,26849,4651
1791379024,26849,4651
1791379026,26849,4651
1791379028,26849,4652
1791379030,26849,4652
1791379032,26849,4653
1791379034,26849,4653
1791379036,26849,4652
1791379038,26849,4652
1791379040,26849,4652
1791379042,26849,4652
1791379044,26849,4651
1791379046,26849,4651
1791379048,26849,4652
1791379050,26849,4651
1791379052,26849,4651
1791379054,26849,4652
1791379056,26849,4651
1791379058,26849,4650
1791379060,26849,4650
1791379062,26849,4650
1791379064,26849,4651
1791379066,26849,4652
1791379068,26849,4653
1791379070,26849,4653
1791379072,26849,4653
1791379074,26849,4652
1791379076,26849,4653
1791379078,26849,4652
1791379080,26849,4650
1791379082,26849,4650
1791379084,26849,4652
1791379086,26849,4653
1791379088,26849,4653
1791379091,26849,4652
1791379093,26849,4651
1791379095,26849,4652
1791379097,26849,4653
1791379099,26849,4653
1791379101,26849,4653
1791379103,26849,4653
1791379105,26849,4653
1791379107,26849,4654
1791379109,26849,4655
1791379111,26849,4655
1791379113,26849,4655
1791379115,26849,4655
1791379117,26849,4654
1791379119,26849,4653
1791379121,26849,4652
1791379123,26849,4652
1791379125,26849,4653
1791379127,26849,4654
1791379129,26849,4655
1791379131,26849,4655
1791379133,26849,4655
1791379135,26849,4654
1791379137,26849,4653
1791379139,26849,4645
1791379141,26849,4644
1791379143,26849,4644
1791379145,26849,4642
1791379147,26849,4643
1791379149,26849,4644
1791379151,26849,4644
1791379153,26849,4644
1791379155,26849,4644
1791379157,26849,4643
1791379159,26849,4643
1791379161,26849,4642
1791379163,26849,4642
1791379165,26849,4641
1791379167,26849,4641
1791379169,26849,4634
1791379171,26849,4634
1791379173,26849,4635
1791379175,26849,4633
1791379177,26849,4632
1791379179,26849,4633
1791379181,26849,4634
1791379183,26849,4632
1791379185,26849,4633
1791379187,26849,4648
1791379189,26849,4650
1791379191,26849,4651
1791379193,26849,4651
1791379195,26849,4652
1791379198,26849,4652
1791379200,26849,4644
1791379202,26849,4644
1791379204,26849,4642
1791379206,26849,4643
1791379208,26849,4643
1791379210,26849,4679
1791379212,26849,4679
1791379214,26849,4681
1791379216,26849,4682
1791379218,26849,4682
1791379220,26849,4682
1791379222,26849,4683
1791379224,26849,4683
1791379226,26849,4684
1791379228,26849,4684
1791379230,26849,4684
1791379232,26849,4673
1791379234,26849,4672
1791379236,26849,4673
1791379238,26849,4673
1791379240,26849,4673
1791379242,26849,4674
1791379244,26849,4674
1791379246,26849,4674
1791379248,26849,4674
1791379250,26849,4674
1791379252,26849,4674
1791379254,26849,4675
1791379256,26849,4674
1791379258,26849,4675
1791379260,26849,4675
1791379262,26849,4664
1791379264,26849,4663
1791379266,26849,4663
1791379268,26849,4663
1791379270,26849,4663
1791379272,26849,4662
1791379274,26849,4661
1791379276,26849,4661
1791379278,26849,4661
1791379280,26849,4662
1791379282,26849,4662
1791379284,26849,4661
1791379286,26849,4660
1791379288,26849,4660
1791379290,26849,4660
1791379292,26849,4648
1791379294,26849,4649
1791379296,26849,4650
1791379298,26849,4650
1791379300,26849,4650
1791379303,26849,4649
1791379305,26849,4650
1791379307,26849,4650
1791379309,26849,4650
1791379311,26849,4649
1791379313,26849,4648
1791379315,26849,4647
1791379317,26849,4647
1791379319,26849,4647
1791379321,26849,4646
1791379323,26849,4642
1791379325,26849,4636
1791379327,26849,4637
1791379329,26849,4639
1791379331,26849,4638
1791379333,26849,4639
1791379335,26849,4638
1791379337,26849,4638
1791379339,26849,4638
1791379341,26849,4638
1791379343,26849,4639
1791379345,26849,4638
1791379347,26849,4638
1791379349,26849,4639
1791379351,26849,4639
1791379353,26849,4639
1791379355,26849,4629
1791379357,26849,4629
1791379359,26849,4628
1791379361,26849,4625
1791379363,26849,4625
1791379365,26849,4625
1791379367,26849,4673
1791379369,26849,4671
1791379371,26849,4671
1791379373,26849,4673
1791379375,26849,4674
1791379377,26849,4675
1791379379,26849,4675
1791379381,26849,4676
1791379383,26849,4677
1791379385,26849,4677
1791379387,26849,4666
1791379389,26849,4666
1791379391,26849,4665
1791379393,26849,4664
1791379395,26849,4665
1791379397,26849,4664
1791379399,26849,4664
1791379401,26849,4664
1791379403,26849,4663
1791379405,26849,4663
1791379408,26849,4664
1791379410,26849,4664
1791379412,26849,4664
1791379414,26849,4664
1791379416,26849,4663
1791379418,26849,4653
1791379420,26849,4652
1791379422,26849,4653
1791379424,26849,4654
1791379426,26849,4654
1791379428,26849,4654
1791379430,26849,4655
1791379432,26849,4654
1791379434,26849,4654
1791379436,26849,4654
1791379438,26849,4652
1791379440,26849,4653
1791379442,26849,4653
1791379444,26849,4653
1791379446,26849,4654
1791379448,26849,4647
1791379450,26849,4645
1791379452,26849,4645
1791379454,26849,4643
1791379456,26849,4644
1791379458,26849,4645
1791379460,26849,4645
1791379462,26849,4645
1791379464,26849,4645
1791379466,26849,4645
1791379468,26849,4645
1791379470,26849,4646
1791379472,26849,4646
1791379474,26849,4646
1791379476,26849,4645
1791379478,26849,4636
1791379480,26849,4636
1791379482,26849,4636
1791379484,26849,4634
1791379486,26849,4633
1791379488,26849,4635
1791379490,26849,4635
1791379492,26849,4635
1791379494,26849,4635
1791379496,26849,4634
1791379498,26849,4633
1791379500,26849,4633
1791379502,26849,4633
1791379504,26849,4633
1791379506,26849,4631
1791379508,26849,4623
1791379510,26849,4623
1791379513,26849,4623
1791379515,26849,4623
1791379517,26849,4623
1791379519,26849,4624
1791379521,26849,4624
1791379523,26849,4623
1791379525,26849,4623
1791379527,26849,4623
1791379529,26849,4624
1791379531,26849,4625
1791379533,26849,4624
1791379535,26849,4624
1791379537,26849,4624
1791379539,26849,4626
1791379541,26849,4618
1791379543,26849,4616
1791379545,26850,4662
1791379547,26850,4661
1791379549,26850,4660
1791379551,26850,4661
1791379553,26850,4661
1791379555,26850,4662
1791379557,26850,4662
1791379559,26850,4662
1791379561,26850,4662
1791379563,26850,4663
1791379565,26850,4663
1791379567,26850,4664
1791379569,26850,4663
1791379571,26850,4655
1791379573,26850,4655
1791379575,26850,4655
1791379577,26850,4653
1791379579,26850,4653
1791379581,26850,4653
1791379583,26850,4654
1791379585,26850,4655
1791379587,26850,4655
1791379589,26850,4656
1791379591,26850,4655
1791379593,26850,4655
1791379595,26850,4654
1791379597,26850,4655
1791379599,26850,4654
1791379601,26850,4647
1791379603,26850,4647
1791379605,26850,4648
1791379607,26850,4648
1791379609,26850,4648
1791379611,26850,4648
1791379613,26850,4647
1791379615,26850,4647
1791379617,26850,4646
1791379620,26850,4645
1791379622,26850,4646
1791379624,26850,4646
1791379626,26850,4645
1791379628,26850,4646
1791379630,26850,4646
1791379632,26850,4638
1791379634,26850,4640
1791379636,26850,4639
1791379638,26850,4639
1791379640,26850,4639
1791379642,26850,4637
1791379644,26850,4638
1791379646,26850,4637
1791379648,26850,4636
1791379650,26850,4636
1791379652,26850,4637
1791379654,26850,4634
1791379656,26850,4635
1791379658,26850,4635
1791379660,26850,4635
1791379662,26850,4636
1791379664,26850,4628
1791379666,26850,4627
1791379668,26850,4626
1791379670,26850,4627
1791379672,26850,4627
1791379674,26850,4627
1791379676,26850,4625
1791379678,26850,4626
1791379680,26850,4626
1791379682,26850,4626
1791379684,26850,4626
1791379686,26850,4626
1791379688,26850,4626
1791379690,26850,4625
1791379692,26850,4625
1791379694,26850,4617
1791379696,26850,4617
1791379698,26850,4617
1791379700,26850,4617
1791379702,26850,4617
1791379704,26850,4618
1791379706,26850,4618
1791379708,26850,4617
1791379710,26850,4615
1791379712,26850,4616
1791379714,26850,4616
1791379716,26850,4616
1791379718,26851,4656
1791379720,26851,4656
1791379723,26851,4656
1791379725,26851,4649
1791379727,26851,4649
1791379729,26851,4649
1791379731,26851,4648
1791379733,26851,4648
1791379735,26851,4649
1791379737,26851,4648
1791379739,26851,4649
1791379741,26851,4648
1791379743,26851,4648
1791379745,26851,4649
1791379747,26851,4649
1791379749,26851,4647
1791379751,26851,4647
1791379753,26851,4648
1791379755,26851,4641
1791379757,26851,4642
1791379759,26851,4642
1791379761,26851,4641
1791379763,26851,4641
1791379765,26851,4641
1791379767,26851,4641
1791379769,26851,4641
1791379771,26851,4641
1791379773,26851,4641
1791379775,26851,4639
1791379777,26851,4639
1791379779,26851,4639
1791379781,26851,4641
1791379783,26851,4641
1791379785,26851,4633
1791379787,26851,4633
1791379789,26851,4633
1791379791,26851,4633
1791379793,26851,4633
1791379795,26851,4632
1791379797,26851,4633
1791379799,26851,4632
1791379801,26851,4632
1791379803,26851,4632
1791379805,26851,4633
1791379807,26851,4632
1791379809,26851,4631
1791379811,26851,4631
1791379813,26851,4633
1791379815,26851,4633
1791379817,26851,4626
1791379819,26851,4626
1791379821,26851,4626
1791379823,26851,4625
1791379825,26851,4623
1791379828,26851,4624
1791379830,26851,4623
1791379832,26851,4623
1791379834,26851,4622
1791379836,26851,4622
1791379838,26851,4620
1791379840,26851,4621
1791379842,26851,4622
1791379844,26851,4622
1791379846,26851,4624
1791379848,26851,4616
1791379850,26851,4617
1791379852,26851,4618
1791379854,26851,4618
1791379856,26851,4618
1791379858,26851,4618
1791379860,26851,4619
1791379862,26851,4618
1791379864,26851,4618
1791379866,26851,4618
1791379868,26851,4617
1791379870,26851,4617
1791379872,26851,4616
1791379874,26851,4617
1791379876,26851,4618
1791379878,26851,4619
1791379880,26851,4613
1791379882,26851,4614
1791379884,26851,4614
1791379886,26851,4614
1791379888,26851,4612
1791379890,26851,4612
1791379892,26851,4612
1791379894,26851,4613
1791379896,26851,4660
1791379898,26851,4661
1791379900,26851,4662
1791379902,26851,4662
1791379904,26853,4662
1791379906,26853,4662
1791379908,26206,4010
1791379910,26206,4009
1791379912,26206,4007
1791379914,26206,4008
1791379916,26206,4008
1791379918,26206,4008
1791379920,26206,4008
1791379922,26206,4007
1791379924,26206,4007
1791379926,26206,4007
1791379928,26206,4007
1791379930,26206,4008
1791379933,26206,4008
1791379935,26206,4010
1791379937,26206,4010
1791379939,26206,4010
1791379941,26206,4002
1791379943,26206,4002
1791379945,26206,4001
1791379947,26206,4001
1791379949,26206,4001
1791379951,26206,4000
1791379953,26206,4000
1791379955,26206,4001
1791379957,26206,4000
1791379959,26206,4001
1791379961,26206,3999
1791379963,26206,4000
1791379965,26206,3999
1791379967,26206,4001
1791379969,26206,4002
1791379971,26206,4000
1791379973,26206,3992
1791379975,26206,3992
1791379977,26206,3993
1791379979,26206,3992
1791379981,26206,3992
1791379983,26206,3993
1791379985,26206,3993
1791379987,26206,3993
1791379989,26206,3993
1791379991,26206,3994
1791379993,26206,3995
1791379995,26206,3994
1791379997,26206,3995
1791379999,26206,3995
1791380001,26206,3994
1791380003,26206,3985
1791380005,26206,3984
1791380007,26206,3985
1791380009,26206,3984
1791380011,26206,3984
1791380013,26206,3985
1791380015,26206,3984
1791380017,26206,3984
1791380019,26206,3984
1791380021,26206,3984
1791380023,26206,3983
1791380025,26206,3983
1791380027,26206,3982
1791380029,26206,3983
1791380031,26206,3984
1791380033,26206,3975
1791380035,26206,3973
1791380038,26206,3973
1791380040,26206,3973
1791380042,26206,3973
1791380044,26206,3974
1791380046,26206,3975
1791380048,26206,3975
1791380050,26206,3975
1791380052,26206,3974
1791380054,26206,3975
1791380056,26206,3975
1791380058,26206,3974
1791380060,26206,3974
1791380062,26206,3973
1791380064,26206,3965
1791380066,26206,3965
1791380068,26206,3965
1791380070,26206,3964
1791380072,26206,3965
1791380074,26206,3965
1791380076,26206,3965
1791380078,26206,3964
1791380080,26206,3965
1791380082,26206,3965
1791380084,26206,3965
1791380086,26206,3963
1791380088,26319,4018
1791380090,26319,4017
1791380092,26319,4017
1791380094,26319,4017
1791380096,26319,4018
1791380098,26319,4017
1791380100,26319,4017
1791380102,26319,4016
1791380104,26319,4017
1791380106,26319,4018
1791380108,26319,4019
1791380110,26319,4019
1791380112,26319,4018
1791380114,26319,4016
1791380116,26319,4017
1791380118,26319,4016
1791380120,26319,4017
1791380122,26319,4016
1791380124,26319,4017
1791380126,26319,4017
1791380128,26319,4017
1791380130,26319,4017
1791380132,26319,4018
1791380134,26319,4017
1791380136,26319,4018
1791380138,26319,4018
1791380140,26319,4019
1791380142,26319,4015
1791380145,26319,4015
1791380147,26319,4015
1791380149,26319,4015
1791380151,26319,4015
1791380153,26319,4015
1791380155,26319,4015
1791380157,26319,4014
1791380159,26319,4014
1791380161,26319,4014
1791380163,26319,4013
1791380165,26319,4013
1791380167,26319,4014
1791380169,26319,4014
1791380171,26319,4014
1791380173,26319,4014
1791380175,26319,4014
1791380177,26319,4014
1791380179,26319,4013
1791380181,26319,4013
1791380183,26319,4013
1791380185,26319,4013
1791380187,26319,4013
1791380189,26319,4014
1791380191,26319,4014
1791380193,26319,4015
1791380195,26319,4013
1791380197,26319,4014
1791380199,26319,4014
1791380201,26319,4014
1791380203,26319,4013
1791380205,26319,4012
1791380207,26319,4013
1791380209,26319,4013
1791380211,26319,4013
1791380213,26319,4013
1791380215,26319,4012
1791380217,26319,4012
1791380219,26319,4011
1791380221,26319,4011
1791380223,26319,4010
1791380225,26319,4010
1791380227,26319,4009
1791380229,26319,4010
1791380231,26319,4011
1791380233,26319,4011
1791380235,26319,4012
1791380237,26319,4012
1791380239,26319,4012
1791380241,26319,4012
1791380243,26319,4012
1791380245,26319,4013
1791380247,26319,4014
1791380250,26319,4014
1791380252,26319,4012
1791380254,26319,4012
1791380256,26319,4012
1791380258,26319,4013
1791380260,26319,4012
1791380262,26319,4013
1791380264,26319,4013
1791380266,26431,4131
1791380268,26431,4131
1791380270,26431,4131
1791380272,26431,4129
1791380274,26431,4129
1791380276,26431,4129
1791380278,26431,4130
1791380280,26431,4129
1791380282,26431,4129
1791380284,26431,4130
1791380286,26431,4129
1791380288,26431,4129
1791380290,26431,4130
1791380292,26431,4131
1791380294,26431,4131
1791380296,26431,4131
1791380298,26431,4131
1791380300,26431,4132
1791380302,26431,4130
1791380304,26431,4129
1791380306,26431,4128
1791380308,26431,4128
1791380310,26431,4128
1791380312,26431,4129
1791380314,26431,4129
1791380316,26431,4130
1791380318,26431,4130
1791380320,26431,4131
1791380322,26431,4128
1791380324,26431,4128
1791380326,26431,4129
1791380328,26431,4129
1791380330,26431,4130
1791380332,26431,4130
1791380334,26431,4130
1791380336,26431,4129
1791380338,26431,4128
1791380340,26431,4128
1791380342,26431,4128
1791380344,26431,4128
1791380346,26431,4128
1791380348,26431,4128
1791380350,26431,4128
1791380352,26431,4130
1791380355,26431,4131
1791380357,26431,4131
1791380359,26431,4130
1791380361,26431,4131
1791380363,26431,4131
1791380365,26431,4132
1791380367,26431,4132
1791380369,26431,4133
1791380371,26431,4133
1791380373,26431,4133
1791380375,26431,4133
1791380377,26431,4133
1791380379,26431,4134
1791380381,26431,4134
1791380383,26431,4133
1791380385,26431,4133
1791380387,26431,4134
1791380389,26431,4134
1791380391,26431,4134
1791380393,26431,4135
1791380395,26431,4135
1791380397,26431,4135
1791380399,26431,4135
1791380401,26431,4135
1791380403,26431,4134
1791380405,26431,4132
1791380407,26431,4132
1791380409,26431,4132
1791380411,26431,4132
1791380413,26431,4133
1791380415,26431,4132
1791380417,26431,4133
1791380419,26431,4133
1791380421,26431,4133
1791380423,26431,4132
1791380425,26431,4132
1791380427,26431,4132
1791380429,26431,4132
1791380431,26431,4133
1791380433,26431,4131
1791380435,26431,4131
1791380437,26431,4130
1791380439,26431,4129
1791380441,26431,4130
1791380443,26543,4241
1791380445,26543,4242
1791380447,26543,4243
1791380449,26543,4243
1791380451,26543,4243
1791380453,26543,4244
1791380455,26543,4244
1791380457,26543,4244
1791380460,26543,4245
1791380462,26543,4245
1791380464,26543,4245
1791380466,26543,4245
1791380468,26543,4244
1791380470,26543,4244
1791380472,26543,4243
1791380474,26543,4243
1791380476,26543,4244
1791380478,26543,4244
1791380480,26543,4244
1791380482,26543,4245
1791380484,26543,4246
1791380486,26543,4246
1791380488,26543,4246
1791380490,26543,4246
1791380492,26543,4245
1791380494,26543,4245
1791380496,26543,4246
1791380498,26543,4245
1791380500,26543,4246
1791380502,26543,4246
1791380504,26543,4246
1791380506,26543,4246
1791380508,26543,4247
1791380510,26543,4246
1791380512,26543,4246
1791380514,26543,4246
1791380516,26543,4247
1791380518,26543,4247
1791380520,26543,4248
1791380522,26543,4248
1791380524,26543,4248
1791380526,26543,4248
1791380528,26543,4247
1791380530,26543,4248
1791380532,26543,4248
1791380534,26543,4249
1791380536,26543,4250
1791380538,26543,4250
1791380540,26543,4250
1791380542,26543,4250
1791380544,26543,4250
1791380546,26543,4250
1791380548,26543,4248
1791380550,26543,4249
1791380552,26543,4248
1791380554,26543,4248
1791380556,26543,4247
1791380558,26543,4248
1791380560,26543,4247
1791380562,26543,4248
1791380564,26543,4247
1791380567,26543,4247
1791380569,26543,4246
1791380571,26543,4246
1791380573,26543,4247
1791380575,26543,4247
1791380577,26543,4248
1791380579,26543,4248
1791380581,26543,4248
1791380583,26543,4248
1791380585,26543,4247
1791380587,26543,4247
1791380589,26543,4246
1791380591,26543,4246
1791380593,26543,4246
1791380595,26543,4245
1791380597,26543,4245
1791380599,26543,4245
1791380601,26543,4245
1791380603,26543,4245
1791380605,26543,4244
1791380607,26543,4244
1791380609,26543,4244
1791380611,26543,4244
1791380613,26543,4245
1791380615,26543,4244
1791380617,26543,4245
1791380619,26543,4246
1791380621,26543,4246
1791380623,26656,4354
1791380625,26656,4353
1791380627,26656,4352
1791380629,26656,4351
1791380631,26656,4353
1791380633,26656,4353
1791380635,26656,4354
1791380637,26656,4354
1791380639,26656,4355
1791380641,26656,4354
1791380643,26656,4353
1791380645,26656,4354
1791380647,26656,4354
1791380649,26656,4355
1791380651,26656,4355
1791380653,26656,4354
1791380655,26656,4352
1791380657,26656,4352
1791380659,26656,4352
1791380661,26656,4352
1791380663,26656,4353
1791380665,26656,4353
1791380667,26656,4353
1791380669,26656,4352
1791380672,26656,4353
1791380674,26656,4351
1791380676,26656,4350
1791380678,26656,4350
1791380680,26656,4349
1791380682,26656,4350
1791380684,26656,4350
1791380686,26656,4350
1791380688,26656,4350
1791380690,26656,4349
1791380692,26656,4350
1791380694,26656,4349
1791380696,26656,4349
1791380698,26656,4350
1791380700,26656,4351
1791380702,26656,4351
1791380704,26656,4351
1791380706,26656,4349
1791380708,26656,4349
1791380710,26656,4349
1791380712,26656,4351
1791380714,26656,4351
1791380716,26656,4350
1791380718,26656,4349
1791380720,26656,4348
1791380722,26656,4350
1791380724,26656,4349
1791380726,26656,4349
1791380728,26656,4349
1791380730,26656,4350
1791380732,26656,4350
1791380734,26656,4349
1791380736,26656,4350
1791380738,26656,4355
1791380740,26656,4355
1791380742,26656,4357
1791380744,26656,4356
1791380746,26656,4356
1791380748,26656,4356
1791380750,26656,4356
1791380752,26656,4357
1791380754,26656,4357
1791380756,26656,4357
1791380758,26656,4358
1791380760,26656,4358
1791380762,26656,4356
1791380764,26656,4356
1791380766,26656,4357
1791380768,26656,4357
1791380770,26656,4357
1791380772,26656,4356
1791380774,26656,4355
1791380777,26656,4355
1791380779,26656,4355
1791380781,26656,4354
1791380783,26656,4354
1791380785,26656,4353
1791380787,26656,4354
1791380789,26656,4354
1791380791,26656,4354
1791380793,26656,4354
1791380795,26656,4355
1791380797,26693,4394
1791380799,26768,4462
1791380801,26768,4463
1791380803,26768,4464
1791380805,26768,4463
1791380807,26768,4463
1791380809,26768,4463
1791380811,26768,4463
1791380813,26768,4463
1791380815,26768,4464
1791380817,26768,4464
1791380819,26768,4464
1791380821,26768,4464
1791380823,26768,4465
1791380825,26768,4465
1791380827,26768,4461
1791380829,26768,4462
1791380831,26768,4462
1791380833,26768,4463
1791380835,26768,4463
1791380837,26768,4464
1791380839,26768,4464
1791380841,26768,4463
1791380843,26768,4463
1791380845,26768,4465
1791380847,26768,4464
1791380849,26768,4465
1791380851,26768,4465
1791380853,26768,4465
1791380855,26768,4465
1791380857,26768,4466
1791380859,26768,4466
1791380861,26768,4464
1791380863,26768,4463
1791380865,26768,4462
1791380867,26768,4462
1791380869,26768,4462
1791380871,26768,4462
1791380873,26768,4461
1791380875,26768,4462
1791380877,26768,4463
1791380879,26768,4463
1791380881,26768,4463
1791380884,26768,4463
1791380886,26768,4463
1791380888,26768,4463
1791380890,26768,4463
1791380892,26768,4463
1791380894,26768,4463
1791380896,26768,4463
1791380898,26768,4462
1791380900,26768,4462
1791380902,26768,4461
1791380904,26768,4461
1791380906,26768,4462
1791380908,26768,4461
1791380910,26768,4462
1791380912,26768,4462
1791380914,26768,4462
1791380916,26768,4461
1791380918,26768,4461
1791380920,26768,4462
1791380922,26768,4462
1791380924,26768,4462
1791380926,26768,4462
1791380928,26768,4462
1791380930,26768,4461
1791380932,26768,4462
1791380934,26768,4462
1791380936,26768,4463
1791380938,26768,4463
1791380940,26768,4462
1791380942,26768,4463
1791380944,26768,4463
1791380946,26768,4463
1791380948,26768,4463
1791380950,26768,4464
1791380952,26768,4464
1791380954,26768,4463
1791380956,26768,4465
1791380958,26768,4465
1791380960,26768,4463
1791380962,26768,4463
1791380964,26768,4462
1791380966,26768,4463
1791380968,26768,4462
1791380970,26768,4462
1791380972,26768,4462
1791380974,26768,4462
1791380976,26880,4579
1791380978,26880,4580
1791380980,26880,4579
1791380982,26880,4579
1791380984,26880,4579
1791380987,26880,4580
1791380989,26880,4579
1791380991,26880,4579
1791380993,26880,4580
1791380995,26880,4578
1791380997,26880,4577
1791380999,26880,4577
1791381001,26880,4577
1791381003,26880,4577
1791381005,26880,4577
1791381007,26880,4578
1791381009,26880,4578
1791381011,26880,4578
1791381013,26880,4579
1791381015,26880,4580
1791381017,26880,4581
1791381019,26880,4580
1791381021,26880,4579
1791381023,26880,4579
1791381025,26880,4580
1791381027,26880,4578
1791381029,26880,4580
1791381031,26880,4580
1791381033,26880,4579
1791381035,26880,4577
1791381037,26880,4578
1791381039,26880,4580
1791381041,26880,4581
1791381043,26880,4582
1791381045,26880,4583
1791381047,26880,4584
1791381049,26880,4584
1791381051,26880,4585
1791381053,26880,4586
1791381055,26880,4586
1791381057,26880,4586
1791381059,26880,4585
1791381061,26880,4585
1791381063,26880,4584
1791381065,26880,4585
1791381067,26880,4587
1791381069,26880,4587
1791381071,26880,4588
1791381073,26880,4619
1791381075,26880,4620
1791381077,26880,4620
1791381079,26880,4620
1791381081,26880,4620
1791381083,26880,4620
1791381085,26880,4616
1791381087,26880,4617
1791381089,26880,4617
1791381092,26880,4616
1791381094,26880,4617
1791381096,26880,4617
1791381098,26880,4618
1791381100,26880,4618
1791381102,26880,4619
1791381104,26880,4618
1791381106,26880,4618
1791381108,26880,4618
1791381110,26880,4618
1791381112,26880,4619
1791381114,26880,4617
1791381116,26880,4617
1791381118,26880,4615
1791381120,26880,4616
1791381122,26880,4616
1791381124,26880,4614
1791381126,26880,4614
1791381128,26880,4614
1791381130,26880,4614
1791381132,26880,4615
1791381134,26880,4616
1791381136,26880,4616
1791381138,26880,4615
1791381140,26880,4616
1791381142,26880,4616
1791381144,26880,4615
1791381146,26880,4616
1791381148,26880,4613
1791381150,26880,4614
1791381152,26880,4614
1791381154,26880,4613
1791381156,26881,4722
1791381158,26881,4720
1791381160,26881,4720
1791381162,26881,4720
1791381164,26881,4721
1791381166,26881,4720
1791381168,26881,4721
1791381170,26881,4721
1791381172,26881,4721
1791381174,26881,4719
1791381176,26881,4719
1791381178,26881,4719
1791381180,26881,4716
1791381182,26881,4716
1791381184,26881,4714
1791381186,26881,4714
1791381188,26881,4715
1791381190,26881,4715
1791381192,26881,4716
1791381194,26881,4716
1791381197,26881,4716
1791381199,26881,4716
1791381201,26881,4716
1791381203,26881,4716
1791381205,26881,4716
1791381207,26881,4717
1791381209,26881,4715
1791381211,26881,4715
1791381213,26881,4715
1791381215,26881,4716
1791381217,26881,4716
1791381219,26881,4716
1791381221,26881,4716
1791381223,26881,4715
1791381225,26881,4715
1791381227,26881,4716
1791381229,26881,4716
1791381231,26881,4716
1791381233,26881,4716
1791381235,26881,4714
1791381237,26881,4714
1791381239,26881,4713
1791381241,26881,4713
1791381243,26881,4714
1791381245,26881,4714
1791381247,26881,4713
1791381249,26881,4711
1791381251,26881,4712
1791381253,26881,4712
1791381255,26881,4712
1791381257,26881,4712
1791381259,26881,4710
1791381261,26881,4710
1791381263,26881,4710
1791381265,26881,4710
1791381267,26881,4707
1791381269,26881,4707
1791381271,26881,4708
1791381273,26881,4708
1791381275,26881,4709
1791381277,26881,4708
1791381279,26881,4707
1791381281,26881,4707
1791381283,26881,4708
1791381285,26881,4708
1791381287,26881,4708
1791381289,26881,4707
1791381291,26881,4709
1791381293,26881,4708
1791381295,26881,4708
1791381297,26881,4701
1791381299,26881,4701
1791381301,26881,4700
1791381304,26881,4701
1791381306,26881,4700
1791381308,26881,4700
1791381310,26881,4700
1791381312,26881,4701
1791381314,26881,4701
1791381316,26881,4701
1791381318,26881,4701
1791381320,26881,4701
1791381322,26881,4701
1791381324,26881,4700
1791381326,26881,4700
1791381328,26881,4700
1791381330,26881,4692
1791381332,26881,4716
1791381334,26881,4715
1791381336,26881,4716
1791381338,26881,4717
1791381340,26881,4716
1791381342,26881,4716
1791381344,26881,4716
1791381346,26881,4714
1791381348,26881,4715
1791381350,26881,4716
1791381352,26881,4716
1791381354,26881,4716
1791381356,26881,4716
1791381358,26881,4714
1791381360,26881,4705
1791381362,26881,4705
1791381364,26881,4704
1791381366,26881,4704
1791381368,26881,4702
1791381370,26881,4702
1791381372,26881,4702
1791381374,26881,4702
1791381376,26881,4704
1791381378,26881,4703
1791381380,26881,4703
1791381382,26881,4705
1791381384,26881,4705
1791381386,26881,4705
1791381388,26881,4704
1791381390,26881,4704
1791381392,26881,4696
1791381394,26881,4697
1791381396,26881,4694
1791381398,26881,4694
1791381400,26881,4693
1791381402,26881,4693
1791381404,26881,4694
1791381406,26881,4694
1791381409,26881,4694
1791381411,26881,4694
1791381413,26881,4695
1791381415,26881,4696
1791381417,26881,4696
1791381419,26881,4698
1791381421,26881,4698
1791381423,26881,4690
1791381425,26881,4690
1791381427,26881,4688
1791381429,26881,4688
1791381431,26881,4688
1791381433,26881,4687
1791381435,26881,4688
1791381437,26881,4687
1791381439,26881,4687
1791381441,26881,4687
1791381443,26881,4687
1791381445,26881,4687
1791381447,26881,4687
1791381449,26881,4686
1791381451,26881,4687
1791381453,26881,4680
1791381455,26881,4680
1791381457,26881,4679
1791381459,26881,4678
1791381461,26881,4679
1791381463,26881,4677
1791381465,26881,4675
1791381467,26881,4674
1791381469,26881,4675
1791381471,26881,4676
1791381473,26881,4676
1791381475,26881,4676
1791381477,26881,4677
1791381479,26881,4677
1791381481,26881,4677
1791381483,26881,4670
1791381485,26881,4669
1791381487,26881,4671
1791381489,26881,4670
1791381491,26881,4671
1791381493,26881,4670
1791381495,26881,4667
1791381497,26881,4668
1791381499,26881,4668
1791381501,26881,4669
1791381503,26881,4668
1791381505,26881,4669
1791381507,26881,4708
1791381509,26881,4708
1791381511,26881,4706
1791381513,26881,4699
1791381516,26881,4699
1791381518,26881,4700
1791381520,26881,4699
1791381522,26881,4699
1791381524,26881,4699
1791381526,26881,4699
1791381528,26881,4698
1791381530,26881,4695
1791381532,26881,4695
1791381534,26881,4697
1791381536,26881,4697
1791381538,26881,4696
1791381540,26881,4696
1791381542,26881,4696
1791381544,26881,4694
1791381546,26881,4686
1791381548,26881,4687
1791381550,26881,4688
1791381552,26881,4688
1791381554,26881,4688
1791381556,26881,4689
1791381558,26881,4688
1791381560,26881,4688
1791381562,26881,4689
1791381564,26881,4690
1791381566,26881,4691
1791381568,26881,4690
1791381570,26881,4689
1791381572,26881,4689
1791381574,26881,4688
1791381576,26881,4682
1791381578,26881,4683
1791381580,26881,4682
1791381582,26881,4681
1791381584,26881,4683
1791381586,26881,4682
1791381588,26881,4683
1791381590,26881,4683
1791381592,26881,4683
1791381594,26881,4683
1791381596,26881,4684
1791381598,26881,4684
1791381600,26881,4682
1791381602,26881,4682
1791381604,26881,4682
1791381606,26881,4674
1791381608,26881,4673
1791381610,26881,4673
1791381612,26881,4673
1791381614,26881,4673
1791381616,26881,4673
1791381618,26881,4673
1791381621,26881,4674
1791381623,26881,4673
1791381625,26881,4674
1791381627,26881,4674
1791381629,26881,4674
1791381631,26881,4674
1791381633,26881,4673
1791381635,26881,4672
1791381637,26881,4666
1791381639,26881,4666
1791381641,26881,4667
1791381643,26881,4667
1791381645,26881,4667
1791381647,26881,4666
1791381649,26881,4666
1791381651,26881,4666
1791381653,26881,4665
1791381655,26881,4666
1791381657,26881,4666
1791381659,26881,4665
1791381661,26881,4665
1791381663,26881,4666
1791381665,26881,4665
1791381667,26881,4660
1791381669,26881,4660
1791381671,26881,4658
1791381673,26881,4657
1791381675,26881,4658
1791381677,26881,4659
1791381679,26881,4659
1791381681,26881,4658
1791381683,26881,4658
1791381685,26881,4699
1791381687,26881,4699
1791381689,26881,4699
1791381691,26881,4699
1791381693,26881,4698
1791381695,26881,4698
1791381697,26881,4698
1791381699,26881,4691
1791381701,26881,4691
1791381703,26881,4690
1791381705,26881,4691
1791381707,26881,4689
1791381709,26881,4689
1791381711,26881,4691
1791381713,26881,4692
1791381715,26881,4691
1791381717,26881,4692
1791381719,26881,4691
1791381721,26881,4691
1791381723,26881,4692
1791381726,26881,4692
1791381728,26881,4692
1791381730,26881,4684
1791381732,26881,4685
1791381734,26881,4685
1791381736,26881,4683
1791381738,26881,4681
1791381740,26881,4683
1791381742,26881,4684
1791381744,26881,4684
1791381746,26881,4684
1791381748,26881,4685
1791381750,26881,4686
1791381752,26881,4686
1791381754,26881,4687
1791381756,26881,4688
1791381758,26881,4688
1791381760,26881,4678
1791381762,26881,4678
1791381764,26881,4677
1791381766,26881,4676
1791381768,26881,4677
1791381770,26881,4678
1791381772,26881,4679
1791381774,26881,4679
1791381776,26881,4680
1791381778,26881,4680
1791381780,26881,4679
1791381782,26881,4680
1791381784,26881,4680
1791381786,26881,4681
1791381788,26881,4681
1791381790,26881,4673
1791381792,26881,4673
1791381794,26881,4672
1791381796,26881,4672
1791381798,26881,4671
1791381800,26881,4672
1791381802,26881,4671
1791381804,26881,4671
1791381806,26881,4671
1791381808,26881,4672
1791381810,26881,4672
1791381812,26881,4672
1791381814,26881,4672
1791381816,26881,4673
1791381818,26881,4672
1791381820,26881,4672
1791381822,26881,4665
1791381824,26881,4665
1791381826,26881,4665
1791381828,26881,4662
1791381831,26881,4661
1791381833,26881,4661
1791381835,26881,4662
1791381837,26881,4662
1791381839,26881,4661
1791381841,26881,4661
1791381843,26881,4661
1791381845,26881,4660
1791381847,26881,4660
1791381849,26881,4661
1791381851,26881,4661
1791381853,26881,4653
1791381855,26881,4652
1791381857,26881,4651
1791381859,26881,4698
1791381861,26881,4697
1791381863,26881,4698
1791381865,26881,4697
1791381867,26881,4698
1791381869,26881,4696
1791381871,26881,4697
1791381873,26881,4697
1791381875,26881,4698
1791381877,26881,4697
1791381879,26881,4698
1791381881,26881,4698
1791381883,26881,4698
1791381885,26881,4689
1791381887,26881,4689
1791381889,26881,4690
1791381891,26881,4690
1791381893,26881,4691
1791381895,26881,4691
1791381897,26881,4691
1791381899,26881,4691
1791381901,26881,4691
1791381903,26881,4691
1791381905,26881,4691
1791381907,26881,4692
1791381909,26881,4692
1791381911,26881,4691
1791381913,26881,4689
1791381915,26881,4681
1791381917,26881,4682
1791381919,26881,4682
1791381921,26881,4681
1791381923,26881,4681
1791381925,26881,4681
1791381927,26881,4680
1791381929,26881,4679
1791381931,26881,4679
1791381933,26881,4676
1791381936,26881,4677
1791381938,26881,4677
1791381940,26881,4678
1791381942,26881,4678
1791381944,26881,4679
1791381946,26881,4672
1791381948,26881,4672
1791381950,26881,4673
1791381952,26881,4673
1791381954,26881,4673
1791381956,26881,4674
1791381958,26881,4674
1791381960,26881,4672
1791381962,26881,4672
1791381964,26881,4671
1791381966,26881,4670
1791381968,26881,4671
1791381970,26881,4671
1791381972,26881,4672
1791381974,26881,4673
1791381976,26881,4673
1791381978,26881,4666
1791381980,26881,4664
1791381982,26881,4665
1791381984,26881,4663
1791381986,26881,4663
1791381988,26881,4663
1791381990,26881,4665
1791381992,26881,4664
1791381994,26881,4666
1791381996,26881,4665
1791381998,26881,4665
1791382000,26881,4664
1791382002,26881,4665
1791382004,26881,4664
1791382006,26881,4664
1791382008,26881,4655
1791382010,26881,4655
1791382012,26881,4654
1791382014,26881,4652
1791382016,26881,4653
1791382018,26881,4653
1791382020,26881,4652
1791382022,26881,4653
1791382024,26881,4653
1791382026,26881,4654
1791382028,26881,4654
1791382030,26881,4655
1791382032,26882,4692
1791382034,26882,4693
1791382036,26882,4693
1791382038,26882,4686
1791382041,26882,4688
1791382043,26882,4687
1791382045,26882,4686
1791382047,26882,4686
1791382049,26882,4687
1791382051,26882,4686
1791382053,26882,4686
1791382055,26882,4686
1791382057,26882,4686
1791382059,26882,4686
1791382061,26882,4686
1791382063,26882,4685
1791382065,26882,4687
1791382067,26882,4687
1791382069,26882,4679
1791382071,26882,4679
1791382073,26882,4680
1791382075,26882,4680
1791382077,26882,4680
1791382079,26882,4679
1791382081,26882,4680
1791382083,26882,4681
1791382085,26882,4681
1791382087,26882,4681
1791382089,26882,4681
1791382091,26882,4681
1791382093,26882,4681
1791382095,26882,4682
1791382097,26882,4681
1791382099,26882,4674
1791382101,26882,4672
1791382103,26882,4672
1791382105,26882,4673
1791382107,26882,4672
1791382109,26882,4672
1791382111,26882,4672
1791382113,26882,4672
1791382115,26882,4673
1791382117,26882,4670
1791382119,26882,4671
1791382121,26882,4672
1791382123,26882,4673
1791382125,26882,4674
1791382127,26882,4674
1791382129,26882,4674
1791382131,26882,4665
1791382133,26882,4665
1791382135,26882,4665
1791382137,26882,4665
1791382139,26882,4664
1791382141,26882,4666
1791382143,26882,4667
1791382145,26882,4667
1791382148,26882,4667
1791382150,26882,4668
1791382152,26882,4668
1791382154,26882,4669
1791382156,26882,4667
1791382158,26882,4668
1791382160,26882,4669
1791382162,26882,4662
1791382164,26882,4662
1791382166,26882,4662
1791382168,26882,4663
1791382170,26882,4663
1791382172,26882,4663
1791382174,26882,4664
1791382176,26882,4664
1791382178,26882,4665
1791382180,26882,4665
1791382182,26882,4665
1791382184,26882,4664
1791382186,26882,4664
1791382188,26882,4664
1791382190,26882,4664
1791382192,26882,4657
1791382194,26882,4657
1791382196,26882,4657
1791382198,26882,4657
1791382200,26882,4657
1791382202,26882,4654
1791382204,26882,4656
1791382206,26882,4656
1791382208,26882,4656
1791382210,26883,4704
1791382212,26883,4705
1791382214,26883,4705
1791382216,26883,4705
1791382218,26883,4705
1791382220,26883,4706
1791382222,26883,4696
1791382224,26883,4696
1791382226,26883,4697
1791382228,26883,4697
1791382230,26883,4698
1791382232,26883,4698
1791382234,26883,4698
1791382236,26883,4700
1791382238,26883,4701
1791382240,26883,4701
1791382242,26883,4702
1791382244,26883,4702
1791382246,26883,4703
1791382248,26883,4703
1791382250,26883,4704
1791382253,26883,4704
1791382255,26883,4695
1791382257,26883,4695
1791382259,26883,4696
1791382261,26883,4693
1791382263,26883,4692
1791382265,26883,4692
1791382267,26883,4692
1791382269,26883,4690
1791382271,26883,4689
1791382273,26883,4690
1791382275,26883,4690
1791382277,26883,4691
1791382279,26883,4692
1791382281,26883,4690
1791382283,26883,4691
1791382285,26883,4684
1791382287,26883,4683
1791382289,26883,4684
1791382291,26883,4684
1791382293,26883,4684
1791382295,26883,4684
1791382297,26883,4683
1791382299,26883,4683
1791382301,26883,4684
1791382303,26883,4683
1791382305,26883,4683
1791382307,26883,4683
1791382309,26883,4683
1791382311,26883,4683
1791382313,26883,4683
1791382315,26883,4676
1791382317,26883,4677
1791382319,26883,4676
1791382321,26883,4676
1791382323,26883,4675
1791382325,26883,4675
1791382327,26883,4676
1791382329,26883,4676
1791382331,26883,4677
1791382333,26883,4676
1791382335,26883,4673
1791382337,26883,4673
1791382339,26883,4673
1791382341,26883,4674
1791382343,26883,4675
1791382345,26883,4667
1791382347,26883,4667
1791382349,26883,4667
1791382351,26883,4668
1791382353,26883,4669
1791382355,26883,4668
1791382357,26883,4667
1791382360,26883,4666
1791382362,26883,4666
1791382364,26883,4666
1791382366,26883,4665
1791382368,26883,4665
1791382370,26883,4665
1791382372,26883,4666
1791382374,26883,4667
1791382376,26883,4659
1791382378,26883,4660
1791382380,26883,4660
1791382382,26883,4661
1791382384,26883,4659
1791382386,26883,4659
1791382388,26883,4659
1791382390,26883,4660
1791382392,26883,4703
1791382394,26883,4704
1791382396,26883,4705
1791382398,26883,4704
1791382400,26883,4705
1791382402,26883,4704
1791382404,26883,4705
1791382406,26883,4705
1791382408,26883,4697
1791382410,26883,4697
1791382412,26883,4697
1791382414,26883,4696
1791382416,26883,4694
1791382418,26883,4694
1791382420,26883,4693
1791382422,26883,4692
1791382424,26883,4693
1791382426,26883,4692
1791382428,26883,4693
1791382430,26883,4692
1791382432,26883,4693
1791382434,26883,4693
1791382436,26883,4692
1791382438,26883,4692
1791382440,26883,4684
1791382442,26883,4685
1791382444,26883,4685
1791382446,26883,4685
1791382448,26883,4685
1791382450,26883,4685
1791382452,26883,4685
1791382454,26883,4685
1791382456,26883,4684
1791382458,26883,4683
1791382460,26883,4683
1791382462,26883,4684
1791382464,26883,4684
1791382467,26883,4684
1791382469,26883,4684
1791382471,26883,4677
1791382473,26883,4677
1791382475,26883,4677
1791382477,26883,4674
1791382479,26883,4674
1791382481,26883,4673
1791382483,26883,4673
1791382485,26884,4697
1791382487,26884,4695
1791382489,26884,4695
1791382491,26215,4045
1791382493,26215,4047
1791382495,26215,4047
1791382497,26215,4045
1791382499,26215,4044
1791382501,26215,4037
1791382503,26215,4037
1791382505,26215,4038
1791382507,26215,4038
1791382509,26215,4037
1791382511,26215,4036
1791382513,26215,4035
1791382515,26215,4034
1791382517,26215,4035
1791382519,26215,4035
1791382521,26215,4036
1791382523,26215,4037
1791382525,26215,4037
1791382527,26215,4038
1791382529,26215,4039
1791382531,26215,4033
1791382533,26215,4032
1791382535,26215,4033
1791382537,26215,4030
1791382539,26215,4031
1791382541,26215,4033
1791382543,26215,4032
1791382545,26215,4033
1791382547,26215,4034
1791382549,26215,4034
1791382551,26215,4034
1791382553,26215,4033
1791382555,26215,4034
1791382557,26215,4034
1791382559,26215,4034
1791382561,26215,4036
1791382563,26215,4029
1791382565,26215,4029
1791382567,26215,4029
1791382570,26215,4029
1791382572,26215,4030
1791382574,26215,4029
1791382576,26215,4029
1791382578,26215,4029
1791382580,26215,4029
1791382582,26215,4029
1791382584,26215,4031
1791382586,26215,4031
1791382588,26215,4031
1791382590,26215,4031
1791382592,26215,4031
1791382594,26215,4020
1791382596,26215,4020
1791382598,26215,4020
1791382600,26215,4020
1791382602,26215,4019
1791382604,26215,4020
1791382606,26215,4020
1791382608,26215,4021
1791382610,26215,4021
1791382612,26215,4021
1791382614,26215,4022
1791382616,26215,4022
1791382618,26215,4021
1791382620,26215,4021
1791382622,26215,4021
1791382624,26215,4011
1791382626,26215,4010
1791382628,26215,4011
1791382630,26215,4012
1791382632,26215,4012
1791382634,26215,4011
1791382636,26215,4012
1791382638,26215,4012
1791382640,26215,4011
1791382642,26215,4012
1791382644,26215,4012
1791382646,26215,4012
1791382648,26215,4012
1791382650,26215,4012
1791382652,26215,4012
1791382654,26215,4003
1791382656,26215,4002
1791382658,26215,4001
1791382660,26215,4001
1791382662,26215,4001
1791382664,26215,4001
1791382666,26215,4000
1791382668,26215,4001
1791382670,26327,4047
1791382672,26327,4047
1791382674,26327,4048
1791382677,26327,4049
1791382679,26327,4050
1791382681,26327,4049
1791382683,26327,4051
1791382685,26327,4052
1791382687,26327,4051
1791382689,26327,4050
1791382691,26327,4050
1791382693,26327,4051
1791382695,26327,4050
1791382697,26327,4050
1791382699,26327,4049
1791382701,26327,4049
1791382703,26327,4049
1791382705,26327,4049
1791382707,26327,4049
1791382709,26327,4050
1791382711,26327,4051
1791382713,26327,4051
1791382715,26327,4052
1791382717,26327,4050
1791382719,26327,4050
1791382721,26327,4049
1791382723,26327,4049
1791382725,26327,4049
1791382727,26327,4047
1791382729,26327,4048
1791382731,26327,4048
1791382733,26327,4048
1791382735,26327,4048
1791382737,26327,4048
1791382739,26327,4050
1791382741,26327,4049
1791382743,26327,4049
1791382745,26327,4049
1791382747,26327,4050
1791382749,26327,4048
1791382751,26327,4048
1791382753,26327,4047
1791382755,26327,4047
1791382757,26327,4047
1791382759,26327,4046
1791382761,26327,4047
1791382763,26327,4047
1791382765,26327,4047
1791382767,26327,4047
1791382769,26327,4048
1791382771,26327,4047
1791382773,26327,4045
1791382775,26327,4045
1791382777,26327,4045
1791382779,26327,4044
1791382781,26327,4045
1791382784,26327,4046
1791382786,26327,4046
1791382788,26327,4045
1791382790,26327,4046
1791382792,26327,4046
1791382794,26327,4046
1791382796,26327,4047
1791382798,26327,4046
1791382800,26327,4045
1791382802,26327,4044
1791382804,26327,4045
1791382806,26327,4045
1791382808,26327,4046
1791382810,26327,4046
1791382812,26327,4046
1791382814,26327,4046
1791382816,26327,4044
1791382818,26327,4044
1791382820,26327,4043
1791382822,26327,4043
1791382824,26327,4045
1791382826,26327,4045
1791382828,26327,4046
1791382830,26327,4045
1791382832,26327,4045
1791382834,26327,4043
1791382836,26327,4045
1791382838,26327,4043
1791382840,26327,4043
1791382842,26327,4044
1791382844,26327,4045
1791382846,26327,4046
1791382848,26327,4042
1791382850,26440,4160
1791382852,26440,4161
1791382854,26440,4161
1791382856,26440,4161
1791382858,26440,4161
1791382860,26440,4161
1791382862,26440,4161
1791382864,26440,4163
1791382866,26440,4162
1791382868,26440,4163
1791382870,26440,4163
1791382872,26440,4162
1791382874,26440,4161
1791382876,26440,4162
1791382878,26440,4162
1791382880,26440,4161
1791382882,26440,4160
1791382884,26440,4160
1791382886,26440,4161
1791382889,26440,4162
1791382891,26440,4163
1791382893,26440,4164
1791382895,26440,4164
1791382897,26440,4164
1791382899,26440,4165
1791382901,26440,4164
1791382903,26440,4165
1791382905,26440,4164
1791382907,26440,4163
1791382909,26440,4162
1791382911,26440,4160
1791382913,26440,4159
1791382915,26440,4159
1791382917,26440,4158
1791382919,26440,4160
1791382921,26440,4162
1791382923,26440,4161
1791382925,26440,4162
1791382927,26440,4163
1791382929,26440,4163
1791382931,26440,4163
1791382933,26440,4162
1791382935,26440,4162
1791382937,26440,4196
1791382939,26440,4196
1791382941,26440,4193
1791382943,26440,4193
1791382945,26440,4193
1791382947,26440,4193
1791382949,26440,4194
1791382951,26440,4194
1791382953,26440,4193
1791382955,26440,4194
1791382957,26440,4193
1791382959,26440,4194
1791382961,26440,4191
1791382963,26440,4191
1791382965,26440,4189
1791382967,26440,4189
1791382969,26440,4189
1791382971,26440,4188
1791382973,26440,4188
1791382975,26440,4188
1791382977,26440,4188
1791382979,26440,4188
1791382981,26440,4189
1791382983,26440,4186
1791382985,26440,4186
1791382987,26440,4186
1791382989,26440,4185
1791382991,26440,4185
1791382994,26440,4182
1791382996,26440,4182
1791382998,26440,4181
1791383000,26440,4180
1791383002,26440,4179
1791383004,26440,4178
1791383006,26440,4176
1791383008,26440,4177
1791383010,26440,4178
1791383012,26440,4178
1791383014,26440,4181
1791383016,26440,4181
1791383018,26440,4182
1791383020,26440,4182
1791383022,26440,4182
1791383024,26440,4179
1791383026,26440,4180
1791383028,26440,4180
1791383030,26440,4181
1791383032,26552,4292
1791383034,26552,4292
1791383036,26552,4292
1791383038,26552,4293
1791383040,26552,4293
1791383042,26552,4291
1791383044,26552,4292
1791383046,26552,4292
1791383048,26552,4292
1791383050,26552,4292
1791383052,26552,4293
1791383054,26552,4291
1791383056,26552,4292
1791383058,26552,4292
1791383060,26552,4291
1791383062,26552,4290
1791383064,26552,4289
1791383066,26552,4291
1791383068,26552,4291
1791383070,26552,4292
1791383072,26552,4292
1791383074,26552,4292
1791383076,26552,4292
1791383078,26552,4293
1791383080,26552,4292
1791383082,26552,4291
1791383084,26552,4290
1791383086,26552,4291
1791383088,26552,4291
1791383090,26552,4290
1791383092,26552,4290
1791383094,26552,4290
1791383096,26552,4290
1791383099,26552,4288
1791383101,26552,4288
1791383103,26552,4289
1791383105,26552,4288
1791383107,26552,4289
1791383109,26552,4289
1791383111,26552,4290
1791383113,26552,4291
1791383115,26552,4292
1791383117,26552,4290
1791383119,26552,4290
1791383121,26552,4287
1791383123,26552,4289
1791383125,26552,4289
1791383127,26552,4289
1791383129,26552,4290
1791383131,26552,4290
1791383133,26552,4290
1791383135,26552,4290
1791383137,26552,4289
1791383139,26552,4288
1791383141,26552,4287
1791383143,26552,4287
1791383145,26552,4286
1791383147,26552,4284
1791383149,26552,4285
1791383151,26552,4287
1791383153,26552,4287
1791383155,26552,4288
1791383157,26552,4288
1791383159,26552,4288
1791383161,26552,4288
1791383163,26552,4288
1791383165,26552,4288
1791383167,26552,4288
1791383169,26552,4289
1791383171,26552,4289
1791383173,26552,4289
1791383175,26552,4289
1791383177,26552,4288
1791383179,26552,4287
1791383181,26552,4287
1791383183,26552,4286
1791383185,26552,4284
1791383187,26552,4283
1791383189,26552,4282
1791383191,26552,4283
1791383193,26552,4283
1791383195,26552,4284
1791383197,26552,4283
1791383199,26552,4282
1791383201,26552,4282
1791383203,26552,4283
1791383206,26552,4282
1791383208,26552,4283
1791383210,26552,4281
1791383212,26552,4280
1791383214,26664,4390
1791383216,26664,4392
1791383218,26664,4392
1791383220,26664,4392
1791383222,26664,4393
1791383224,26664,4394
1791383226,26664,4394
1791383228,26664,4394
1791383230,26664,4394
1791383232,26664,4395
1791383234,26664,4395
1791383236,26664,4393
1791383238,26664,4394
1791383240,26664,4395
1791383242,26664,4393
1791383244,26664,4391
1791383246,26664,4391
1791383248,26664,4390
1791383250,26664,4390
1791383252,26664,4391
1791383254,26664,4391
1791383256,26664,4391
1791383258,26664,4392
1791383260,26664,4388
1791383262,26664,4388
1791383264,26664,4389
1791383266,26664,4389
1791383268,26664,4388
1791383270,26664,4389
1791383272,26664,4388
1791383274,26664,4387
1791383276,26664,4388
1791383278,26664,4387
1791383280,26664,4387
1791383282,26664,4387
1791383284,26664,4387
1791383286,26664,4388
1791383288,26664,4388
1791383290,26664,4389
1791383292,26664,4388
1791383294,26664,4387
1791383296,26664,4385
1791383298,26664,4384
1791383300,26664,4385
1791383302,26664,4384
1791383304,26664,4384
1791383306,26664,4383
1791383309,26664,4383
1791383311,26664,4383
1791383313,26664,4383
1791383315,26664,4382
1791383317,26664,4382
1791383319,26664,4383
1791383321,26664,4384
1791383323,26664,4384
1791383325,26664,4383
1791383327,26664,4383
1791383329,26664,4381
1791383331,26664,4381
1791383333,26664,4381
1791383335,26664,4381
1791383337,26664,4381
1791383339,26664,4381
1791383341,26664,4381
1791383343,26664,4381
1791383345,26664,4381
1791383347,26664,4381
1791383349,26664,4380
1791383351,26664,4381
1791383353,26664,4381
1791383355,26664,4380
1791383357,26664,4379
1791383359,26664,4378
1791383361,26664,4378
1791383363,26664,4378
1791383365,26664,4377
1791383367,26664,4376
1791383369,26664,4376
1791383371,26664,4377
1791383373,26664,4376
1791383375,26664,4376
1791383377,26664,4375
1791383379,26664,4376
1791383381,26664,4377
1791383383,26664,4379
1791383385,26664,4379
1791383387,26664,4378
1791383389,26664,4378
1791383391,26776,4488
1791383393,26776,4487
1791383395,26776,4487
1791383397,26776,4487
1791383399,26776,4485
1791383401,26776,4486
1791383403,26776,4486
1791383405,26776,4486
1791383407,26776,4486
1791383409,26776,4487
1791383411,26776,4487
1791383413,26776,4488
1791383416,26776,4487
1791383418,26776,4488
1791383420,26776,4488
1791383422,26776,4488
1791383424,26776,4487
1791383426,26776,4486
1791383428,26776,4484
1791383430,26776,4485
1791383432,26776,4485
1791383434,26776,4486
1791383436,26776,4487
1791383438,26776,4497
1791383440,26776,4497
1791383442,26776,4499
1791383444,26776,4500
1791383446,26776,4500
1791383448,26776,4500
1791383450,26776,4501
1791383452,26776,4502
1791383454,26776,4502
1791383456,26776,4501
1791383458,26776,4501
1791383460,26776,4501
1791383462,26776,4501
1791383464,26776,4501
1791383466,26776,4501
1791383468,26776,4501
1791383470,26776,4501
1791383472,26776,4501
1791383474,26776,4501
1791383476,26776,4501
1791383478,26776,4499
1791383480,26776,4500
1791383482,26776,4500
1791383484,26776,4500
1791383486,26776,4498
1791383488,26776,4498
1791383490,26776,4499
1791383492,26776,4499
1791383494,26776,4499
1791383496,26776,4499
1791383498,26776,4499
1791383500,26776,4499
1791383502,26776,4500
1791383504,26776,4500
1791383506,26776,4500
1791383508,26776,4500
1791383510,26776,4499
1791383512,26776,4499
1791383514,26776,4499
1791383516,26776,4498
1791383519,26776,4498
1791383521,26776,4497
1791383523,26776,4497
1791383525,26776,4497
1791383527,26776,4498
1791383529,26776,4499
1791383531,26776,4499
1791383533,26776,4499
1791383535,26776,4498
1791383537,26776,4499
1791383539,26776,4498
1791383541,26776,4499
1791383543,26776,4500
1791383545,26776,4500
1791383547,26776,4500
1791383549,26776,4498
1791383551,26776,4493
1791383553,26776,4494
1791383555,26776,4495
1791383557,26776,4494
1791383559,26776,4494
1791383561,26776,4495
1791383563,26776,4494
1791383565,26776,4493
1791383567,26776,4492
1791383569,26776,4492
1791383571,26889,4612
1791383573,26889,4612
1791383575,26889,4613
1791383577,26889,4611
1791383579,26889,4610
1791383581,26889,4612
1791383583,26889,4612
1791383585,26889,4611
1791383587,26889,4612
1791383589,26889,4611
1791383591,26889,4612
1791383593,26889,4611
1791383595,26889,4610
1791383597,26889,4611
1791383599,26889,4611
1791383601,26889,4608
1791383603,26889,4608
1791383605,26889,4608
1791383607,26889,4609
1791383609,26889,4608
1791383611,26889,4606
1791383613,26889,4607
1791383615,26889,4607
1791383617,26889,4608
1791383619,26889,4607
1791383621,26889,4608
1791383624,26889,4609
1791383626,26889,4609
1791383628,26889,4608
1791383630,26889,4609
1791383632,26889,4608
1791383634,26889,4609
1791383636,26889,4609
1791383638,26889,4610
1791383640,26889,4610
1791383642,26889,4611
1791383644,26889,4610
1791383646,26889,4609
1791383648,26889,4609
1791383650,26889,4609
1791383652,26889,4610
1791383654,26889,4609
1791383656,26889,4610
1791383658,26889,4610
1791383660,26892,4609
1791383662,26892,4608
1791383664,26892,4609
1791383666,26892,4610
1791383668,26892,4611
1791383670,26892,4611
1791383672,26892,4612
1791383674,26892,4610
1791383676,26892,4611
1791383678,26892,4607
1791383680,26892,4608
1791383682,26892,4608
1791383684,26892,4608
1791383686,26892,4607
1791383688,26892,4608
1791383690,26892,4606
1791383692,26892,4607
1791383694,26892,4607
1791383696,26892,4607
1791383698,26892,4608
1791383700,26892,4607
1791383702,26892,4608
1791383704,26892,4608
1791383706,26892,4608
1791383708,26892,4608
1791383710,26892,4608
1791383712,26892,4609
1791383714,26892,4606
1791383716,26892,4605
1791383718,26892,4607
1791383720,26892,4608
1791383722,26892,4609
1791383724,26892,4609
1791383726,26892,4609
1791383728,26892,4609
1791383731,26892,4609
1791383733,26892,4609
1791383735,26892,4609
1791383737,26892,4607
1791383739,26892,4608
1791383741,26892,4608
1791383743,26892,4608
1791383745,26892,4608
1791383747,26892,4605
1791383749,26892,4609
1791383751,26892,4719
1791383753,26892,4719
1791383755,26892,4720
1791383757,26892,4719
1791383759,26892,4720
1791383761,26892,4721
1791383763,26892,4721
1791383765,26892,4720
1791383767,26892,4720
1791383769,26892,4720
1791383771,26892,4720
1791383773,26892,4719
1791383775,26892,4720
1791383777,26892,4720
1791383779,26892,4719
1791383781,26892,4721
1791383783,26892,4720
1791383785,26892,4721
1791383787,26892,4721
1791383789,26892,4722
1791383791,26892,4722
1791383793,26892,4720
1791383795,26892,4722
1791383797,26892,4720
1791383799,26892,4719
1791383801,26892,4719
1791383803,26892,4716
1791383805,26892,4716
1791383807,26892,4715
1791383809,26892,4714
1791383811,26892,4714
1791383813,26892,4714
1791383815,26892,4714
1791383817,26892,4714
1791383819,26892,4714
1791383821,26892,4715
1791383823,26892,4716
1791383825,26892,4715
1791383827,26892,4714
1791383829,26892,4713
1791383831,26892,4713
1791383833,26892,4714
1791383835,26892,4713
1791383838,26892,4713
1791383840,26892,4714
1791383842,26892,4713
1791383844,26892,4712
1791383846,26892,4713
1791383848,26892,4713
1791383850,26892,4713
1791383852,26892,4712
1791383854,26892,4714
1791383856,26892,4714
1791383858,26892,4714
1791383860,26892,4712
1791383862,26892,4711
1791383864,26892,4711
1791383866,26892,4712
1791383868,26892,4713
1791383870,26892,4714
1791383872,26892,4713
1791383874,26892,4713
1791383876,26892,4712
1791383878,26892,4712
1791383880,26892,4712
1791383882,26892,4712
1791383884,26892,4712
1791383886,26892,4713
1791383888,26892,4711
1791383890,26892,4703
1791383892,26892,4703
1791383894,26892,4702
1791383896,26892,4704
1791383898,26892,4704
1791383900,26892,4704
1791383902,26892,4704
1791383904,26892,4706
1791383906,26892,4705
1791383908,26892,4704
1791383910,26892,4705
1791383912,26892,4705
1791383914,26892,4705
1791383916,26892,4706
1791383918,26892,4707
1791383920,26892,4697
1791383922,26892,4698
1791383924,26892,4696
1791383926,26892,4697
1791383928,26892,4697
1791383930,26892,4721
1791383932,26892,4723
1791383934,26892,4722
1791383936,26892,4722
1791383938,26892,4723
1791383940,26892,4723
1791383942,26892,4723
1791383945,26892,4724
1791383947,26892,4722
1791383949,26892,4721
1791383951,26892,4714
1791383953,26892,4716
1791383955,26892,4716
1791383957,26892,4714
1791383959,26892,4713
1791383961,26892,4711
1791383963,26892,4713
1791383965,26892,4714
1791383967,26892,4714
1791383969,26892,4715
1791383971,26892,4716
1791383973,26892,4717
1791383975,26892,4717
1791383977,26892,4717
1791383979,26892,4718
1791383981,26892,4718
1791383983,26892,4710
1791383985,26892,4709
1791383987,26892,4710
1791383989,26892,4709
1791383991,26892,4710
1791383993,26892,4710
1791383995,26892,4709
1791383997,26892,4708
1791383999,26892,4708
1791384001,26892,4709
1791384003,26892,4709
1791384005,26892,4709
1791384007,26892,4709
1791384009,26892,4709
1791384011,26892,4709
1791384013,26892,4699
1791384015,26892,4697
1791384017,26892,4697
1791384019,26892,4697
1791384021,26892,4696
1791384023,26892,4697
1791384025,26892,4698
1791384027,26892,4698
1791384029,26892,4699
1791384031,26892,4698
1791384033,26892,4698
1791384035,26892,4697
1791384037,26892,4697
1791384039,26892,4696
1791384041,26892,4696
1791384043,26892,4688
1791384045,26892,4688
1791384047,26892,4688
1791384050,26892,4687
1791384052,26892,4687
1791384054,26892,4686
1791384056,26892,4689
1791384058,26892,4690
1791384060,26892,4690
1791384062,26892,4690
1791384064,26892,4690
1791384066,26892,4690
1791384068,26892,4691
1791384070,26892,4691
1791384072,26892,4691
1791384074,26892,4682
1791384076,26892,4683
1791384078,26892,4681
1791384080,26892,4681
1791384082,26892,4679
1791384084,26892,4678
1791384086,26892,4679
1791384088,26892,4679
1791384090,26892,4680
1791384092,26892,4680
1791384094,26892,4681
1791384096,26892,4682
1791384098,26892,4682
1791384100,26892,4683
1791384102,26892,4682
1791384104,26892,4715
1791384106,26892,4716
1791384108,26892,4715
1791384110,26892,4716
1791384112,26892,4714
1791384114,26892,4711
1791384116,26892,4712
1791384118,26892,4714
1791384120,26892,4714
1791384122,26892,4714
1791384124,26892,4714
1791384126,26892,4715
1791384128,26892,4716
1791384130,26892,4716
1791384132,26892,4716
1791384134,26892,4716
1791384136,26892,4709
1791384138,26892,4709
1791384140,26892,4708
1791384142,26892,4708
1791384144,26892,4705
1791384146,26892,4705
1791384148,26892,4704
1791384150,26892,4705
1791384152,26892,4705
1791384155,26892,4705
1791384157,26892,4706
1791384159,26892,4706
1791384161,26892,4706
1791384163,26892,4707
1791384165,26892,4708
1791384167,26892,4701
1791384169,26892,4701
1791384171,26892,4700
1791384173,26892,4700
1791384175,26892,4700
1791384177,26892,4700
1791384179,26892,4700
1791384181,26892,4700
1791384183,26892,4699
1791384185,26892,4699
1791384187,26892,4699
1791384189,26892,4700
1791384191,26892,4700
1791384193,26892,4699
1791384195,26892,4699
1791384197,26892,4691
1791384199,26892,4691
1791384201,26892,4689
1791384203,26892,4690
1791384205,26892,4691
1791384207,26892,4691
1791384209,26892,4691
1791384211,26892,4690
1791384213,26892,4691
1791384215,26892,4691
1791384217,26892,4692
1791384219,26892,4692
1791384221,26892,4693
1791384223,26892,4693
1791384225,26892,4693
1791384227,26892,4686
1791384229,26892,4683
1791384231,26892,4683
1791384233,26892,4684
1791384235,26892,4684
1791384237,26892,4683
1791384239,26892,4683
1791384241,26892,4683
1791384243,26892,4682
1791384245,26892,4682
1791384247,26892,4682
1791384249,26892,4683
1791384251,26892,4683
1791384253,26892,4684
1791384255,26892,4683
1791384257,26892,4676
1791384259,26892,4677
1791384262,26892,4677
1791384264,26892,4677
1791384266,26892,4677
1791384268,26892,4678
1791384270,26892,4677
1791384272,26892,4678
1791384274,26892,4680
1791384276,26892,4679
1791384278,26892,4678
1791384280,26892,4718
1791384282,26892,4718
1791384284,26892,4717
1791384286,26892,4718
1791384288,26892,4718
1791384290,26892,4710
1791384292,26892,4710
1791384294,26892,4710
1791384296,26892,4709
1791384298,26892,4708
1791384300,26892,4707
1791384302,26892,4707
1791384304,26892,4708
1791384306,26892,4707
1791384308,26892,4707
1791384310,26892,4707
1791384312,26892,4704
1791384314,26892,4704
1791384316,26892,4704
1791384318,26892,4705
1791384320,26892,4698
1791384322,26892,4698
1791384324,26892,4699
1791384326,26892,4698
1791384328,26892,4697
1791384330,26892,4697
1791384332,26892,4696
1791384334,26892,4696
1791384336,26892,4705
1791384338,26892,4705
1791384340,26892,4705
1791384342,26892,4705
1791384344,26892,4705
1791384346,26892,4705
1791384348,26892,4706
1791384350,26892,4700
1791384352,26892,4700
1791384354,26892,4699
1791384356,26892,4697
1791384358,26892,4696
1791384360,26892,4696
1791384362,26892,4696
1791384365,26892,4696
1791384367,26892,4697
1791384369,26892,4698
1791384371,26892,4697
1791384373,26892,4696
1791384375,26892,4697
1791384377,26892,4698
1791384379,26892,4699
1791384381,26892,4691
1791384383,26892,4691
1791384385,26892,4691
1791384387,26892,4691
1791384389,26892,4692
1791384391,26892,4691
1791384393,26892,4691
1791384395,26892,4691
1791384397,26892,4692
1791384399,26892,4692
1791384401,26892,4693
1791384403,26892,4693
1791384405,26892,4693
1791384407,26892,4693
1791384409,26892,4692
1791384411,26892,4693
1791384413,26892,4683
1791384415,26892,4683
1791384417,26892,4684
1791384419,26892,4684
1791384421,26892,4683
1791384423,26892,4684
1791384425,26892,4683
1791384427,26892,4683
1791384429,26892,4682
1791384431,26892,4684
1791384433,26892,4684
1791384435,26892,4684
1791384437,26892,4684
1791384439,26892,4684
1791384441,26892,4685
1791384443,26892,4683
1791384445,26892,4676
1791384447,26892,4677
1791384449,26892,4677
1791384451,26892,4677
1791384453,26892,4675
1791384455,26892,4675
1791384457,26999,4714
1791384459,26893,4722
1791384461,26893,4723
1791384463,26893,4723
1791384465,26893,4722
1791384467,26893,4722
1791384470,26893,4721
1791384472,26893,4721
1791384474,26893,4721
1791384476,26893,4712
1791384478,26893,4712
1791384480,26893,4711
1791384482,26893,4713
1791384484,26893,4713
1791384486,26893,4712
1791384488,26893,4712
1791384490,26893,4711
1791384492,26893,4711
1791384494,26893,4711
1791384496,26893,4709
1791384498,26893,4710
1791384500,26893,4710
1791384502,26893,4712
1791384504,26893,4712
1791384506,26893,4705
1791384508,26893,4705
1791384510,26893,4705
1791384512,26893,4706
1791384514,26893,4706
1791384516,26893,4705
1791384518,26893,4705
1791384520,26893,4704
1791384522,26893,4703
1791384524,26893,4702
1791384526,26893,4702
1791384528,26893,4703
1791384530,26893,4703
1791384532,26893,4704
1791384534,26893,4703
1791384536,26893,4695
1791384538,26893,4694
1791384540,26893,4695
1791384542,26893,4697
1791384544,26893,4698
1791384546,26893,4698
1791384548,26893,4699
1791384550,26893,4699
1791384552,26893,4698
1791384554,26893,4697
1791384556,26893,4699
1791384558,26893,4699
1791384560,26893,4700
1791384562,26893,4700
1791384564,26893,4700
1791384566,26893,4700
1791384568,26893,4691
1791384570,26893,4690
1791384572,26893,4688
1791384575,26893,4689
1791384577,26893,4690
1791384579,26893,4690
1791384581,26893,4690
1791384583,26893,4690
1791384585,26893,4690
1791384587,26893,4685
1791384589,26893,4686
1791384591,26893,4686
1791384593,26893,4687
1791384595,26893,4687
1791384597,26893,4687
1791384599,26893,4679
1791384601,26893,4680
1791384603,26893,4679
1791384605,26893,4679
1791384607,26893,4679
1791384609,26893,4677
1791384611,26893,4677
1791384613,26893,4678
1791384615,26893,4677
1791384617,26893,4678
1791384619,26893,4679
1791384621,26893,4679
1791384623,26893,4683
1791384625,26893,4683
1791384627,26893,4682
1791384629,26893,4672
1791384631,26893,4672
1791384633,26893,4672
1791384635,26893,4673
1791384637,26893,4671
1791384639,26893,4671
1791384641,26893,4719
1791384643,26893,4718
1791384645,26893,4719
1791384647,26893,4720
1791384649,26893,4720
1791384651,26893,4722
1791384653,26893,4722
1791384655,26893,4722
1791384657,26893,4721
1791384659,26893,4714
1791384661,26893,4714
1791384663,26893,4714
1791384665,26893,4714
1791384667,26893,4714
1791384669,26893,4714
1791384671,26893,4715
1791384673,26893,4713
1791384675,26893,4712
1791384677,26893,4713
1791384680,26893,4715
1791384682,26893,4716
1791384684,26893,4717
1791384686,26893,4717
1791384688,26893,4718
1791384690,26893,4710
1791384692,26893,4710
1791384694,26893,4710
1791384696,26893,4709
1791384698,26893,4711
1791384700,26893,4711
1791384702,26893,4712
1791384704,26893,4712
1791384706,26893,4712
1791384708,26893,4712
1791384710,26893,4712
1791384712,26893,4712
1791384714,26893,4711
1791384716,26893,4712
1791384718,26893,4713
1791384720,26893,4713
1791384722,26893,4705
1791384724,26893,4706
1791384726,26893,4707
1791384728,26893,4706
1791384730,26893,4706
1791384732,26893,4707
1791384734,26893,4706
1791384736,26893,4705
1791384738,26893,4706
1791384740,26893,4706
1791384742,26893,4704
1791384744,26893,4704
1791384746,26893,4704
1791384748,26893,4704
1791384750,26893,4705
1791384752,26893,4696
1791384754,26893,4694
1791384756,26893,4693
1791384758,26893,4692
1791384760,26893,4692
1791384762,26893,4692
1791384764,26893,4692
1791384766,26893,4693
1791384768,26893,4692
1791384770,26893,4692
1791384772,26893,4692
1791384774,26893,4693
1791384776,26893,4693
1791384778,26893,4693
1791384780,26893,4692
1791384782,26893,4686
1791384784,26893,4685
1791384787,26893,4684
1791384789,26893,4686
1791384791,26893,4686
1791384793,26893,4685
1791384795,26893,4686
1791384797,26893,4685
1791384799,26893,4685
1791384801,26893,4685
1791384803,26893,4718
1791384805,26893,4719
1791384807,26893,4719
1791384809,26893,4718
1791384811,26893,4717
1791384813,26893,4708
1791384815,26893,4708
1791384817,26893,4708
1791384819,26893,4708
1791384821,26893,4709
1791384823,26893,4708
1791384825,26893,4709
1791384827,26904,4709
1791384829,26893,4755
1791384831,26893,4756
1791384833,26893,4754
1791384835,26893,4754
1791384837,26893,4755
1791384839,26893,4755
1791384841,26893,4755
1791384843,26893,4755
1791384845,26893,4748
1791384847,26893,4748
1791384849,26893,4749
1791384851,26893,4748
1791384853,26893,4748
1791384855,26893,4749
1791384857,26893,4748
1791384859,26893,4746
1791384861,26893,4742
1791384863,26893,4742
1791384865,26893,4742
1791384867,26893,4742
1791384869,26893,4742
1791384871,26893,4742
1791384873,26893,4741
1791384875,26893,4733
1791384877,26893,4729
1791384879,26893,4728
1791384881,26893,4727
1791384883,26893,4728
1791384885,26893,4727
1791384887,26893,4725
1791384889,26893,4726
1791384892,26893,4724
1791384894,26893,4724
1791384896,26893,4724
1791384898,26893,4725
1791384900,26893,4724
1791384902,26893,4724
1791384904,26893,4725
1791384906,26893,4716
1791384908,26893,4715
1791384910,26893,4716
1791384912,26893,4717
1791384914,26893,4717
1791384916,26893,4717
1791384918,26893,4717
1791384920,26893,4718
1791384922,26893,4717
1791384924,26893,4716
1791384926,26893,4716
1791384928,26893,4715
1791384930,26893,4715
1791384932,26893,4716
1791384934,26893,4715
1791384936,26893,4706
1791384938,26893,4705
1791384940,26893,4706
1791384942,26893,4707
1791384944,26893,4707
1791384946,26893,4708
1791384948,26893,4709
1791384950,26893,4709
1791384952,26893,4710
1791384954,26893,4709
1791384956,26893,4709
1791384958,26893,4708
1791384960,26893,4708
1791384962,26893,4708
1791384964,26893,4708
1791384966,26893,4700
1791384968,26893,4699
1791384970,26893,4698
1791384972,26893,4698
1791384974,26893,4697
1791384976,26893,4697
1791384978,26893,4697
1791384980,26893,4697
1791384982,26893,4697
1791384984,26893,4697
1791384986,26893,4697
1791384988,26893,4695
1791384990,26893,4695
1791384992,26893,4696
1791384994,26893,4696
1791384997,26893,4696
1791384999,26893,4695
1791385001,26893,4684
1791385003,26893,4684
1791385005,26893,4685
1791385007,26893,4684
1791385009,26893,4685
1791385011,26893,4685
1791385013,26893,4686
1791385015,26893,4733
1791385017,26893,4733
1791385019,26893,4732
1791385021,26893,4733
1791385023,26893,4733
1791385025,26893,4732
1791385027,26893,4733
1791385029,26893,4734
1791385031,26893,4725
1791385033,26893,4725
1791385035,26893,4725
1791385037,26893,4725
1791385039,26893,4725
1791385041,26893,4724
1791385043,26893,4723
1791385045,26893,4723
1791385047,26893,4722
1791385049,26893,4722
1791385051,26893,4720
1791385053,26893,4721
1791385055,26893,4722
1791385057,26893,4723
1791385059,26893,4723
1791385061,26893,4714
1791385063,26893,4712
1791385065,26893,4710
1791385067,26893,4712
1791385069,26893,4714
1791385071,26893,4713
1791385073,26893,4714
1791385075,26893,4714
1791385077,26893,4714
1791385079,26893,4714
1791385081,26893,4716
1791385083,26893,4716
1791385085,26893,4715
1791385087,26893,4715
1791385089,26893,4715
1791385091,26893,4707
1791385093,26893,4707
1791385095,26893,4706
1791385097,26893,4707
1791385099,26893,4706
1791385102,26893,4706
1791385104,26893,4706
1791385106,26893,4706
1791385108,26893,4706
1791385110,26893,4706
1791385112,26893,4704
1791385114,26893,4704
1791385116,26893,4704
1791385118,26893,4704
1791385120,26893,4705
1791385122,26893,4697
1791385124,26893,4697
1791385126,26893,4697
1791385128,26893,4696
1791385130,26893,4696
1791385132,26893,4696
1791385134,26893,4696
1791385136,26893,4696
1791385138,26893,4696
1791385140,26893,4695
1791385142,26893,4694
1791385144,26893,4695
1791385146,26893,4695
1791385148,26893,4695
1791385150,26893,4694
1791385152,26893,4695
1791385154,26893,4685
1791385156,26893,4684
1791385158,26893,4684
1791385160,26893,4683
1791385162,26893,4684
1791385164,26893,4684
1791385166,26893,4684
1791385168,26893,4684
1791385170,26893,4684
1791385172,26893,4684
1791385174,26893,4683
1791385176,26893,4683
1791385178,26893,4683
1791385180,26893,4684
1791385182,26893,4684
1791385184,26893,4677
1791385186,26893,4677
1791385188,26893,4674
1791385190,26893,4676
1791385192,26893,4676
1791385194,26893,4676
1791385196,26893,4721
1791385198,26893,4721
1791385200,26893,4721
1791385202,26893,4722
1791385204,26893,4723
1791385207,26893,4724
1791385209,26893,4724
1791385211,26893,4725
1791385213,26893,4724
1791385215,26893,4717
1791385217,26893,4717
1791385219,26893,4718
1791385221,26893,4718
1791385223,26893,4718
1791385225,26893,4719
1791385227,26893,4719
1791385229,26893,4719
1791385231,26893,4720
1791385233,26893,4721
1791385235,26893,4721
1791385237,26893,4721
1791385239,26893,4722
1791385241,26893,4723
1791385243,26893,4723
1791385245,26893,4716
1791385247,26893,4717
1791385249,26893,4716
1791385251,26893,4717
1791385253,26893,4717
1791385255,26893,4718
1791385257,26893,4718
1791385259,26893,4718
1791385261,26893,4719
1791385263,26893,4719
1791385265,26893,4718
1791385267,26893,4719
1791385269,26893,4719
1791385271,26893,4719
1791385273,26893,4720
1791385275,26893,4720
1791385277,26893,4712
1791385279,26893,4712
1791385281,26893,4713
1791385283,26893,4713
1791385285,26893,4713
1791385287,26893,4712
1791385289,26893,4713
1791385291,26893,4710
1791385293,26893,4732
1791385295,26893,4732
1791385297,26893,4734
1791385299,26893,4735
1791385301,0,1843
1791385303,0,1844
1791385305,0,1843
1791385307,0,1837
