t,rss_mib,mem_used_mib
1791349339,16818,3652
1791349341,17092,3707
1791349343,17335,3709
1791349345,17565,3709
1791349347,17770,3710
1791349349,17978,3711
1791349351,18176,3712
1791349354,18344,3712
1791349356,18547,3713
1791349358,18716,3713
1791349360,18923,3716
1791349362,19094,3717
1791349364,19341,3716
1791349366,19589,3716
1791349368,19860,3716
1791349370,20080,3717
1791349372,20252,3718
1791349374,20435,3718
1791349376,20615,3718
1791349378,20810,3718
1791349380,21017,3717
1791349382,21226,3717
1791349384,21480,3718
1791349386,21640,3746
1791349388,21877,3747
1791349390,22060,3748
1791349392,22259,3748
1791349394,22412,3746
1791349396,22658,3746
1791349398,22893,3747
1791349400,23094,3747
1791349402,23290,3747
1791349404,23509,3748
1791349406,23647,3747
1791349408,23864,3748
1791349410,24026,3748
1791349412,24238,3749
1791349414,24465,3749
1791349416,24663,3749
1791349418,24842,3749
1791349420,25073,3750
1791349422,25277,3750
1791349424,25456,3752
1791349426,25633,3751
1791349428,25877,3752
1791349430,26015,3754
1791349432,26016,3755
1791349434,26016,3755
1791349436,26016,3755
1791349438,26016,3755
1791349440,26016,3756
1791349442,26016,3756
1791349444,26016,3754
1791349446,26016,3754
1791349448,26016,3754
1791349450,26016,3755
1791349452,26017,3756
1791349454,26017,3756
1791349456,26017,3757
1791349459,26017,3752
1791349461,26017,3752
1791349463,26017,3751
1791349465,26017,3752
1791349467,26017,3752
1791349469,26017,3753
1791349471,26017,3754
1791349473,26017,3754
1791349475,26017,3750
1791349477,26018,3751
1791349479,26018,3751
1791349481,26018,3753
1791349483,26018,3754
1791349485,26018,3754
1791349487,26018,3754
1791349489,26018,3752
1791349491,26018,3751
1791349493,26018,3751
1791349495,26018,3751
1791349497,26018,3751
1791349499,26018,3751
1791349501,26018,3751
1791349503,26018,3750
1791349505,26018,3750
1791349507,26018,3749
1791349509,26019,3752
1791349511,26019,3753
1791349513,26019,3752
1791349515,26019,3747
1791349517,26019,3748
1791349519,26132,3865
1791349521,26132,3865
1791349523,26132,3865
1791349525,26244,3977
1791349527,26292,4019
1791349529,26302,4031
1791349531,26306,4033
1791349533,26095,4036
1791349535,26095,4035
1791349537,26095,4035
1791349539,26095,4040
1791349541,26095,4040
1791349543,26095,4036
1791349545,26112,4036
1791349547,26112,4036
1791349549,26112,4035
1791349551,26112,4036
1791349553,26112,4037
1791349555,26112,4036
1791349557,26226,4036
1791349560,26226,4034
1791349562,26226,4033
1791349564,26226,4032
1791349566,26226,4032
1791349568,26226,4032
1791349570,26226,4038
1791349572,26226,4038
1791349574,26226,4038
1791349576,26226,4035
1791349578,26226,4034
1791349580,26226,4035
1791349582,26226,4035
1791349584,26226,4035
1791349586,26226,4036
1791349588,26226,4036
1791349590,26226,4036
1791349592,26226,4036
1791349594,26226,4036
1791349596,26226,4036
1791349598,26226,4035
1791349600,26226,4040
1791349602,26226,4041
1791349604,26226,4040
1791349606,26226,4036
1791349608,26226,4038
1791349610,26226,4038
1791349612,26226,4039
1791349614,26226,4039
1791349616,26226,4038
1791349618,26226,4039
1791349620,26226,4039
1791349622,26226,4038
1791349624,26226,4038
1791349626,26226,4037
1791349628,26226,4037
1791349630,26226,4037
1791349632,26226,4036
1791349634,26226,4036
1791349636,26226,4033
1791349638,26226,4033
1791349640,26226,4033
1791349642,26226,4032
1791349644,26226,4033
1791349646,26226,4032
1791349648,26226,4033
1791349650,26226,4031
1791349652,26226,4031
1791349654,26226,4031
1791349656,26226,4029
1791349658,26226,4030
1791349660,26226,4034
1791349662,26226,4035
1791349665,26226,4035
1791349667,26226,4034
1791349669,26226,4032
1791349671,26226,4032
1791349673,26226,4033
1791349675,26226,4033
1791349677,26226,4033
1791349679,26226,4033
1791349681,26226,4033
1791349683,26226,4033
1791349685,26226,4033
1791349687,26226,4032
1791349689,26226,4028
1791349691,26226,4032
1791349693,26226,4032
1791349695,26226,4032
1791349697,26226,4033
1791349699,26226,4030
1791349701,26226,4031
1791349703,26226,4031
1791349705,26226,4031
1791349707,26226,4031
1791349709,26226,4031
1791349711,26226,4030
1791349713,26226,4029
1791349715,26226,4029
1791349717,26226,4028
1791349719,26226,4029
1791349721,26226,4031
1791349723,26226,4031
1791349725,26226,4031
1791349727,26226,4031
1791349729,26226,4028
1791349731,26226,4030
1791349733,26226,4030
1791349735,26226,4030
1791349737,26338,4062
1791349739,26338,4062
1791349741,26322,4039
1791349743,26323,4039
1791349745,26106,3955
1791349747,26106,3945
1791349749,26106,3944
1791349751,26106,3944
1791349753,26106,3945
1791349755,26106,3944
1791349757,26117,3944
1791349759,26117,3944
1791349761,26117,3943
1791349763,26117,3944
1791349765,26117,3944
1791349768,26117,3944
1791349770,26229,3944
1791349772,26229,3944
1791349774,26229,3945
1791349776,26229,3945
1791349778,26229,3946
1791349780,26229,3946
1791349782,26229,3948
1791349784,26229,3948
1791349786,26229,3947
1791349788,26229,3948
1791349790,26229,3947
1791349792,26229,3948
1791349794,26229,3948
1791349796,26229,3948
1791349798,26229,3948
1791349800,26229,3948
1791349802,26229,3948
1791349804,26229,3948
1791349806,26229,3948
1791349808,26229,3948
1791349810,26229,3948
1791349812,26229,3949
1791349814,26229,3950
1791349816,26229,3946
1791349818,26229,3945
1791349820,26229,3944
1791349822,26229,3943
1791349824,26229,3943
1791349826,26229,3943
1791349828,26229,3943
1791349830,26229,3941
1791349832,26229,3940
1791349834,26229,3940
1791349836,26229,3941
1791349838,26229,3941
1791349840,26229,3941
1791349842,26229,3944
1791349844,26229,3945
1791349846,26229,3943
1791349848,26229,3941
1791349850,26229,3940
1791349852,26229,3941
1791349854,26229,3940
1791349856,26229,3941
1791349858,26241,3947
1791349860,26241,3947
1791349862,26241,3947
1791349864,26241,3947
1791349866,26241,3948
1791349868,26241,3948
1791349871,26241,3947
1791349873,26241,3952
1791349875,26241,3951
1791349877,26241,3951
1791349879,26241,3951
1791349881,26241,3946
1791349883,26241,3945
1791349885,26241,3945
1791349887,26241,3944
1791349889,26241,3944
1791349891,26241,3944
1791349893,26241,3944
1791349895,26241,3943
1791349897,26241,3943
1791349899,26241,3943
1791349901,26241,3943
1791349903,26241,3944
1791349905,26241,3944
1791349907,26241,3944
1791349909,26241,3944
1791349911,26241,3939
1791349913,26241,3939
1791349915,26241,3937
1791349917,26241,3937
1791349919,26241,3937
1791349921,26241,3936
1791349923,26241,3936
1791349925,26241,3937
1791349927,26241,3937
1791349929,26241,3938
1791349931,26241,3938
1791349933,26241,3939
1791349935,26241,3939
1791349937,26241,3938
1791349939,26241,3937
1791349941,26241,3934
1791349943,26241,3934
1791349945,26356,4051
1791349947,26356,4053
1791349949,26356,4052
1791349951,26356,4052
1791349953,26356,4053
1791349955,26356,4051
1791349957,26356,4050
1791349959,26356,4050
1791349961,26356,4052
1791349963,26356,4054
1791349965,26356,4055
1791349967,26356,4056
1791349969,26356,4056
1791349971,26356,4054
1791349973,26356,4053
1791349976,26356,4052
1791349978,26356,4052
1791349980,26356,4052
1791349982,26356,4051
1791349984,26356,4051
1791349986,26356,4051
1791349988,26356,4054
1791349990,26356,4054
1791349992,26356,4055
1791349994,26356,4055
1791349996,26356,4053
1791349998,26356,4052
1791350000,26356,4050
1791350002,26356,4051
1791350004,26356,4049
1791350006,26356,4049
1791350008,26356,4049
1791350010,26356,4048
1791350012,26356,4048
1791350014,26356,4048
1791350016,26356,4048
1791350018,26356,4047
1791350020,26356,4048
1791350022,26356,4051
1791350024,26356,4052
1791350026,26356,4047
1791350028,26356,4047
1791350030,26356,4046
1791350032,26356,4047
1791350034,26356,4045
1791350036,26356,4045
1791350038,26357,4045
1791350040,26357,4044
1791350042,26357,4044
1791350044,26357,4042
1791350046,26357,4043
1791350048,26357,4044
1791350050,26357,4044
1791350052,26357,4045
1791350054,26357,4044
1791350056,26357,4043
1791350058,26357,4042
1791350060,26357,4041
1791350062,26357,4041
1791350064,26357,4039
1791350066,26357,4038
1791350068,26357,4038
1791350070,26357,4037
1791350072,26357,4038
1791350074,26357,4037
1791350076,26357,4036
1791350079,26357,4035
1791350081,26357,4035
1791350083,26357,4036
1791350085,26357,4036
1791350087,26357,4036
1791350089,26357,4036
1791350091,26357,4033
1791350093,26357,4033
1791350095,26357,4030
1791350097,26357,4030
1791350099,26357,4031
1791350101,26357,4031
1791350103,26357,4031
1791350105,26357,4032
1791350107,26357,4032
1791350109,26357,4032
1791350111,26357,4033
1791350113,26357,4034
1791350115,26357,4035
1791350117,26357,4031
1791350119,26357,4030
1791350121,26357,4028
1791350123,26357,4028
1791350125,26357,4027
1791350127,26469,4136
1791350129,26469,4135
1791350131,26469,4134
1791350133,26469,4134
1791350135,26469,4134
1791350137,26469,4134
1791350139,26469,4137
1791350141,26469,4138
1791350143,26469,4142
1791350145,26469,4143
1791350147,26469,4141
1791350149,26469,4140
1791350151,26469,4140
1791350153,26469,4139
1791350155,26469,4138
1791350157,26469,4138
1791350159,26469,4136
1791350161,26469,4136
1791350163,26469,4135
1791350165,26469,4135
1791350167,26469,4134
1791350169,26469,4131
1791350171,26469,4131
1791350173,26469,4133
1791350175,26469,4134
1791350177,26469,4132
1791350179,26469,4133
1791350181,26469,4131
1791350184,26469,4128
1791350186,26469,4126
1791350188,26469,4127
1791350190,26469,4126
1791350192,26469,4125
1791350194,26469,4124
1791350196,26469,4125
1791350198,26469,4125
1791350200,26469,4126
1791350202,26469,4125
1791350204,26469,4129
1791350206,26469,4129
1791350208,26469,4130
1791350210,26469,4130
1791350212,26469,4130
1791350214,26469,4129
1791350216,26469,4128
1791350218,26469,4128
1791350220,26469,4127
1791350222,26469,4125
1791350224,26469,4125
1791350226,26469,4125
1791350228,26469,4126
1791350230,26469,4126
1791350232,26469,4127
1791350234,26469,4130
1791350236,26469,4130
1791350238,26469,4130
1791350240,26469,4128
1791350242,26469,4129
1791350244,26469,4128
1791350246,26469,4127
1791350248,26469,4127
1791350250,26469,4128
1791350252,26469,4128
1791350254,26469,4128
1791350256,26469,4129
1791350258,26469,4129
1791350260,26469,4127
1791350262,26469,4128
1791350264,26469,4130
1791350266,26469,4130
1791350268,26469,4129
1791350270,26469,4129
1791350272,26469,4128
1791350274,26469,4128
1791350276,26469,4127
1791350278,26469,4126
1791350280,26469,4127
1791350282,26469,4126
1791350284,26469,4126
1791350286,26469,4126
1791350288,26469,4127
1791350291,26469,4126
1791350293,26469,4126
1791350295,26469,4130
1791350297,26469,4129
1791350299,26469,4130
1791350301,26469,4131
1791350303,26469,4130
1791350305,26469,4130
1791350307,26469,4128
1791350309,26469,4127
1791350311,26469,4127
1791350313,26469,4126
1791350315,26581,4243
1791350317,26559,4217
1791350319,26560,4217
1791350321,26133,3974
1791350323,26133,3972
1791350325,26133,3976
1791350327,26133,3976
1791350329,26133,3977
1791350331,26133,3978
1791350333,26133,3971
1791350335,26133,3973
1791350337,26133,3972
1791350339,26133,3970
1791350341,26133,3970
1791350343,26133,3971
1791350345,26237,3969
1791350347,26245,3969
1791350349,26245,3970
1791350351,26245,3970
1791350353,26245,3971
1791350355,26245,3972
1791350357,26245,3973
1791350359,26245,3973
1791350361,26245,3974
1791350363,26245,3975
1791350365,26245,3975
1791350367,26245,3975
1791350369,26245,3975
1791350371,26245,3974
1791350373,26245,3974
1791350375,26245,3975
1791350377,26245,3974
1791350379,26245,3975
1791350381,26245,3974
1791350383,26245,3972
1791350385,26245,3972
1791350387,26245,3972
1791350389,26245,3972
1791350391,26245,3972
1791350394,26245,3972
1791350396,26245,3972
1791350398,26245,3972
1791350400,26245,3971
1791350402,26245,3971
1791350404,26245,3972
1791350406,26245,3971
1791350408,26245,3971
1791350410,26245,3972
1791350412,26245,3972
1791350414,26245,3971
1791350416,26245,3971
1791350418,26245,3971
1791350420,26245,3972
1791350422,26245,3970
1791350424,26245,3970
1791350426,26245,3970
1791350428,26245,3972
1791350430,26245,3970
1791350432,26245,3971
1791350434,26245,3970
1791350436,26245,3970
1791350438,26245,3970
1791350440,26245,3971
1791350442,26245,3971
1791350444,26245,3971
1791350446,26245,3971
1791350448,26245,3971
1791350450,26245,3971
1791350452,26245,3971
1791350454,26245,3971
1791350456,26245,3970
1791350458,26245,3970
1791350460,26245,3970
1791350462,26245,3970
1791350464,26245,3969
1791350466,26245,3969
1791350468,26245,3969
1791350470,26245,3970
1791350472,26245,3970
1791350474,26245,3970
1791350476,26245,3970
1791350478,26245,3968
1791350480,26245,3968
1791350482,26245,3968
1791350484,26245,3969
1791350486,26245,3970
1791350488,26245,3969
1791350490,26245,3967
1791350492,26245,3966
1791350494,26245,3966
1791350496,26245,3966
1791350499,26245,3966
1791350501,26245,3966
1791350503,26245,3965
1791350505,26245,3965
1791350507,26245,3966
1791350509,26245,3965
1791350511,26245,3965
1791350513,26245,3966
1791350515,26245,3966
1791350517,26245,3965
1791350519,26245,3967
1791350521,26245,3965
1791350523,26245,3964
1791350525,26245,3963
1791350527,26245,3963
1791350529,26245,3963
1791350531,26357,4011
1791350533,26357,4011
1791350535,26357,4012
1791350537,26357,4012
1791350539,26357,4012
1791350541,26357,4011
1791350543,26357,4011
1791350545,26357,4011
1791350547,26357,4011
1791350549,26357,4012
1791350551,26357,4013
1791350553,26357,4013
1791350555,26357,4012
1791350557,26357,4010
1791350559,26357,4011
1791350561,26357,4011
1791350563,26357,4012
1791350565,26357,4012
1791350567,26357,4012
1791350569,26357,4012
1791350571,26357,4011
1791350573,26357,4011
1791350575,26357,4010
1791350577,26357,4010
1791350579,26357,4010
1791350581,26357,4009
1791350583,26357,4009
1791350585,26357,4009
1791350587,26357,4007
1791350589,26357,4006
1791350591,26357,4007
1791350593,26357,4008
1791350595,26357,4008
1791350597,26357,4008
1791350599,26357,4007
1791350601,26357,4006
1791350603,26357,4005
1791350606,26357,4006
1791350608,26357,4005
1791350610,26357,4005
1791350612,26357,4005
1791350614,26357,4005
1791350616,26357,4005
1791350618,26357,4005
1791350620,26357,4003
1791350622,26357,4003
1791350624,26357,4004
1791350626,26357,4005
1791350628,26357,4004
1791350630,26357,4004
1791350632,26357,4005
1791350634,26357,4005
1791350636,26357,4005
1791350638,26357,4005
1791350640,26357,4005
1791350642,26357,4006
1791350644,26357,4006
1791350646,26357,4005
1791350648,26357,4006
1791350650,26357,4005
1791350652,26357,4006
1791350654,26357,4006
1791350656,26357,4006
1791350658,26357,4008
1791350660,26357,4008
1791350662,26357,4009
1791350664,26357,4009
1791350666,26357,4008
1791350668,26357,4008
1791350670,26357,4008
1791350672,26357,4008
1791350674,26357,4008
1791350676,26357,4007
1791350678,26357,4008
1791350680,26357,4006
1791350682,26357,4005
1791350684,26357,4006
1791350686,26357,4005
1791350688,26357,4004
1791350690,26357,4004
1791350692,26357,4004
1791350694,26357,4004
1791350696,26357,4003
1791350698,26357,4004
1791350700,26357,4005
1791350702,26357,4005
1791350704,26357,4005
1791350706,26357,4004
1791350709,26357,4005
1791350711,26357,4005
1791350713,26478,4125
1791350715,26478,4123
1791350717,26478,4123
1791350719,26478,4122
1791350721,26478,4123
1791350723,26478,4124
1791350725,26478,4124
1791350727,26478,4123
1791350729,26478,4124
1791350731,26478,4124
1791350733,26478,4125
1791350735,26478,4125
1791350737,26478,4125
1791350739,26478,4126
1791350741,26478,4127
1791350743,26478,4127
1791350745,26478,4127
1791350747,26478,4127
1791350749,26478,4126
1791350751,26478,4128
1791350753,26478,4129
1791350755,26478,4130
1791350757,26478,4131
1791350759,26478,4131
1791350761,26478,4131
1791350763,26478,4132
1791350765,26478,4132
1791350767,26478,4132
1791350769,26478,4131
1791350771,26478,4132
1791350773,26478,4132
1791350775,26478,4130
1791350777,26478,4131
1791350779,26478,4131
1791350781,26478,4130
1791350783,26478,4132
1791350785,26478,4132
1791350787,26478,4132
1791350789,26478,4132
1791350791,26478,4132
1791350793,26478,4131
1791350795,26478,4131
1791350797,26478,4129
1791350799,26478,4130
1791350801,26478,4128
1791350803,26478,4130
1791350805,26478,4128
1791350807,26478,4125
1791350809,26478,4126
1791350811,26478,4127
1791350814,26478,4133
1791350816,26478,4132
1791350818,26478,4133
1791350820,26478,4133
1791350822,26478,4132
1791350824,26478,4133
1791350826,26478,4131
1791350828,26478,4131
1791350830,26478,4130
1791350832,26478,4129
1791350834,26478,4129
1791350836,26478,4129
1791350838,26478,4130
1791350840,26478,4128
1791350842,26478,4128
1791350844,26478,4129
1791350846,26478,4129
1791350848,26478,4129
1791350850,26478,4129
1791350852,26478,4129
1791350854,26478,4129
1791350856,26478,4129
1791350858,26478,4129
1791350860,26478,4128
1791350862,26478,4127
1791350864,26478,4125
1791350866,26478,4124
1791350868,26478,4125
1791350870,26478,4125
1791350872,26478,4126
1791350874,26478,4126
1791350876,26478,4125
1791350878,26478,4125
1791350880,26478,4127
1791350882,26478,4127
1791350884,26478,4129
1791350886,26478,4129
1791350888,26569,4231
1791350890,26592,4245
1791350892,26592,4247
1791350894,26592,4247
1791350896,26592,4246
1791350898,26592,4246
1791350900,26592,4246
1791350902,26592,4246
1791350904,26592,4246
1791350906,26592,4246
1791350908,26592,4247
1791350910,26592,4247
1791350912,26592,4246
1791350914,26592,4245
1791350916,26592,4246
1791350918,26592,4245
1791350921,26592,4244
1791350923,26592,4243
1791350925,26592,4242
1791350927,26592,4243
1791350929,26592,4242
1791350931,26592,4242
1791350933,26592,4241
1791350935,26592,4242
1791350937,26592,4242
1791350939,26592,4241
1791350941,26592,4242
1791350943,26592,4244
1791350945,26592,4244
1791350947,26592,4244
1791350949,26592,4244
1791350951,26592,4243
1791350953,26592,4244
1791350955,26592,4245
1791350957,26592,4245
1791350959,26592,4245
1791350961,26592,4244
1791350963,26592,4243
1791350965,26592,4243
1791350967,26592,4243
1791350969,26592,4245
1791350971,26592,4245
1791350973,26592,4244
1791350975,26592,4244
1791350977,26592,4245
1791350979,26592,4245
1791350981,26592,4244
1791350983,26594,4243
1791350985,26594,4243
1791350987,26594,4244
1791350989,26594,4244
1791350991,26594,4243
1791350993,26594,4243
1791350995,26594,4244
1791350997,26594,4243
1791350999,26594,4243
1791351001,26594,4244
1791351003,26594,4243
1791351005,26594,4243
1791351007,26594,4243
1791351009,26594,4243
1791351011,26594,4242
1791351013,26594,4243
1791351015,26594,4243
1791351017,26594,4242
1791351019,26594,4242
1791351021,26594,4242
1791351023,26594,4240
1791351025,26594,4240
1791351028,26594,4241
1791351030,26594,4241
1791351032,26594,4241
1791351034,26594,4240
1791351036,26594,4241
1791351038,26594,4244
1791351040,26594,4245
1791351042,26594,4245
1791351044,26594,4245
1791351046,26594,4246
1791351048,26594,4246
1791351050,26594,4245
1791351052,26594,4245
1791351054,26594,4246
1791351056,26594,4247
1791351058,26594,4247
1791351060,26594,4246
1791351062,26594,4247
1791351064,26594,4247
1791351066,26594,4246
1791351068,26594,4246
1791351070,26594,4247
1791351072,26594,4247
1791351074,26706,4358
1791351076,26706,4360
1791351078,26706,4359
1791351080,26706,4359
1791351082,26706,4360
1791351084,26706,4360
1791351086,26706,4359
1791351088,26706,4359
1791351090,26706,4360
1791351092,26706,4360
1791351094,26706,4360
1791351096,26706,4359
1791351098,26706,4360
1791351100,26706,4360
1791351102,26706,4360
1791351104,26706,4360
1791351106,26706,4361
1791351108,26706,4361
1791351110,26706,4359
1791351112,26706,4360
1791351114,26706,4358
1791351116,26706,4358
1791351118,26706,4358
1791351120,26706,4358
1791351122,26706,4359
1791351124,26706,4359
1791351126,26706,4360
1791351128,26706,4360
1791351130,26706,4361
1791351132,26706,4360
1791351135,26706,4360
1791351137,26706,4359
1791351139,26706,4360
1791351141,26706,4359
1791351143,26706,4359
1791351145,26706,4360
1791351147,26706,4360
1791351149,26706,4360
1791351151,26706,4360
1791351153,26706,4360
1791351155,26706,4360
1791351157,26706,4359
1791351159,26706,4359
1791351161,26706,4359
1791351163,26706,4359
1791351165,26706,4358
1791351167,26706,4358
1791351169,26706,4359
1791351171,26706,4358
1791351173,26706,4358
1791351175,26706,4358
1791351177,26706,4358
1791351179,26706,4358
1791351181,26706,4358
1791351183,26706,4357
1791351185,26706,4358
1791351187,26706,4357
1791351189,26706,4355
1791351191,26706,4356
1791351193,26706,4355
1791351195,26706,4355
1791351197,26706,4354
1791351199,26706,4355
1791351201,26706,4355
1791351203,26706,4355
1791351205,26706,4355
1791351207,26706,4355
1791351209,26706,4354
1791351211,26706,4354
1791351213,26706,4354
1791351215,26706,4354
1791351217,26706,4354
1791351219,26706,4354
1791351221,26706,4354
1791351223,26706,4354
1791351225,26706,4354
1791351227,26706,4355
1791351229,26706,4353
1791351231,26706,4352
1791351233,26706,4354
1791351235,26706,4354
1791351237,26706,4354
1791351239,26706,4353
1791351241,26706,4354
1791351244,26706,4353
1791351246,26706,4354
1791351248,26706,4354
1791351250,26706,4387
1791351252,26706,4389
1791351254,26706,4389
1791351256,26706,4389
1791351258,26818,4504
1791351260,26819,4503
1791351262,26821,4502
1791351264,26822,4502
1791351266,26822,4503
1791351268,26157,4020
1791351270,26157,4020
1791351272,26157,4020
1791351274,26157,4019
1791351276,26157,4019
1791351278,26157,4019
1791351280,26157,4021
1791351282,26157,4020
1791351284,26157,4021
1791351286,26157,4022
1791351288,26157,4022
1791351290,26269,4014
1791351292,26269,4010
1791351294,26269,4012
1791351296,26269,4009
1791351298,26269,4009
1791351300,26269,4009
1791351302,26269,4010
1791351304,26269,4010
1791351306,26269,4010
1791351308,26269,4010
1791351310,26269,4008
1791351312,26269,4009
1791351314,26269,4009
1791351316,26269,4008
1791351318,26269,4009
1791351320,26269,4009
1791351322,26269,4006
1791351324,26269,4005
1791351326,26269,4005
1791351328,26269,4005
1791351330,26269,4006
1791351332,26269,4007
1791351334,26269,4006
1791351336,26269,4006
1791351338,26269,4007
1791351340,26269,4007
1791351342,26269,4007
1791351344,26269,4005
1791351346,26269,4005
1791351349,26269,4006
1791351351,26269,4006
1791351353,26269,4003
1791351355,26269,4003
1791351357,26269,4001
1791351359,26269,4002
1791351361,26269,4003
1791351363,26269,4003
1791351365,26269,4001
1791351367,26269,4001
1791351369,26269,4001
1791351371,26269,4002
1791351373,26269,4002
1791351375,26269,4001
1791351377,26269,4002
1791351379,26269,4000
1791351381,26269,4001
1791351383,26269,3998
1791351385,26269,3998
1791351387,26269,3997
1791351389,26269,3999
1791351391,26269,3999
1791351393,26269,3999
1791351395,26269,3998
1791351397,26269,3998
1791351399,26269,3998
1791351401,26269,3998
1791351403,26269,3998
1791351405,26269,3998
1791351407,26269,3995
1791351409,26269,3994
1791351411,26269,3995
1791351413,26269,3992
1791351415,26269,3992
1791351417,26269,3990
1791351419,26269,3990
1791351421,26269,3992
1791351423,26269,3991
1791351425,26269,3992
1791351427,26269,3992
1791351429,26269,3992
1791351431,26269,3992
1791351433,26269,3991
1791351435,26269,3993
1791351437,26269,3993
1791351439,26269,3994
1791351441,26269,3992
1791351443,26269,3992
1791351445,26269,3991
1791351447,26269,3990
1791351449,26269,3990
1791351451,26269,3991
1791351454,26269,3989
1791351456,26269,3989
1791351458,26269,3989
1791351460,26269,3989
1791351462,26269,3989
1791351464,26269,3988
1791351466,26269,3990
1791351468,26269,3991
1791351470,26381,4046
1791351472,26381,4046
1791351474,26381,4047
1791351476,26381,4047
1791351478,26381,4047
1791351480,26381,4046
1791351482,26381,4046
1791351484,26381,4046
1791351486,26381,4045
1791351488,26381,4045
1791351490,26381,4045
1791351492,26381,4045
1791351494,26381,4045
1791351496,26381,4047
1791351498,26381,4047
1791351500,26381,4047
1791351502,26381,4047
1791351504,26381,4047
1791351506,26381,4045
1791351508,26381,4044
1791351510,26381,4044
1791351512,26381,4044
1791351514,26381,4044
1791351516,26381,4044
1791351518,26381,4045
1791351520,26381,4045
1791351522,26381,4043
1791351524,26381,4043
1791351526,26381,4044
1791351528,26381,4045
1791351530,26381,4046
1791351532,26381,4046
1791351534,26381,4048
1791351536,26381,4048
1791351538,26381,4048
1791351540,26381,4047
1791351542,26381,4047
1791351544,26381,4047
1791351546,26381,4048
1791351548,26381,4049
1791351550,26381,4048
1791351552,26381,4048
1791351554,26381,4047
1791351556,26381,4047
1791351558,26381,4048
1791351561,26381,4048
1791351563,26381,4046
1791351565,26381,4046
1791351567,26381,4045
1791351569,26381,4046
1791351571,26381,4046
1791351573,26381,4045
1791351575,26381,4045
1791351577,26381,4046
1791351579,26381,4046
1791351581,26381,4046
1791351583,26381,4045
1791351585,26381,4045
1791351587,26381,4044
1791351589,26381,4044
1791351591,26381,4044
1791351593,26381,4044
1791351595,26381,4045
1791351597,26381,4044
1791351599,26381,4042
1791351601,26381,4042
1791351603,26381,4043
1791351605,26381,4043
1791351607,26381,4042
1791351609,26381,4042
1791351611,26381,4042
1791351613,26381,4043
1791351615,26381,4043
1791351617,26381,4043
1791351619,26381,4043
1791351621,26381,4044
1791351623,26381,4044
1791351625,26381,4043
1791351627,26381,4044
1791351629,26381,4045
1791351631,26381,4043
1791351633,26381,4043
1791351635,26381,4043
1791351637,26381,4042
1791351639,26381,4041
1791351641,26381,4041
1791351643,26381,4042
1791351645,26381,4042
1791351647,26381,4041
1791351649,26381,4042
1791351651,26493,4163
1791351653,26493,4164
1791351655,26493,4165
1791351657,26493,4165
1791351659,26493,4166
1791351661,26493,4163
1791351663,26493,4164
1791351665,26493,4163
1791351668,26493,4163
1791351670,26493,4163
1791351672,26493,4162
1791351674,26493,4163
1791351676,26493,4162
1791351678,26493,4162
1791351680,26493,4162
1791351682,26493,4162
1791351684,26493,4161
1791351686,26493,4161
1791351688,26493,4160
1791351690,26493,4160
1791351692,26493,4160
1791351694,26493,4159
1791351696,26493,4157
1791351698,26493,4157
1791351700,26493,4158
1791351702,26493,4157
1791351704,26493,4158
1791351706,26493,4157
1791351708,26493,4158
1791351710,26493,4158
1791351712,26493,4158
1791351714,26493,4158
1791351716,26493,4158
1791351718,26493,4159
1791351720,26493,4159
1791351722,26493,4159
1791351724,26493,4158
1791351726,26493,4158
1791351728,26493,4158
1791351730,26493,4157
1791351732,26493,4157
1791351734,26493,4157
1791351736,26493,4158
1791351738,26493,4157
1791351740,26493,4158
1791351742,26493,4158
1791351744,26493,4158
1791351746,26493,4158
1791351748,26493,4159
1791351750,26493,4156
1791351752,26493,4155
1791351754,26493,4156
1791351756,26493,4156
1791351758,26493,4156
1791351760,26493,4155
1791351762,26493,4156
1791351764,26493,4157
1791351766,26493,4158
1791351768,26493,4157
1791351770,26493,4158
1791351773,26493,4158
1791351775,26493,4158
1791351777,26493,4158
1791351779,26493,4158
1791351781,26493,4158
1791351783,26493,4158
1791351785,26493,4155
1791351787,26493,4155
1791351789,26493,4154
1791351791,26493,4154
1791351793,26493,4155
1791351795,26493,4155
1791351797,26493,4156
1791351799,26493,4155
1791351801,26493,4155
1791351803,26493,4156
1791351805,26493,4156
1791351807,26493,4158
1791351809,26493,4156
1791351811,26493,4155
1791351813,26493,4156
1791351815,26493,4156
1791351817,26493,4157
1791351819,26493,4156
1791351821,26493,4155
1791351823,26493,4156
1791351825,26493,4155
1791351827,26493,4155
1791351829,26493,4156
1791351831,26606,4267
1791351833,26606,4268
1791351835,26606,4266
1791351837,26606,4265
1791351839,26606,4264
1791351841,26606,4264
1791351843,26606,4264
1791351845,26606,4263
1791351847,26606,4263
1791351849,26606,4263
1791351851,26606,4264
1791351853,26606,4265
1791351855,26606,4264
1791351857,26606,4264
1791351859,26606,4264
1791351861,26606,4264
1791351863,26606,4265
1791351865,26606,4265
1791351867,26606,4265
1791351869,26606,4265
1791351871,26606,4265
1791351873,26606,4266
1791351875,26606,4266
1791351877,26606,4266
1791351880,26606,4266
1791351882,26606,4265
1791351884,26606,4264
1791351886,26606,4264
1791351888,26606,4262
1791351890,26606,4263
1791351892,26606,4263
1791351894,26606,4262
1791351896,26606,4263
1791351898,26606,4263
1791351900,26606,4264
1791351902,26606,4265
1791351904,26606,4265
1791351906,26606,4266
1791351908,26606,4265
1791351910,26606,4265
1791351912,26606,4264
1791351914,26606,4262
1791351916,26606,4261
1791351918,26606,4264
1791351920,26606,4263
1791351922,26606,4263
1791351924,26606,4263
1791351926,26606,4260
1791351928,26606,4260
1791351930,26606,4260
1791351932,26606,4261
1791351934,26606,4261
1791351936,26606,4261
1791351938,26606,4263
1791351940,26606,4262
1791351942,26606,4264
1791351944,26606,4264
1791351946,26606,4264
1791351948,26606,4264
1791351950,26606,4263
1791351952,26606,4264
1791351954,26606,4265
1791351956,26606,4265
1791351958,26606,4266
1791351960,26606,4266
1791351962,26606,4266
1791351964,26606,4267
1791351966,26606,4266
1791351968,26606,4269
1791351970,26606,4268
1791351972,26606,4268
1791351974,26606,4269
1791351976,26606,4269
1791351978,26606,4269
1791351980,26606,4267
1791351982,26606,4271
1791351984,26606,4271
1791351987,26606,4270
1791351989,26606,4270
1791351991,26606,4271
1791351993,26606,4271
1791351995,26606,4271
1791351997,26606,4271
1791351999,26606,4268
1791352001,26606,4265
1791352003,26606,4266
1791352005,26606,4266
1791352007,26633,4297
1791352009,26718,4377
1791352011,26718,4378
1791352013,26718,4378
1791352015,26718,4377
1791352017,26718,4376
1791352019,26718,4376
1791352021,26718,4376
1791352023,26718,4378
1791352025,26718,4378
1791352027,26718,4378
1791352029,26718,4378
1791352031,26718,4376
1791352033,26718,4376
1791352035,26718,4374
1791352037,26718,4375
1791352039,26718,4374
1791352041,26718,4375
1791352043,26718,4375
1791352045,26718,4375
1791352047,26718,4376
1791352049,26718,4376
1791352051,26718,4375
1791352053,26718,4374
1791352055,26718,4374
1791352057,26718,4375
1791352059,26718,4374
1791352061,26718,4374
1791352063,26718,4374
1791352065,26718,4374
1791352067,26718,4373
1791352069,26718,4373
1791352071,26718,4374
1791352073,26718,4372
1791352075,26718,4372
1791352077,26718,4373
1791352079,26718,4373
1791352081,26718,4372
1791352083,26718,4371
1791352085,26718,4372
1791352087,26718,4371
1791352089,26718,4371
1791352091,26718,4372
1791352094,26718,4369
1791352096,26718,4370
1791352098,26718,4370
1791352100,26718,4370
1791352102,26718,4371
1791352104,26718,4372
1791352106,26718,4373
1791352108,26718,4373
1791352110,26718,4373
1791352112,26718,4372
1791352114,26718,4371
1791352116,26718,4371
1791352118,26718,4372
1791352120,26718,4373
1791352122,26718,4372
1791352124,26718,4372
1791352126,26718,4372
1791352128,26718,4373
1791352130,26718,4372
1791352132,26718,4372
1791352134,26718,4373
1791352136,26718,4373
1791352138,26718,4370
1791352140,26718,4370
1791352142,26718,4369
1791352144,26718,4371
1791352146,26718,4370
1791352148,26718,4372
1791352150,26718,4372
1791352152,26718,4372
1791352154,26718,4373
1791352156,26718,4374
1791352158,26718,4373
1791352160,26718,4374
1791352162,26718,4375
1791352164,26718,4376
1791352166,26718,4375
1791352168,26718,4373
1791352170,26718,4374
1791352172,26718,4375
1791352174,26718,4375
1791352176,26718,4375
1791352178,26718,4373
1791352180,26718,4374
1791352182,26718,4372
1791352184,26718,4372
1791352186,26718,4372
1791352188,26830,4484
1791352190,26830,4484
1791352192,26830,4483
1791352194,26830,4483
1791352196,26830,4484
1791352198,26830,4485
1791352201,26830,4484
1791352203,26830,4485
1791352205,26830,4485
1791352207,26830,4485
1791352209,26830,4484
1791352211,26830,4484
1791352213,26830,4483
1791352215,26830,4483
1791352217,26830,4484
1791352219,26830,4483
1791352221,26830,4484
1791352223,26830,4485
1791352225,26830,4485
1791352227,26830,4485
1791352229,26830,4484
1791352231,26830,4484
1791352233,26830,4485
1791352235,26830,4485
1791352237,26830,4484
1791352239,26830,4485
1791352241,26830,4485
1791352243,26830,4487
1791352245,26830,4489
1791352247,26830,4490
1791352249,26830,4489
1791352251,26830,4490
1791352253,26830,4490
1791352255,26830,4491
1791352257,26830,4490
1791352259,26830,4490
1791352261,26830,4489
1791352263,26830,4489
1791352265,26830,4489
1791352267,26830,4490
1791352269,26830,4489
1791352271,26830,4489
1791352273,26830,4488
1791352275,26830,4488
1791352277,26830,4489
1791352279,26830,4489
1791352281,26830,4489
1791352283,26830,4489
1791352285,26830,4489
1791352287,26830,4490
1791352289,26830,4490
1791352291,26830,4491
1791352293,26830,4490
1791352295,26830,4490
1791352297,26830,4491
1791352299,26830,4491
1791352301,26830,4490
1791352303,26830,4490
1791352305,26830,4490
1791352308,26830,4489
1791352310,26830,4489
1791352312,26830,4488
1791352314,26830,4488
1791352316,26830,4489
1791352318,26830,4488
1791352320,26830,4488
1791352322,26830,4489
1791352324,26830,4490
1791352326,26830,4489
1791352328,26830,4489
1791352330,26830,4489
1791352332,26830,4489
1791352334,26830,4488
1791352336,26830,4489
1791352338,26830,4489
1791352340,26830,4490
1791352342,26830,4490
1791352344,26830,4490
1791352346,26830,4490
1791352348,26830,4490
1791352350,26830,4490
1791352352,26830,4490
1791352354,26830,4490
1791352356,26830,4491
1791352358,26830,4492
1791352360,26830,4492
1791352362,26830,4492
1791352364,26830,4490
1791352366,26830,4490
1791352368,26830,4490
1791352370,26830,4609
1791352372,26830,4608
1791352374,26830,4607
1791352376,26830,4607
1791352378,26830,4607
1791352380,26830,4608
1791352382,26830,4607
1791352384,26830,4608
1791352386,26830,4607
1791352388,26830,4607
1791352390,26830,4607
1791352392,26830,4608
1791352394,26830,4608
1791352396,26830,4609
1791352398,26830,4609
1791352400,26830,4608
1791352402,26830,4607
1791352404,26830,4608
1791352406,26830,4608
1791352408,26830,4607
1791352410,26830,4607
1791352412,26830,4608
1791352415,26830,4608
1791352417,26830,4608
1791352419,26830,4608
1791352421,26830,4607
1791352423,26830,4607
1791352425,26830,4606
1791352427,26830,4606
1791352429,26830,4607
1791352431,26830,4607
1791352433,26830,4607
1791352435,26830,4607
1791352437,26830,4607
1791352439,26830,4608
1791352441,26830,4608
1791352443,26830,4608
1791352445,26830,4608
1791352447,26830,4608
1791352449,26830,4608
1791352451,26830,4609
1791352453,26830,4609
1791352455,26830,4608
1791352457,26830,4607
1791352459,26830,4607
1791352461,26830,4608
1791352463,26830,4608
1791352465,26830,4606
1791352467,26830,4605
1791352469,26830,4605
1791352471,26830,4606
1791352473,26830,4606
1791352475,26830,4607
1791352477,26830,4605
1791352479,26830,4605
1791352481,26830,4605
1791352483,26830,4606
1791352485,26830,4606
1791352487,26830,4607
1791352489,26830,4604
1791352491,26830,4604
1791352493,26830,4603
1791352495,26830,4602
1791352497,26830,4602
1791352499,26830,4602
1791352501,26830,4602
1791352503,26830,4600
1791352505,26830,4600
1791352507,26830,4602
1791352509,26830,4600
1791352511,26830,4600
1791352513,26830,4601
1791352515,26830,4600
1791352517,26830,4600
1791352520,26830,4601
1791352522,26830,4593
1791352524,26830,4593
1791352526,26830,4593
1791352528,26830,4593
1791352530,26830,4592
1791352532,26830,4593
1791352534,26830,4593
1791352536,26830,4593
1791352538,26830,4593
1791352540,26830,4593
1791352542,26830,4594
1791352544,26830,4594
1791352546,26830,4594
1791352548,26830,4595
1791352550,26830,4594
1791352552,26830,4587
1791352554,26830,4587
1791352556,26830,4587
1791352558,26830,4587
1791352560,26830,4585
1791352562,26830,4610
1791352564,26832,4610
1791352566,26834,4608
1791352568,26834,4608
1791352570,26173,3955
1791352572,26173,3956
1791352574,26173,3956
1791352576,26173,3956
1791352578,26173,3956
1791352580,26173,3957
1791352582,26173,3956
1791352584,26173,3953
1791352586,26173,3953
1791352588,26173,3952
1791352590,26173,3952
1791352592,26173,3953
1791352594,26285,3960
1791352596,26285,3960
1791352598,26285,3959
1791352600,26285,3960
1791352602,26285,3960
1791352604,26285,3960
1791352606,26285,3960
1791352608,26285,3960
1791352610,26285,3959
1791352612,26285,3960
1791352614,26285,3959
1791352616,26285,3960
1791352618,26285,3961
1791352620,26285,3961
1791352622,26285,3960
1791352625,26285,3961
1791352627,26285,3961
1791352629,26285,3959
1791352631,26285,3960
1791352633,26285,3960
1791352635,26285,3959
1791352637,26285,3960
1791352639,26285,3960
1791352641,26285,3961
1791352643,26285,3960
1791352645,26285,3959
1791352647,26285,3956
1791352649,26285,3957
1791352651,26285,3957
1791352653,26285,3957
1791352655,26285,3957
1791352657,26285,3959
1791352659,26285,3959
1791352661,26285,3959
1791352663,26285,3959
1791352665,26285,3960
1791352667,26285,3958
1791352669,26285,3957
1791352671,26285,3957
1791352673,26285,3957
1791352675,26285,3957
1791352677,26285,3956
1791352679,26285,3956
1791352681,26285,3955
1791352683,26285,3954
1791352685,26285,3954
1791352687,26285,3954
1791352689,26285,3954
1791352691,26285,3955
1791352693,26285,3954
1791352695,26285,3954
1791352697,26285,3954
1791352699,26285,3954
1791352701,26285,3954
1791352703,26285,3955
1791352705,26285,3953
1791352707,26285,3954
1791352709,26285,3951
1791352711,26285,3951
1791352713,26285,3949
1791352715,26285,3949
1791352717,26285,3949
1791352719,26285,3951
1791352721,26285,3951
1791352723,26285,3952
1791352725,26285,3952
1791352727,26285,3953
1791352730,26285,3953
1791352732,26285,3953
1791352734,26285,3953
1791352736,26285,3953
1791352738,26285,3953
1791352740,26285,3953
1791352742,26285,3952
1791352744,26285,3952
1791352746,26285,3952
1791352748,26285,3953
1791352750,26285,3952
1791352752,26285,3952
1791352754,26285,3952
1791352756,26285,3952
1791352758,26285,3952
1791352760,26285,3952
1791352762,26285,3951
1791352764,26285,3952
1791352766,26285,3951
1791352768,26285,3951
1791352770,26285,3951
1791352772,26285,3951
1791352774,26285,3950
1791352776,26397,4067
1791352778,26397,4066
1791352780,26397,4067
1791352782,26397,4067
1791352784,26397,4067
1791352786,26397,4067
1791352788,26397,4068
1791352790,26397,4068
1791352792,26397,4067
1791352794,26397,4066
1791352796,26397,4068
1791352798,26397,4069
1791352800,26397,4069
1791352802,26397,4069
1791352804,26397,4067
1791352806,26397,4066
1791352808,26397,4065
1791352810,26397,4065
1791352812,26397,4067
1791352814,26397,4067
1791352816,26397,4067
1791352818,26397,4067
1791352820,26397,4067
1791352822,26397,4067
1791352824,26397,4067
1791352826,26397,4067
1791352828,26397,4068
1791352830,26397,4067
1791352832,26397,4064
1791352834,26397,4064
1791352837,26397,4063
1791352839,26397,4063
1791352841,26397,4063
1791352843,26397,4064
1791352845,26397,4064
1791352847,26397,4063
1791352849,26397,4064
1791352851,26397,4065
1791352853,26397,4065
1791352855,26397,4066
1791352857,26397,4066
1791352859,26397,4066
1791352861,26397,4066
1791352863,26397,4064
1791352865,26397,4064
1791352867,26397,4062
1791352869,26397,4063
1791352871,26397,4063
1791352873,26397,4064
1791352875,26397,4065
1791352877,26397,4065
1791352879,26397,4063
1791352881,26397,4062
1791352883,26397,4063
1791352885,26397,4062
1791352887,26397,4063
1791352889,26397,4063
1791352891,26397,4063
1791352893,26397,4064
1791352895,26397,4064
1791352897,26397,4065
1791352899,26397,4065
1791352901,26397,4065
1791352903,26397,4064
1791352905,26397,4064
1791352907,26397,4064
1791352909,26397,4064
1791352911,26397,4061
1791352913,26397,4060
1791352915,26397,4060
1791352917,26397,4061
1791352919,26397,4062
1791352921,26397,4063
1791352923,26397,4065
1791352925,26397,4065
1791352927,26397,4063
1791352929,26397,4063
1791352931,26397,4062
1791352933,26397,4063
1791352935,26397,4062
1791352937,26397,4063
1791352939,26397,4064
1791352942,26397,4063
1791352944,26397,4062
1791352946,26397,4062
1791352948,26397,4062
1791352950,26397,4062
1791352952,26397,4063
1791352954,26397,4063
1791352956,26510,4173
1791352958,26510,4172
1791352960,26510,4173
1791352962,26510,4173
1791352964,26510,4174
1791352966,26510,4172
1791352968,26510,4174
1791352970,26510,4174
1791352972,26510,4174
1791352974,26510,4175
1791352976,26510,4176
1791352978,26510,4173
1791352980,26510,4174
1791352982,26510,4175
1791352984,26510,4176
1791352986,26510,4177
1791352988,26510,4177
1791352990,26510,4176
1791352992,26510,4175
1791352994,26510,4175
1791352996,26510,4175
1791352998,26510,4176
1791353000,26510,4177
1791353002,26510,4176
1791353004,26510,4176
1791353006,26510,4175
1791353008,26510,4175
1791353010,26510,4176
1791353012,26510,4175
1791353014,26510,4175
1791353016,26510,4175
1791353018,26510,4177
1791353020,26510,4178
1791353022,26510,4176
1791353024,26510,4176
1791353026,26510,4174
1791353028,26510,4175
1791353030,26510,4175
1791353032,26510,4174
1791353034,26510,4174
1791353036,26510,4172
1791353038,26510,4171
1791353040,26510,4173
1791353042,26510,4173
1791353044,26510,4172
1791353046,26510,4173
1791353049,26510,4172
1791353051,26510,4172
1791353053,26510,4172
1791353055,26510,4173
1791353057,26510,4174
1791353059,26510,4173
1791353061,26510,4173
1791353063,26510,4173
1791353065,26510,4174
1791353067,26510,4174
1791353069,26510,4173
1791353071,26510,4172
1791353073,26510,4171
1791353075,26510,4172
1791353077,26510,4173
1791353079,26510,4174
1791353081,26510,4173
1791353083,26510,4172
1791353085,26510,4172
1791353087,26510,4172
1791353089,26510,4171
1791353091,26510,4171
1791353093,26510,4173
1791353095,26510,4173
1791353097,26510,4173
1791353099,26510,4172
1791353101,26510,4173
1791353103,26510,4172
1791353105,26510,4171
1791353107,26510,4171
1791353109,26510,4172
1791353111,26510,4172
1791353113,26510,4203
1791353115,26510,4206
1791353117,26510,4204
1791353119,26510,4204
1791353121,26510,4204
1791353123,26510,4205
1791353125,26510,4205
1791353127,26510,4205
1791353129,26510,4204
1791353131,26510,4205
1791353133,26622,4312
1791353135,26622,4312
1791353137,26622,4312
1791353139,26622,4311
1791353141,26622,4312
1791353143,26622,4311
1791353145,26622,4312
1791353147,26622,4313
1791353149,26622,4312
1791353151,26622,4313
1791353154,26622,4311
1791353156,26622,4312
1791353158,26622,4312
1791353160,26622,4313
1791353162,26622,4314
1791353164,26622,4314
1791353166,26622,4310
1791353168,26622,4309
1791353170,26622,4310
1791353172,26622,4309
1791353174,26622,4309
1791353176,26622,4308
1791353178,26622,4309
1791353180,26622,4310
1791353182,26622,4308
1791353184,26622,4309
1791353186,26622,4310
1791353188,26622,4311
1791353190,26622,4311
1791353192,26622,4312
1791353194,26622,4313
1791353196,26622,4311
1791353198,26622,4310
1791353200,26622,4310
1791353202,26622,4309
1791353204,26622,4308
1791353206,26622,4308
1791353208,26622,4308
1791353210,26622,4308
1791353212,26622,4307
1791353214,26622,4307
1791353216,26622,4307
1791353218,26622,4307
1791353220,26622,4308
1791353222,26622,4307
1791353224,26622,4308
1791353226,26622,4309
1791353228,26622,4305
1791353230,26622,4306
1791353232,26622,4304
1791353234,26622,4303
1791353236,26622,4305
1791353238,26622,4305
1791353240,26622,4305
1791353242,26622,4306
1791353244,26622,4305
1791353246,26622,4307
1791353248,26622,4306
1791353250,26622,4306
1791353252,26622,4306
1791353254,26622,4306
1791353256,26622,4307
1791353258,26622,4305
1791353261,26622,4305
1791353263,26622,4305
1791353265,26622,4306
1791353267,26622,4305
1791353269,26622,4305
1791353271,26622,4304
1791353273,26622,4304
1791353275,26622,4304
1791353277,26622,4305
1791353279,26622,4303
1791353281,26622,4304
1791353283,26622,4303
1791353285,26622,4303
1791353287,26622,4304
1791353289,26622,4305
1791353291,26622,4302
1791353293,26622,4302
1791353295,26622,4300
1791353297,26622,4301
1791353299,26622,4301
1791353301,26622,4302
1791353303,26622,4300
1791353305,26622,4300
1791353307,26622,4301
1791353309,26622,4301
1791353311,26622,4303
1791353313,26622,4301
1791353315,26622,4302
1791353317,26734,4413
1791353319,26734,4413
1791353321,26734,4412
1791353323,26734,4412
1791353325,26734,4412
1791353327,26734,4411
1791353329,26734,4411
1791353331,26734,4412
1791353333,26734,4411
1791353335,26734,4412
1791353337,26734,4412
1791353339,26734,4414
1791353341,26734,4414
1791353343,26734,4414
1791353345,26734,4414
1791353347,26734,4413
1791353349,26734,4414
1791353351,26734,4412
1791353353,26734,4410
1791353355,26734,4411
1791353357,26734,4408
1791353359,26734,4409
1791353361,26734,4411
1791353363,26734,4410
1791353366,26734,4410
1791353368,26734,4411
1791353370,26734,4411
1791353372,26734,4411
1791353374,26734,4410
1791353376,26734,4410
1791353378,26734,4409
1791353380,26734,4409
1791353382,26734,4408
1791353384,26734,4408
1791353386,26734,4407
1791353388,26734,4407
1791353390,26734,4406
1791353392,26734,4406
1791353394,26734,4407
1791353396,26734,4408
1791353398,26734,4408
1791353400,26734,4409
1791353402,26734,4408
1791353404,26734,4407
1791353406,26734,4409
1791353408,26734,4409
1791353410,26734,4408
1791353412,26734,4408
1791353414,26734,4407
1791353416,26734,4407
1791353418,26734,4406
1791353420,26734,4407
1791353422,26734,4407
1791353424,26734,4407
1791353426,26734,4407
1791353428,26734,4406
1791353430,26734,4406
1791353432,26734,4407
1791353434,26734,4407
1791353436,26734,4406
1791353438,26734,4407
1791353440,26734,4406
1791353442,26734,4407
1791353444,26734,4407
1791353446,26734,4407
1791353448,26734,4409
1791353450,26734,4408
1791353452,26734,4407
1791353454,26734,4406
1791353456,26734,4404
1791353458,26734,4406
1791353460,26734,4406
1791353462,26734,4405
1791353464,26734,4406
1791353466,26734,4405
1791353468,26734,4406
1791353470,26734,4408
1791353473,26734,4409
1791353475,26734,4408
1791353477,26734,4409
1791353479,26734,4408
1791353481,26734,4407
1791353483,26734,4407
1791353485,26734,4407
1791353487,26734,4406
1791353489,26734,4408
1791353491,26734,4407
1791353493,26734,4407
1791353495,26734,4407
1791353497,26846,4523
1791353499,26846,4524
1791353501,26846,4525
1791353503,26846,4528
1791353505,26846,4529
1791353507,26846,4529
1791353509,26846,4529
1791353511,26846,4529
1791353513,26846,4529
1791353515,26846,4529
1791353517,26846,4529
1791353519,26846,4529
1791353521,26846,4529
1791353523,26846,4529
1791353525,26846,4529
1791353527,26846,4529
1791353529,26846,4530
1791353531,26846,4530
1791353533,26846,4530
1791353535,26846,4530
1791353537,26846,4530
1791353539,26846,4530
1791353541,26846,4530
1791353543,26846,4530
1791353545,26846,4530
1791353547,26846,4528
1791353549,26846,4527
1791353551,26846,4525
1791353553,26846,4524
1791353555,26846,4525
1791353557,26846,4524
1791353559,26846,4524
1791353561,26846,4525
1791353563,26846,4524
1791353565,26846,4523
1791353567,26846,4524
1791353569,26846,4524
1791353571,26846,4523
1791353573,26846,4522
1791353575,26846,4521
1791353578,26846,4521
1791353580,26846,4522
1791353582,26846,4521
1791353584,26846,4521
1791353586,26846,4522
1791353588,26846,4524
1791353590,26846,4525
1791353592,26846,4526
1791353594,26846,4526
1791353596,26846,4525
1791353598,26846,4525
1791353600,26846,4525
1791353602,26846,4524
1791353604,26846,4525
1791353606,26846,4524
1791353608,26846,4524
1791353610,26846,4524
1791353612,26846,4523
1791353614,26846,4522
1791353616,26846,4522
1791353618,26846,4521
1791353620,26846,4521
1791353622,26846,4522
1791353624,26846,4521
1791353626,26846,4522
1791353628,26846,4522
1791353630,26846,4523
1791353632,26846,4522
1791353634,26846,4522
1791353636,26846,4521
1791353638,26846,4521
1791353640,26846,4520
1791353642,26846,4520
1791353644,26846,4520
1791353646,26846,4521
1791353648,26846,4522
1791353650,26846,4522
1791353652,26846,4523
1791353654,26846,4523
1791353656,26846,4523
1791353658,26846,4522
1791353660,26846,4521
1791353662,26846,4521
1791353664,26846,4521
1791353666,26846,4520
1791353668,26846,4520
1791353670,26846,4517
1791353672,26846,4518
1791353674,26846,4518
1791353676,26846,4519
1791353678,26846,4629
1791353680,26846,4629
1791353682,26846,4629
1791353685,26846,4629
1791353687,26846,4629
1791353689,26846,4629
1791353691,26846,4629
1791353693,26846,4630
1791353695,26846,4630
1791353697,26846,4630
1791353699,26846,4630
1791353701,26846,4628
1791353703,26846,4626
1791353705,26846,4625
1791353707,26846,4626
1791353709,26846,4627
1791353711,26846,4627
1791353713,26846,4627
1791353715,26846,4628
1791353717,26846,4628
1791353719,26846,4629
1791353721,26846,4629
1791353723,26846,4630
1791353725,26846,4629
1791353727,26846,4629
1791353729,26846,4628
1791353731,26846,4629
1791353733,26846,4628
1791353735,26846,4628
1791353737,26846,4630
1791353739,26846,4629
1791353741,26846,4629
1791353743,26846,4630
1791353745,26846,4630
1791353747,26846,4628
1791353749,26846,4628
1791353751,26846,4628
1791353753,26846,4628
1791353755,26846,4628
1791353757,26846,4628
1791353759,26846,4629
1791353761,26846,4628
1791353763,26846,4629
1791353765,26846,4629
1791353767,26846,4628
1791353769,26846,4628
1791353771,26846,4629
1791353773,26846,4630
1791353775,26846,4630
1791353777,26846,4629
1791353779,26846,4628
1791353781,26846,4626
1791353783,26846,4627
1791353785,26846,4627
1791353787,26846,4623
1791353790,26846,4622
1791353792,26846,4623
1791353794,26846,4622
1791353796,26846,4623
1791353798,26846,4623
1791353800,26846,4622
1791353802,26846,4624
1791353804,26846,4622
1791353806,26846,4623
1791353808,26846,4623
1791353810,26846,4623
1791353812,26846,4624
1791353814,26846,4622
1791353816,26846,4623
1791353818,26846,4615
1791353820,26846,4613
1791353822,26846,4613
1791353824,26846,4614
1791353826,26846,4614
1791353828,26846,4614
1791353830,26846,4614
1791353832,26846,4614
1791353834,26846,4615
1791353836,26846,4615
1791353838,26846,4615
1791353840,26846,4615
1791353842,26846,4616
1791353844,26846,4616
1791353846,26846,4614
1791353848,26846,4607
1791353850,26846,4607
1791353852,26846,4606
1791353854,26846,4605
1791353856,26846,4606
1791353858,26847,4629
1791353860,26847,4629
1791353862,26847,4629
1791353864,26847,4627
1791353866,26847,4628
1791353868,26847,4628
1791353870,26847,4625
1791353872,26847,4625
1791353874,26847,4625
1791353876,26847,4625
1791353878,26847,4626
1791353880,26847,4618
1791353882,26847,4617
1791353884,26847,4617
1791353886,26847,4618
1791353888,26847,4618
1791353890,26847,4618
1791353892,26847,4617
1791353895,26847,4617
1791353897,26847,4616
1791353899,26847,4616
1791353901,26847,4616
1791353903,26847,4616
1791353905,26847,4615
1791353907,26847,4615
1791353909,26847,4616
1791353911,26847,4608
1791353913,26847,4608
1791353915,26847,4609
1791353917,26847,4609
1791353919,26847,4609
1791353921,26847,4609
1791353923,26847,4610
1791353925,26847,4611
1791353927,26847,4611
1791353929,26847,4612
1791353931,26847,4611
1791353933,26847,4609
1791353935,26847,4609
1791353937,26847,4609
1791353939,26847,4609
1791353941,26847,4601
1791353943,26847,4601
1791353945,26847,4601
1791353947,26847,4602
1791353949,26847,4601
1791353951,26847,4602
1791353953,26847,4602
1791353955,26847,4603
1791353957,26847,4603
1791353959,26847,4604
1791353961,26847,4604
1791353963,26847,4604
1791353965,26847,4603
1791353967,26847,4604
1791353969,26847,4605
1791353971,26847,4597
1791353973,26847,4597
1791353975,26847,4597
1791353977,26847,4597
1791353979,26847,4595
1791353981,26847,4593
1791353983,26847,4593
1791353985,26847,4594
1791353987,26847,4594
1791353989,26847,4595
1791353991,26847,4594
1791353993,26847,4596
1791353995,26847,4596
1791353997,26847,4597
1791353999,26847,4597
1791354002,26847,4598
1791354004,26847,4590
1791354006,26847,4590
1791354008,26847,4590
1791354010,26847,4590
1791354012,26847,4589
1791354014,26847,4590
1791354016,26847,4590
1791354018,26847,4590
1791354020,26847,4588
1791354022,26847,4589
1791354024,26847,4590
1791354026,26847,4588
1791354028,26847,4586
1791354030,26847,4587
1791354032,26847,4587
1791354034,26847,4579
1791354036,26847,4580
1791354038,26847,4579
1791354040,26847,4624
1791354042,26847,4624
1791354044,26847,4625
1791354046,26847,4623
1791354048,26847,4623
1791354050,26847,4623
1791354052,26847,4623
1791354054,26847,4623
1791354056,26847,4623
1791354058,26847,4624
1791354060,26847,4624
1791354062,26847,4624
1791354064,26847,4616
1791354066,26847,4615
1791354068,26847,4615
1791354070,26847,4614
1791354072,26847,4614
1791354074,26847,4614
1791354076,26847,4615
1791354078,26847,4616
1791354080,26847,4614
1791354082,26847,4614
1791354084,26847,4617
1791354086,26847,4617
1791354088,26847,4616
1791354090,26847,4616
1791354092,26847,4616
1791354094,26847,4609
1791354096,26847,4610
1791354098,26847,4608
1791354100,26847,4608
1791354102,26847,4608
1791354104,26847,4607
1791354106,26847,4607
1791354109,26847,4608
1791354111,26847,4607
1791354113,26847,4606
1791354115,26847,4607
1791354117,26847,4607
1791354119,26847,4606
1791354121,26847,4606
1791354123,26847,4607
1791354125,26847,4599
1791354127,26847,4601
1791354129,26847,4600
1791354131,26847,4600
1791354133,26847,4599
1791354135,26847,4599
1791354137,26847,4598
1791354139,26847,4599
1791354141,26847,4599
1791354143,26847,4598
1791354145,26847,4598
1791354147,26847,4599
1791354149,26847,4599
1791354151,26847,4599
1791354153,26847,4599
1791354155,26847,4600
1791354157,26847,4590
1791354159,26847,4591
1791354161,26847,4591
1791354163,26847,4590
1791354165,26847,4589
1791354167,26847,4590
1791354169,26847,4591
1791354171,26847,4592
1791354173,26847,4593
1791354175,26847,4594
1791354177,26847,4594
1791354179,26847,4593
1791354181,26847,4594
1791354183,26847,4594
1791354185,26847,4594
1791354187,26847,4587
1791354189,26847,4587
1791354191,26847,4588
1791354193,26847,4588
1791354195,26847,4587
1791354197,26847,4586
1791354199,26847,4586
1791354201,26847,4584
1791354203,26847,4586
1791354205,26847,4585
1791354207,26847,4585
1791354209,26847,4585
1791354212,26847,4585
1791354214,26847,4584
1791354216,26847,4584
1791354218,26847,4578
1791354220,26847,4577
1791354222,26847,4577
1791354224,26847,4577
1791354226,26847,4624
1791354228,26847,4625
1791354230,26847,4625
1791354232,26847,4625
1791354234,26847,4624
1791354236,26847,4623
1791354238,26847,4622
1791354240,26847,4623
1791354242,26847,4623
1791354244,26847,4623
1791354246,26847,4623
1791354248,26847,4616
1791354250,26847,4615
1791354252,26847,4614
1791354254,26847,4614
1791354256,26847,4613
1791354258,26847,4613
1791354260,26847,4616
1791354262,26847,4616
1791354264,26847,4616
1791354266,26847,4616
1791354268,26847,4616
1791354270,26847,4616
1791354272,26847,4616
1791354274,26847,4618
1791354276,26847,4617
1791354278,26847,4618
1791354280,26847,4608
1791354282,26847,4608
1791354284,26847,4608
1791354286,26847,4608
1791354288,26847,4608
1791354290,26847,4609
1791354292,26847,4609
1791354294,26847,4609
1791354296,26847,4610
1791354298,26847,4610
1791354300,26847,4610
1791354302,26847,4610
1791354304,26847,4610
1791354306,26847,4610
1791354308,26847,4610
1791354310,26847,4610
1791354312,26847,4603
1791354314,26847,4603
1791354317,26847,4603
1791354319,26847,4603
1791354321,26847,4604
1791354323,26847,4602
1791354325,26847,4603
1791354327,26847,4603
1791354329,26847,4604
1791354331,26847,4603
1791354333,26847,4602
1791354335,26847,4602
1791354337,26847,4603
1791354339,26847,4603
1791354341,26847,4602
1791354343,26847,4593
1791354345,26847,4594
1791354347,26847,4595
1791354349,26847,4596
1791354351,26847,4596
1791354353,26847,4596
1791354355,26847,4595
1791354357,26847,4595
1791354359,26847,4595
1791354361,26847,4595
1791354363,26847,4595
1791354365,26847,4593
1791354367,26847,4594
1791354369,26847,4594
1791354371,26847,4594
1791354373,26847,4586
1791354375,26847,4587
1791354377,26847,4586
1791354379,26847,4586
1791354381,26847,4585
1791354383,26847,4586
1791354385,26847,4586
1791354387,26847,4586
1791354389,26847,4586
1791354391,26847,4586
1791354393,26847,4586
1791354395,26847,4586
1791354397,26847,4587
1791354399,26847,4587
1791354401,26847,4587
1791354403,26847,4579
1791354405,26847,4579
1791354407,26847,4625
1791354409,26847,4625
1791354411,26847,4624
1791354413,26847,4623
1791354415,26847,4622
1791354417,26847,4623
1791354419,26847,4621
1791354421,26847,4622
1791354424,26847,4623
1791354426,26847,4624
1791354428,26847,4624
1791354430,26847,4624
1791354432,26847,4625
1791354434,26847,4625
1791354436,26847,4616
1791354438,26847,4614
1791354440,26847,4615
1791354442,26847,4615
1791354444,26847,4615
1791354446,26847,4616
1791354448,26847,4615
1791354450,26847,4616
1791354452,26847,4615
1791354454,26847,4616
1791354456,26847,4616
1791354458,26847,4617
1791354460,26847,4615
1791354462,26847,4615
1791354464,26847,4616
1791354466,26847,4609
1791354468,26847,4609
1791354470,26847,4609
1791354472,26847,4610
1791354474,26847,4610
1791354476,26847,4610
1791354478,26847,4610
1791354480,26847,4610
1791354482,26847,4609
1791354484,26847,4609
1791354486,26847,4610
1791354488,26847,4611
1791354490,26847,4611
1791354492,26847,4611
1791354494,26847,4612
1791354496,26847,4605
1791354498,26847,4605
1791354500,26847,4605
1791354502,26847,4628
1791354504,26848,4629
1791354506,26848,4628
1791354508,26848,4628
1791354510,26848,4651
1791354512,26184,3980
1791354514,26184,3980
1791354516,26184,3981
1791354518,26184,3981
1791354520,26184,3982
1791354522,26184,3981
1791354524,26184,3981
1791354526,26184,3973
1791354528,26184,3973
1791354531,26184,3973
1791354533,26184,3973
1791354535,26184,3972
1791354537,26296,3976
1791354539,26296,3976
1791354541,26296,3977
1791354543,26296,3979
1791354545,26296,3980
1791354547,26296,3979
1791354549,26296,3979
1791354551,26296,3980
1791354553,26296,3977
1791354555,26296,3976
1791354557,26296,3977
1791354559,26296,3977
1791354561,26296,3977
1791354563,26296,3985
1791354565,26296,3985
1791354567,26296,3984
1791354569,26296,3983
1791354571,26296,3982
1791354573,26296,3983
1791354575,26296,3982
1791354577,26296,3982
1791354579,26296,3982
1791354581,26296,3983
1791354583,26296,3981
1791354585,26296,3982
1791354587,26296,3982
1791354589,26296,3982
1791354591,26296,3981
1791354593,26296,3981
1791354595,26296,3981
1791354597,26296,3981
1791354599,26296,3980
1791354601,26296,3979
1791354603,26296,3980
1791354605,26296,3981
1791354607,26296,3981
1791354609,26296,3981
1791354611,26296,3980
1791354613,26296,3979
1791354615,26296,3979
1791354617,26296,3979
1791354619,26296,3979
1791354621,26296,3978
1791354623,26296,3978
1791354625,26296,3977
1791354627,26296,3976
1791354629,26296,3976
1791354631,26296,3975
1791354633,26296,3976
1791354636,26296,3977
1791354638,26296,3984
1791354640,26296,3985
1791354642,26296,3985
1791354644,26296,3985
1791354646,26296,3985
1791354648,26296,3986
1791354650,26296,3985
1791354652,26296,3986
1791354654,26296,3985
1791354656,26296,3985
1791354658,26296,3986
1791354660,26296,3986
1791354662,26296,3986
1791354664,26296,3987
1791354666,26296,3988
1791354668,26296,3988
1791354670,26296,3987
1791354672,26296,3989
1791354674,26296,3989
1791354676,26296,3989
1791354678,26296,3989
1791354680,26296,3989
1791354682,26296,3989
1791354684,26296,3988
1791354686,26296,3985
1791354688,26296,3987
1791354690,26296,3988
1791354692,26296,3988
1791354694,26296,3988
1791354696,26296,3987
1791354698,26296,3986
1791354700,26296,3986
1791354702,26296,3986
1791354704,26296,3987
1791354706,26296,3987
1791354708,26296,3987
1791354710,26296,3987
1791354712,26296,3986
1791354714,26409,4102
1791354716,26409,4102
1791354718,26409,4101
1791354720,26409,4103
1791354722,26409,4103
1791354724,26409,4103
1791354726,26409,4104
1791354728,26409,4103
1791354730,26409,4104
1791354732,26409,4103
1791354734,26409,4102
1791354736,26409,4101
1791354738,26409,4100
1791354741,26409,4101
1791354743,26409,4101
1791354745,26409,4100
1791354747,26409,4099
1791354749,26409,4098
1791354751,26409,4097
1791354753,26409,4096
1791354755,26409,4096
1791354757,26409,4095
1791354759,26409,4096
1791354761,26409,4096
1791354763,26409,4096
1791354765,26409,4096
1791354767,26409,4094
1791354769,26409,4094
1791354771,26409,4094
1791354773,26409,4093
1791354775,26409,4094
1791354777,26409,4093
1791354779,26409,4093
1791354781,26409,4094
1791354783,26409,4092
1791354785,26409,4092
1791354787,26409,4092
1791354789,26409,4093
1791354791,26409,4093
1791354793,26409,4094
1791354795,26409,4093
1791354797,26409,4092
1791354799,26409,4093
1791354801,26409,4092
1791354803,26409,4092
1791354805,26409,4094
1791354807,26409,4093
1791354809,26409,4094
1791354811,26409,4093
1791354813,26409,4094
1791354815,26409,4093
1791354817,26409,4093
1791354819,26409,4092
1791354821,26409,4092
1791354823,26409,4092
1791354825,26409,4091
1791354827,26409,4092
1791354829,26409,4092
1791354831,26409,4092
1791354833,26409,4093
1791354835,26409,4094
1791354837,26409,4093
1791354839,26409,4093
1791354841,26409,4091
1791354843,26409,4091
1791354846,26409,4090
1791354848,26409,4090
1791354850,26409,4091
1791354852,26409,4091
1791354854,26409,4092
1791354856,26409,4092
1791354858,26409,4092
1791354860,26409,4093
1791354862,26409,4092
1791354864,26409,4093
1791354866,26409,4094
1791354868,26409,4094
1791354870,26409,4091
1791354872,26409,4092
1791354874,26409,4092
1791354876,26409,4092
1791354878,26409,4089
1791354880,26409,4088
1791354882,26409,4087
1791354884,26409,4088
1791354886,26409,4088
1791354888,26409,4090
1791354890,26409,4090
1791354892,26521,4200
1791354894,26521,4200
1791354896,26521,4200
1791354898,26521,4199
1791354900,26521,4199
1791354902,26521,4199
1791354904,26521,4199
1791354906,26521,4199
1791354908,26521,4199
1791354910,26521,4199
1791354912,26521,4197
1791354914,26521,4197
1791354916,26521,4196
1791354918,26521,4198
1791354920,26521,4198
1791354922,26521,4195
1791354924,26521,4196
1791354926,26521,4196
1791354928,26521,4197
1791354930,26521,4197
1791354932,26521,4197
1791354934,26521,4196
1791354936,26521,4196
1791354938,26521,4197
1791354940,26521,4197
1791354942,26521,4197
1791354944,26521,4197
1791354946,26521,4198
1791354948,26521,4198
1791354950,26521,4198
1791354953,26521,4199
1791354955,26521,4200
1791354957,26521,4200
1791354959,26521,4200
1791354961,26521,4199
1791354963,26521,4198
1791354965,26521,4198
1791354967,26521,4196
1791354969,26521,4196
1791354971,26521,4197
1791354973,26521,4196
1791354975,26521,4196
1791354977,26521,4208
1791354979,26521,4230
1791354981,26521,4230
1791354983,26521,4230
1791354985,26521,4230
1791354987,26521,4230
1791354989,26521,4231
1791354991,26521,4231
1791354993,26521,4231
1791354995,26521,4232
1791354997,26521,4231
1791354999,26521,4231
1791355001,26521,4231
1791355003,26521,4231
1791355005,26521,4232
1791355007,26521,4227
1791355009,26521,4226
1791355011,26521,4226
1791355013,26521,4226
1791355015,26521,4226
1791355017,26521,4227
1791355019,26521,4228
1791355021,26521,4227
1791355023,26521,4226
1791355025,26521,4227
1791355027,26521,4226
1791355029,26521,4225
1791355031,26521,4224
1791355033,26521,4224
1791355035,26521,4224
1791355037,26521,4224
1791355039,26521,4222
1791355041,26521,4222
1791355043,26521,4222
1791355045,26521,4224
1791355047,26521,4224
1791355049,26521,4224
1791355051,26521,4224
1791355053,26521,4223
1791355055,26521,4223
1791355058,26521,4222
1791355060,26521,4222
1791355062,26521,4222
1791355064,26521,4223
1791355066,26521,4221
1791355068,26521,4222
1791355070,26521,4220
1791355072,26521,4220
1791355074,26633,4331
1791355076,26633,4332
1791355078,26633,4332
1791355080,26633,4332
1791355082,26633,4332
1791355084,26633,4332
1791355086,26633,4333
1791355088,26633,4332
1791355090,26633,4332
1791355092,26633,4332
1791355094,26633,4331
1791355096,26633,4331
1791355098,26633,4331
1791355100,26633,4330
1791355102,26633,4330
1791355104,26633,4329
1791355106,26633,4329
1791355108,26633,4328
1791355110,26633,4330
1791355112,26633,4330
1791355114,26633,4327
1791355116,26633,4326
1791355118,26633,4326
1791355120,26633,4326
1791355122,26633,4326
1791355124,26633,4327
1791355126,26633,4327
1791355128,26633,4327
1791355130,26633,4325
1791355132,26633,4324
1791355134,26633,4324
1791355136,26633,4325
1791355138,26633,4325
1791355140,26633,4325
1791355142,26633,4325
1791355144,26633,4324
1791355146,26633,4324
1791355148,26633,4324
1791355150,26633,4324
1791355152,26633,4324
1791355154,26633,4324
1791355156,26633,4324
1791355158,26633,4323
1791355160,26633,4323
1791355163,26633,4323
1791355165,26633,4321
1791355167,26633,4320
1791355169,26633,4321
1791355171,26633,4321
1791355173,26633,4322
1791355175,26633,4321
1791355177,26633,4319
1791355179,26633,4320
1791355181,26633,4319
1791355183,26633,4319
1791355185,26633,4320
1791355187,26633,4320
1791355189,26633,4321
1791355191,26633,4322
1791355193,26633,4323
1791355195,26633,4321
1791355197,26633,4321
1791355199,26633,4321
1791355201,26633,4320
1791355203,26633,4321
1791355205,26633,4320
1791355207,26633,4319
1791355209,26633,4320
1791355211,26633,4320
1791355213,26633,4320
1791355215,26633,4320
1791355217,26633,4320
1791355219,26633,4321
1791355221,26633,4321
1791355223,26633,4321
1791355225,26633,4320
1791355227,26633,4321
1791355229,26633,4321
1791355231,26633,4322
1791355233,26633,4321
1791355235,26633,4321
1791355237,26633,4320
1791355239,26633,4321
1791355241,26633,4318
1791355243,26633,4319
1791355245,26633,4320
1791355247,26633,4320
1791355249,26633,4318
1791355251,26633,4319
1791355253,26745,4437
1791355255,26745,4436
1791355257,26745,4436
1791355259,26745,4436
1791355261,26745,4437
1791355263,26745,4437
1791355265,26745,4435
1791355267,26745,4435
1791355270,26745,4434
1791355272,26745,4436
1791355274,26745,4434
1791355276,26745,4432
1791355278,26745,4435
1791355280,26745,4436
1791355282,26745,4436
1791355284,26745,4435
1791355286,26745,4435
1791355288,26745,4435
1791355290,26745,4434
1791355292,26745,4433
1791355294,26745,4434
1791355296,26745,4434
1791355298,26745,4434
1791355300,26745,4434
1791355302,26745,4436
1791355304,26745,4437
1791355306,26745,4434
1791355308,26745,4433
1791355310,26745,4435
1791355312,26745,4432
1791355314,26745,4432
1791355316,26745,4433
1791355318,26745,4432
1791355320,26745,4432
1791355322,26745,4433
1791355324,26745,4433
1791355326,26745,4433
1791355328,26745,4433
1791355330,26745,4433
1791355332,26745,4432
1791355334,26745,4432
1791355336,26745,4432
1791355338,26745,4432
1791355340,26745,4433
1791355342,26745,4433
1791355344,26745,4433
1791355346,26745,4433
1791355348,26745,4432
1791355350,26745,4432
1791355352,26745,4432
1791355354,26745,4432
1791355356,26745,4432
1791355358,26745,4431
1791355360,26745,4431
1791355362,26745,4431
1791355364,26745,4431
1791355366,26745,4431
1791355368,26745,4432
1791355370,26745,4431
1791355372,26745,4431
1791355375,26745,4431
1791355377,26745,4431
1791355379,26745,4431
1791355381,26745,4432
1791355383,26745,4432
1791355385,26745,4433
1791355387,26745,4432
1791355389,26745,4432
1791355391,26745,4433
1791355393,26745,4433
1791355395,26745,4432
1791355397,26745,4432
1791355399,26745,4432
1791355401,26745,4432
1791355403,26745,4432
1791355405,26745,4431
1791355407,26745,4429
1791355409,26745,4430
1791355411,26745,4429
1791355413,26745,4429
1791355415,26745,4428
1791355417,26745,4428
1791355419,26745,4429
1791355421,26745,4429
1791355423,26745,4429
1791355425,26745,4428
1791355427,26745,4428
1791355429,26745,4425
1791355431,26745,4426
1791355433,26745,4426
1791355435,26745,4427
1791355437,26858,4538
1791355439,26858,4538
1791355441,26858,4538
1791355443,26858,4539
1791355445,26858,4539
1791355447,26858,4540
1791355449,26858,4540
1791355451,26858,4540
1791355453,26858,4538
1791355455,26858,4538
1791355457,26858,4538
1791355459,26858,4539
1791355461,26858,4539
1791355463,26858,4539
1791355465,26858,4539
1791355467,26858,4538
1791355469,26858,4538
1791355471,26858,4538
1791355473,26858,4538
1791355475,26858,4537
1791355477,26858,4537
1791355480,26858,4537
1791355482,26858,4537
1791355484,26858,4536
1791355486,26858,4536
1791355488,26858,4537
1791355490,26858,4537
1791355492,26858,4538
1791355494,26858,4538
1791355496,26858,4539
1791355498,26858,4539
1791355500,26858,4539
1791355502,26858,4539
1791355504,26858,4539
1791355506,26858,4539
1791355508,26858,4538
1791355510,26858,4538
1791355512,26858,4538
1791355514,26858,4536
1791355516,26858,4537
1791355518,26858,4537
1791355520,26858,4537
1791355522,26858,4537
1791355524,26858,4538
1791355526,26858,4538
1791355528,26858,4538
1791355530,26858,4539
1791355532,26858,4539
1791355534,26858,4539
1791355536,26858,4539
1791355538,26858,4532
1791355540,26858,4533
1791355542,26858,4533
1791355544,26858,4533
1791355546,26858,4532
1791355548,26858,4531
1791355550,26858,4532
1791355552,26858,4532
1791355554,26858,4532
1791355556,26858,4533
1791355558,26858,4533
1791355560,26858,4535
1791355562,26858,4535
1791355564,26858,4536
1791355566,26858,4537
1791355568,26858,4536
1791355570,26858,4536
1791355572,26858,4536
1791355574,26858,4536
1791355576,26858,4537
1791355578,26858,4537
1791355580,26858,4538
1791355582,26858,4537
1791355585,26858,4538
1791355587,26858,4538
1791355589,26858,4538
1791355591,26858,4539
1791355593,26858,4540
1791355595,26858,4540
1791355597,26858,4539
1791355599,26858,4539
1791355601,26858,4539
1791355603,26858,4538
1791355605,26858,4538
1791355607,26858,4538
1791355609,26858,4538
1791355611,26858,4535
1791355613,26858,4535
1791355615,26858,4534
1791355617,26858,4535
1791355619,26858,4645
1791355621,26858,4645
1791355623,26858,4645
1791355625,26858,4646
1791355627,26858,4646
1791355629,26858,4647
1791355631,26858,4645
1791355633,26858,4644
1791355635,26858,4645
1791355637,26858,4644
1791355639,26858,4644
1791355641,26858,4638
1791355643,26858,4638
1791355645,26858,4639
1791355647,26858,4639
1791355649,26858,4639
1791355651,26858,4638
1791355653,26858,4638
1791355655,26858,4637
1791355657,26858,4637
1791355659,26858,4638
1791355661,26858,4638
1791355663,26858,4638
1791355665,26858,4637
1791355667,26858,4638
1791355669,26858,4635
1791355671,26858,4636
1791355673,26858,4637
1791355675,26858,4638
1791355677,26858,4638
1791355679,26858,4637
1791355681,26858,4637
1791355683,26858,4637
1791355685,26858,4638
1791355687,26858,4639
1791355689,26858,4638
1791355692,26858,4637
1791355694,26858,4638
1791355696,26858,4638
1791355698,26858,4638
1791355700,26858,4638
1791355702,26858,4637
1791355704,26858,4637
1791355706,26858,4640
1791355708,26858,4639
1791355710,26858,4640
1791355712,26858,4640
1791355714,26858,4640
1791355716,26858,4639
1791355718,26858,4640
1791355720,26858,4640
1791355722,26858,4640
1791355724,26858,4640
1791355726,26858,4641
1791355728,26858,4641
1791355730,26858,4641
1791355732,26858,4639
1791355734,26858,4638
1791355736,26858,4637
1791355738,26858,4638
1791355740,26858,4638
1791355742,26858,4638
1791355744,26858,4638
1791355746,26858,4638
1791355748,26858,4639
1791355750,26858,4640
1791355752,26858,4639
1791355754,26858,4640
1791355756,26858,4639
1791355758,26858,4640
1791355760,26858,4641
1791355762,26858,4633
1791355764,26858,4632
1791355766,26858,4632
1791355768,26858,4633
1791355770,26858,4632
1791355772,26858,4632
1791355774,26858,4632
1791355776,26858,4632
1791355778,26858,4632
1791355780,26858,4632
1791355782,26858,4632
1791355784,26858,4633
1791355786,26858,4633
1791355788,26858,4632
1791355790,26858,4632
1791355792,26858,4624
1791355794,26858,4624
1791355796,26858,4647
1791355799,26858,4646
1791355801,26858,4644
1791355803,26858,4645
1791355805,26858,4644
1791355807,26858,4644
1791355809,26858,4643
1791355811,26858,4644
1791355813,26858,4645
1791355815,26858,4645
1791355817,26858,4645
1791355819,26858,4645
1791355821,26858,4645
1791355823,26858,4637
1791355825,26858,4635
1791355827,26858,4635
1791355829,26858,4635
1791355831,26858,4635
1791355833,26858,4636
1791355835,26858,4635
1791355837,26858,4641
1791355839,26858,4641
1791355841,26858,4642
1791355843,26858,4642
1791355845,26858,4643
1791355847,26858,4644
1791355849,26858,4645
1791355851,26858,4645
1791355853,26858,4637
1791355855,26858,4636
1791355857,26858,4636
1791355859,26858,4634
1791355861,26858,4632
1791355863,26858,4634
1791355865,26858,4633
1791355867,26858,4635
1791355869,26858,4635
1791355871,26858,4635
1791355873,26858,4637
1791355875,26858,4637
1791355877,26858,4637
1791355879,26858,4637
1791355881,26858,4637
1791355883,26858,4637
1791355885,26858,4630
1791355887,26858,4628
1791355889,26858,4629
1791355891,26858,4628
1791355893,26858,4627
1791355895,26858,4628
1791355897,26858,4629
1791355899,26858,4629
1791355901,26858,4629
1791355904,26858,4629
1791355906,26858,4630
1791355908,26858,4630
1791355910,26858,4631
1791355912,26858,4630
1791355914,26858,4632
1791355916,26858,4626
1791355918,26858,4624
1791355920,26858,4622
1791355922,26858,4621
1791355924,26858,4621
1791355926,26858,4621
1791355928,26858,4623
1791355930,26858,4623
1791355932,26858,4623
1791355934,26858,4623
1791355936,26858,4623
1791355938,26858,4624
1791355940,26858,4622
1791355942,26858,4621
1791355944,26858,4622
1791355946,26858,4614
1791355948,26858,4613
1791355950,26858,4612
1791355952,26858,4614
1791355954,26858,4614
1791355956,26858,4615
1791355958,26858,4615
1791355960,26858,4615
1791355962,26858,4614
1791355964,26858,4614
1791355966,26858,4614
1791355968,26858,4614
1791355970,26858,4613
1791355972,26858,4613
1791355974,26858,4613
1791355976,26858,4637
1791355978,26858,4636
1791355980,26858,4636
1791355982,26858,4637
1791355984,26858,4638
1791355986,26858,4638
1791355988,26858,4638
1791355990,26858,4638
1791355992,26858,4638
1791355994,26858,4639
1791355996,26858,4639
1791355998,26858,4640
1791356000,26858,4638
1791356002,26858,4639
1791356004,26858,4639
1791356006,26858,4640
1791356009,26858,4631
1791356011,26858,4631
1791356013,26858,4632
1791356015,26858,4632
1791356017,26858,4632
1791356019,26858,4631
1791356021,26858,4631
1791356023,26858,4631
1791356025,26858,4630
1791356027,26858,4631
1791356029,26858,4631
1791356031,26858,4629
1791356033,26858,4629
1791356035,26858,4630
1791356037,26858,4630
1791356039,26858,4623
1791356041,26858,4622
1791356043,26858,4622
1791356045,26858,4622
1791356047,26858,4620
1791356049,26858,4620
1791356051,26858,4621
1791356053,26858,4621
1791356055,26858,4620
1791356057,26858,4621
1791356059,26858,4621
1791356061,26858,4621
1791356063,26858,4621
1791356065,26858,4621
1791356067,26858,4623
1791356069,26858,4616
1791356071,26858,4616
1791356073,26858,4616
1791356075,26858,4615
1791356077,26858,4609
1791356079,26858,4608
1791356081,26858,4608
1791356083,26858,4608
1791356085,26858,4608
1791356087,26858,4609
1791356089,26858,4608
1791356091,26858,4607
1791356093,26858,4607
1791356095,26858,4609
1791356097,26858,4608
1791356099,26858,4601
1791356101,26858,4601
1791356103,26858,4601
1791356105,26858,4601
1791356107,26858,4601
1791356109,26858,4601
1791356111,26858,4601
1791356113,26858,4601
1791356116,26858,4602
1791356118,26858,4602
1791356120,26858,4602
1791356122,26858,4599
1791356124,26858,4599
1791356126,26858,4598
1791356128,26858,4598
1791356130,26858,4591
1791356132,26858,4592
1791356134,26858,4591
1791356136,26858,4592
1791356138,26858,4592
1791356140,26858,4592
1791356142,26858,4592
1791356144,26858,4590
1791356146,26858,4590
1791356148,26858,4590
1791356150,26858,4590
1791356152,26858,4590
1791356154,26858,4646
1791356156,26858,4646
1791356158,26858,4649
1791356160,26858,4649
1791356162,26858,4640
1791356164,26858,4641
1791356166,26858,4641
1791356168,26858,4640
1791356170,26858,4641
1791356172,26858,4640
1791356174,26858,4640
1791356176,26858,4639
1791356178,26858,4640
1791356180,26858,4640
1791356182,26858,4640
1791356184,26858,4640
1791356186,26858,4641
1791356188,26858,4640
1791356190,26858,4640
1791356192,26858,4631
1791356194,26858,4631
1791356196,26858,4632
1791356198,26858,4632
1791356200,26858,4632
1791356202,26858,4631
1791356204,26858,4631
1791356206,26858,4631
1791356208,26858,4631
1791356210,26858,4632
1791356212,26858,4632
1791356214,26858,4633
1791356216,26858,4634
1791356218,26858,4634
1791356220,26858,4634
1791356223,26858,4627
1791356225,26858,4627
1791356227,26858,4627
1791356229,26858,4627
1791356231,26858,4628
1791356233,26858,4627
1791356235,26858,4628
1791356237,26858,4628
1791356239,26858,4629
1791356241,26858,4629
1791356243,26858,4629
1791356245,26858,4629
1791356247,26858,4629
1791356249,26858,4628
1791356251,26858,4628
1791356253,26858,4620
1791356255,26858,4621
1791356257,26858,4621
1791356259,26858,4621
1791356261,26858,4620
1791356263,26858,4621
1791356265,26858,4621
1791356267,26858,4620
1791356269,26858,4618
1791356271,26858,4619
1791356273,26858,4620
1791356275,26858,4620
1791356277,26858,4621
1791356279,26858,4621
1791356281,26858,4621
1791356283,26858,4622
1791356285,26858,4611
1791356287,26858,4610
1791356289,26858,4611
1791356291,26858,4612
1791356293,26858,4612
1791356295,26858,4613
1791356297,26858,4612
1791356299,26858,4613
1791356301,26858,4614
1791356303,26858,4613
1791356305,26858,4609
1791356307,26858,4609
1791356309,26858,4609
1791356311,26858,4610
1791356313,26858,4610
1791356315,26858,4610
1791356317,26858,4600
1791356319,26858,4600
1791356321,26858,4600
1791356323,26858,4601
1791356325,26858,4602
1791356328,26858,4602
1791356330,26858,4602
1791356332,26858,4602
1791356334,26858,4649
1791356336,26858,4648
1791356338,26858,4649
1791356340,26858,4649
1791356342,26858,4649
1791356344,26858,4649
1791356346,26858,4649
1791356348,26858,4642
1791356350,26858,4642
1791356352,26858,4641
1791356354,26858,4641
1791356356,26858,4641
1791356358,26858,4640
1791356360,26858,4640
1791356362,26858,4641
1791356364,26858,4641
1791356366,26858,4640
1791356368,26858,4640
1791356370,26858,4640
1791356372,26858,4637
1791356374,26858,4638
1791356376,26858,4638
1791356378,26858,4630
1791356380,26858,4629
1791356382,26858,4629
1791356384,26858,4630
1791356386,26858,4630
1791356388,26858,4631
1791356390,26858,4630
1791356392,26858,4631
1791356394,26858,4630
1791356396,26858,4629
1791356398,26858,4630
1791356400,26858,4630
1791356402,26858,4630
1791356404,26858,4631
1791356406,26858,4630
1791356408,26858,4623
1791356410,26858,4623
1791356412,26858,4624
1791356414,26858,4624
1791356416,26858,4623
1791356418,26858,4623
1791356420,26858,4621
1791356422,26858,4622
1791356424,26858,4622
1791356426,26858,4622
1791356428,26858,4622
1791356430,26858,4622
1791356432,26858,4623
1791356435,26858,4623
1791356437,26858,4626
1791356439,26858,4627
1791356441,26858,4617
1791356443,26858,4618
1791356445,26858,4618
1791356447,26858,4618
1791356449,26858,4618
1791356451,26858,4620
1791356453,26858,4619
1791356455,26858,4618
1791356457,26858,4619
1791356459,26858,4620
1791356461,26858,4620
1791356463,26858,4621
1791356465,26858,4621
1791356467,26858,4622
1791356469,26858,4622
1791356471,26858,4612
1791356473,26858,4612
1791356475,26858,4612
1791356477,26858,4613
1791356479,26858,4613
1791356481,26858,4614
1791356483,26858,4612
1791356485,26858,4612
1791356487,26858,4612
1791356489,26858,4612
1791356491,26858,4612
1791356493,26858,4613
1791356495,26858,4613
1791356497,26858,4613
1791356499,26858,4613
1791356501,26858,4604
1791356503,26858,4605
1791356505,26858,4606
1791356507,26858,4606
1791356509,26858,4607
1791356511,26858,4605
1791356513,26858,4653
1791356515,26858,4654
1791356517,26858,4652
1791356519,26858,4653
1791356521,26858,4653
1791356523,26858,4654
1791356525,26858,4653
1791356527,26858,4653
1791356529,26858,4654
1791356531,26858,4647
1791356533,26858,4647
1791356535,26858,4647
1791356537,26858,4645
1791356539,26858,4646
1791356542,26858,4646
1791356544,26858,4646
1791356546,26858,4644
1791356548,26858,4644
1791356550,26858,4646
1791356552,26858,4646
1791356554,26858,4646
1791356556,26858,4647
1791356558,26858,4647
1791356560,26858,4647
1791356562,26858,4639
1791356564,26858,4640
1791356566,26858,4640
1791356568,26858,4641
1791356570,26858,4640
1791356572,26858,4640
1791356574,26858,4639
1791356576,26858,4638
1791356578,26858,4638
1791356580,26858,4639
1791356582,26858,4639
1791356584,26858,4638
1791356586,26858,4637
1791356588,26858,4638
1791356590,26858,4638
1791356592,26858,4637
1791356594,26858,4628
1791356596,26858,4628
1791356598,26858,4628
1791356600,26858,4628
1791356602,26858,4628
1791356604,26858,4628
1791356606,26858,4628
1791356608,26858,4628
1791356610,26858,4629
1791356612,26858,4629
1791356614,26858,4630
1791356616,26858,4630
1791356618,26858,4630
1791356620,26858,4630
1791356622,26858,4630
1791356624,26858,4619
1791356626,26858,4620
1791356628,26858,4621
1791356630,26858,4622
1791356632,26858,4622
1791356634,26858,4622
1791356636,26858,4622
1791356638,26858,4621
1791356640,26858,4622
1791356642,26858,4623
1791356644,26858,4623
1791356646,26858,4624
1791356649,26858,4624
1791356651,26858,4624
1791356653,26858,4623
1791356655,26858,4615
1791356657,26858,4616
1791356659,26858,4615
1791356661,26858,4615
1791356663,26858,4615
1791356665,26858,4615
1791356667,26858,4614
1791356669,26858,4614
1791356671,26858,4615
1791356673,26858,4615
1791356675,26858,4615
1791356677,26858,4616
1791356679,26858,4616
1791356681,26858,4616
1791356683,26858,4616
1791356685,26858,4608
1791356687,26858,4608
1791356689,26858,4609
1791356691,26858,4607
1791356693,26858,4652
1791356695,26858,4653
1791356697,26858,4653
1791356699,26858,4653
1791356701,26858,4653
1791356703,26858,4654
1791356705,26858,4654
1791356707,26858,4651
1791356709,26858,4652
1791356711,26858,4652
1791356713,26858,4653
1791356715,26858,4645
1791356717,26858,4646
1791356719,26858,4647
1791356721,26858,4646
1791356723,26858,4646
1791356725,26858,4645
1791356727,26858,4645
1791356729,26858,4645
1791356731,26858,4647
1791356733,26858,4647
1791356735,26858,4648
1791356737,26858,4647
1791356739,26858,4646
1791356741,26858,4646
1791356743,26858,4647
1791356745,26858,4647
1791356747,26858,4640
1791356749,26858,4641
1791356751,26858,4640
1791356753,26858,4639
1791356756,26858,4640
1791356758,26858,4640
1791356760,26858,4637
1791356762,26858,4639
1791356764,26858,4639
1791356766,26858,4640
1791356768,26858,4640
1791356770,26858,4640
1791356772,26858,4641
1791356774,26858,4641
1791356776,26858,4641
1791356778,26858,4633
1791356780,26858,4633
1791356782,26858,4633
1791356784,26858,4633
1791356786,26858,4633
1791356788,26858,4632
1791356790,26858,4632
1791356792,26858,4632
1791356794,26858,4632
1791356796,26858,4632
1791356798,26858,4632
1791356800,26858,4631
1791356802,26858,4631
1791356804,26858,4631
1791356806,26858,4632
1791356808,26858,4623
1791356810,26858,4623
1791356812,26858,4624
1791356814,26858,4624
1791356816,26858,4622
1791356818,26858,4621
1791356820,26858,4622
1791356822,26858,4622
1791356824,26858,4622
1791356826,26858,4622
1791356828,26858,4621
1791356830,26858,4621
1791356832,26858,4621
1791356834,26858,4621
1791356836,26858,4620
1791356838,26858,4621
1791356840,26858,4614
1791356842,26858,4647
1791356844,26858,4648
1791356846,26858,4647
1791356848,26858,4644
1791356850,26858,4642
1791356852,26858,4642
1791356854,26858,4643
1791356856,26858,4644
1791356858,26858,4645
1791356861,26858,4645
1791356863,26858,4646
1791356865,26858,4647
1791356867,26858,4647
1791356869,26858,4647
1791356871,26858,4687
1791356873,26858,4678
1791356875,26858,4678
1791356877,26858,4679
1791356879,26190,4004
1791356881,26190,4005
1791356883,26190,4005
1791356885,26190,4006
1791356887,26190,4006
1791356889,26190,4006
1791356891,26190,4004
1791356893,26190,4004
1791356895,26190,4004
1791356897,26190,4003
1791356899,26190,4004
1791356901,26190,4005
1791356903,26302,4013
1791356905,26302,4013
1791356907,26302,4012
1791356909,26302,4007
1791356911,26302,4005
1791356913,26302,4005
1791356915,26302,4006
1791356917,26302,4006
1791356919,26302,4006
1791356921,26302,4006
1791356923,26302,4007
1791356925,26302,4007
1791356927,26302,4006
1791356929,26302,4005
1791356931,26302,4006
1791356933,26302,4006
1791356935,26302,4005
1791356937,26302,4006
1791356939,26302,4003
1791356941,26302,4004
1791356943,26302,4005
1791356945,26302,4005
1791356947,26302,4005
1791356949,26302,4005
1791356951,26302,4003
1791356953,26302,4003
1791356955,26302,4004
1791356957,26302,4004
1791356959,26302,4005
1791356961,26302,4006
1791356963,26302,4006
1791356966,26302,4006
1791356968,26302,4006
1791356970,26302,4005
1791356972,26302,4004
1791356974,26302,4003
1791356976,26302,4003
1791356978,26302,4003
1791356980,26302,4003
1791356982,26302,4003
1791356984,26302,4003
1791356986,26302,4005
1791356988,26302,4005
1791356990,26302,4004
1791356992,26302,4004
1791356994,26302,4005
1791356996,26302,4005
1791356998,26302,4004
1791357000,26302,4002
1791357002,26302,4001
1791357004,26302,4001
1791357006,26302,4001
1791357008,26302,4002
1791357010,26302,4002
1791357012,26302,4001
1791357014,26302,4001
1791357016,26302,4002
1791357018,26302,4001
1791357020,26302,4001
1791357022,26302,4001
1791357024,26302,4001
1791357026,26302,4001
1791357028,26302,4001
1791357030,26302,4001
1791357032,26302,3999
1791357034,26302,3998
1791357036,26302,4001
1791357038,26302,4002
1791357040,26302,4002
1791357042,26302,4002
1791357044,26302,4002
1791357046,26302,4003
1791357048,26302,4003
1791357050,26302,4003
1791357052,26302,4004
1791357054,26302,4004
1791357056,26302,4005
1791357058,26302,4004
1791357060,26302,4005
1791357062,26302,4003
1791357064,26302,4003
1791357066,26302,4003
1791357068,26302,4004
1791357071,26302,4004
1791357073,26302,4003
1791357075,26302,4003
1791357077,26302,4003
1791357079,26302,4002
1791357081,26302,4005
1791357083,26302,4005
1791357085,26302,4006
1791357087,26302,4006
1791357089,26415,4123
1791357091,26415,4121
1791357093,26415,4119
1791357095,26415,4118
1791357097,26415,4119
1791357099,26415,4119
1791357101,26415,4118
1791357103,26415,4118
1791357105,26415,4118
1791357107,26415,4118
1791357109,26415,4120
1791357111,26415,4120
1791357113,26415,4121
1791357115,26415,4121
1791357117,26415,4121
1791357119,26415,4121
1791357121,26415,4121
1791357123,26415,4121
1791357125,26415,4119
1791357127,26415,4119
1791357129,26415,4119
1791357131,26415,4120
1791357133,26415,4120
1791357135,26415,4120
1791357137,26415,4118
1791357139,26415,4118
1791357141,26415,4118
1791357143,26415,4118
1791357145,26415,4118
1791357147,26415,4119
1791357149,26415,4119
1791357151,26415,4119
1791357153,26415,4118
1791357155,26415,4118
1791357157,26415,4117
1791357159,26415,4118
1791357161,26415,4116
1791357163,26415,4117
1791357165,26415,4116
1791357167,26415,4115
1791357169,26415,4113
1791357171,26415,4114
1791357173,26415,4114
1791357176,26415,4113
1791357178,26415,4114
1791357180,26415,4114
1791357182,26415,4114
1791357184,26415,4114
1791357186,26415,4112
1791357188,26415,4112
1791357190,26415,4113
1791357192,26415,4113
1791357194,26415,4113
1791357196,26415,4113
1791357198,26415,4113
1791357200,26415,4111
1791357202,26415,4112
1791357204,26415,4113
1791357206,26415,4113
1791357208,26415,4113
1791357210,26415,4113
1791357212,26415,4114
1791357214,26415,4114
1791357216,26415,4114
1791357218,26415,4113
1791357220,26415,4113
1791357222,26415,4114
1791357224,26415,4113
1791357226,26415,4113
1791357228,26415,4113
1791357230,26415,4113
1791357232,26415,4113
1791357234,26415,4114
1791357236,26415,4112
1791357238,26415,4112
1791357240,26415,4112
1791357242,26415,4113
1791357244,26415,4114
1791357246,26415,4114
1791357248,26415,4114
1791357250,26415,4115
1791357252,26415,4115
1791357254,26415,4115
1791357256,26415,4115
1791357258,26415,4113
1791357260,26415,4113
1791357262,26415,4113
1791357264,26415,4113
1791357266,26415,4113
1791357268,26415,4113
1791357270,26415,4112
1791357272,26527,4223
1791357274,26527,4223
1791357276,26527,4221
1791357278,26527,4220
1791357281,26527,4220
1791357283,26527,4220
1791357285,26527,4219
1791357287,26527,4219
1791357289,26527,4219
1791357291,26527,4217
1791357293,26527,4219
1791357295,26527,4217
1791357297,26527,4219
1791357299,26527,4219
1791357301,26527,4218
1791357303,26527,4216
1791357305,26527,4218
1791357307,26527,4219
1791357309,26527,4219
1791357311,26527,4219
1791357313,26527,4219
1791357315,26527,4219
1791357317,26527,4219
1791357319,26527,4220
1791357321,26527,4220
1791357323,26527,4218
1791357325,26527,4218
1791357327,26527,4218
1791357329,26527,4218
1791357331,26527,4218
1791357333,26527,4219
1791357335,26527,4219
1791357337,26527,4217
1791357339,26527,4218
1791357341,26527,4220
1791357343,26527,4220
1791357345,26527,4221
1791357347,26527,4222
1791357349,26527,4222
1791357351,26527,4222
1791357353,26527,4221
1791357355,26527,4221
1791357357,26527,4221
1791357359,26527,4220
1791357361,26527,4221
1791357363,26527,4220
1791357365,26527,4219
1791357367,26527,4219
1791357369,26527,4219
1791357371,26527,4220
1791357373,26527,4219
1791357375,26527,4219
1791357377,26527,4220
1791357379,26527,4217
1791357381,26527,4218
1791357383,26527,4218
1791357386,26527,4217
1791357388,26527,4218
1791357390,26527,4218
1791357392,26527,4217
1791357394,26527,4217
1791357396,26527,4217
1791357398,26527,4215
1791357400,26527,4215
1791357402,26527,4213
1791357404,26527,4214
1791357406,26527,4214
1791357408,26527,4214
1791357410,26527,4215
1791357412,26527,4215
1791357414,26527,4215
1791357416,26527,4215
1791357418,26527,4215
1791357420,26527,4216
1791357422,26527,4216
1791357424,26527,4215
1791357426,26527,4215
1791357428,26527,4215
1791357430,26527,4219
1791357432,26527,4219
1791357434,26527,4219
1791357436,26527,4217
1791357438,26527,4217
1791357440,26527,4218
1791357442,26527,4218
1791357444,26527,4218
1791357446,26527,4218
1791357448,26527,4218
1791357450,26527,4218
1791357452,26639,4326
1791357454,26639,4326
1791357456,26639,4327
1791357458,26639,4328
1791357460,26639,4328
1791357462,26639,4330
1791357464,26639,4330
1791357466,26639,4330
1791357468,26639,4330
1791357470,26639,4330
1791357472,26639,4330
1791357474,26639,4331
1791357476,26639,4330
1791357478,26639,4329
1791357480,26639,4329
1791357482,26639,4329
1791357484,26639,4329
1791357486,26639,4330
1791357489,26639,4329
1791357491,26639,4329
1791357493,26639,4329
1791357495,26639,4329
1791357497,26639,4329
1791357499,26639,4330
1791357501,26639,4329
1791357503,26639,4329
1791357505,26639,4328
1791357507,26639,4328
1791357509,26639,4328
1791357511,26639,4328
1791357513,26639,4328
1791357515,26639,4329
1791357517,26639,4329
1791357519,26639,4329
1791357521,26639,4328
1791357523,26639,4328
1791357525,26639,4329
1791357527,26639,4329
1791357529,26639,4329
1791357531,26639,4327
1791357533,26639,4327
1791357535,26639,4325
1791357537,26639,4326
1791357539,26639,4326
1791357541,26639,4326
1791357543,26639,4326
1791357545,26639,4326
1791357547,26639,4327
1791357549,26639,4325
1791357551,26639,4326
1791357553,26639,4325
1791357555,26639,4325
1791357557,26639,4326
1791357559,26639,4326
1791357561,26639,4326
1791357563,26639,4326
1791357565,26639,4326
1791357567,26639,4327
1791357569,26639,4327
1791357571,26639,4326
1791357573,26639,4325
1791357575,26639,4327
1791357577,26639,4325
1791357579,26639,4326
1791357581,26639,4325
1791357583,26639,4325
1791357585,26639,4325
1791357587,26639,4325
1791357589,26639,4325
1791357591,26639,4325
1791357593,26639,4326
1791357596,26639,4326
1791357598,26639,4326
1791357600,26639,4322
1791357602,26639,4324
1791357604,26639,4324
1791357606,26639,4322
1791357608,26639,4322
1791357610,26639,4323
1791357612,26639,4323
1791357614,26639,4326
1791357616,26639,4326
1791357618,26639,4326
1791357620,26639,4326
1791357622,26639,4325
1791357624,26639,4325
1791357626,26639,4322
1791357628,26639,4321
1791357630,26639,4323
1791357632,26751,4441
1791357634,26751,4442
1791357636,26751,4441
1791357638,26751,4443
1791357640,26751,4443
1791357642,26751,4442
1791357644,26751,4442
1791357646,26751,4442
1791357648,26751,4441
1791357650,26751,4442
1791357652,26751,4442
1791357654,26751,4442
1791357656,26751,4442
1791357658,26751,4443
1791357660,26751,4443
1791357662,26751,4440
1791357664,26751,4441
1791357666,26751,4440
1791357668,26751,4442
1791357670,26751,4441
1791357672,26751,4441
1791357674,26751,4441
1791357676,26751,4441
1791357678,26751,4440
1791357680,26751,4440
1791357682,26751,4440
1791357684,26751,4440
1791357686,26751,4440
1791357688,26751,4440
1791357690,26751,4441
1791357692,26751,4441
1791357694,26751,4441
1791357696,26751,4440
1791357698,26751,4440
1791357700,26751,4440
1791357703,26751,4441
1791357705,26751,4440
1791357707,26751,4439
1791357709,26751,4439
1791357711,26751,4439
1791357713,26751,4439
1791357715,26751,4439
1791357717,26751,4440
1791357719,26751,4439
1791357721,26751,4439
1791357723,26751,4438
1791357725,26751,4437
1791357727,26751,4438
1791357729,26751,4439
1791357731,26751,4439
1791357733,26751,4439
1791357735,26751,4440
1791357737,26751,4441
1791357739,26751,4440
1791357741,26751,4440
1791357743,26751,4441
1791357745,26751,4442
1791357747,26751,4442
1791357749,26751,4442
1791357751,26751,4442
1791357753,26751,4442
1791357755,26751,4441
1791357757,26751,4441
1791357759,26751,4440
1791357761,26751,4439
1791357763,26751,4440
1791357765,26751,4437
1791357767,26751,4438
1791357769,26751,4439
1791357771,26751,4440
1791357773,26751,4439
1791357775,26751,4439
1791357777,26751,4439
1791357779,26751,4439
1791357781,26751,4440
1791357783,26751,4440
1791357785,26751,4440
1791357787,26751,4440
1791357789,26751,4440
1791357791,26751,4440
1791357793,26751,4439
1791357795,26751,4440
1791357797,26751,4440
1791357799,26751,4441
1791357801,26751,4441
1791357803,26751,4441
1791357805,26751,4441
1791357808,26751,4441
1791357810,26751,4441
1791357812,26864,4549
1791357814,26864,4549
1791357816,26864,4549
1791357818,26864,4548
1791357820,26864,4548
1791357822,26864,4548
1791357824,26864,4548
1791357826,26864,4548
1791357828,26864,4548
1791357830,26864,4548
1791357832,26864,4548
1791357834,26864,4548
1791357836,26864,4548
1791357838,26864,4549
1791357840,26864,4549
1791357842,26864,4549
1791357844,26864,4548
1791357846,26864,4548
1791357848,26864,4548
1791357850,26864,4549
1791357852,26864,4548
1791357854,26864,4548
1791357856,26864,4547
1791357858,26864,4547
1791357860,26864,4548
1791357862,26864,4548
1791357864,26864,4548
1791357866,26864,4549
1791357868,26864,4549
1791357870,26864,4549
1791357872,26864,4549
1791357874,26864,4550
1791357876,26864,4549
1791357878,26864,4549
1791357880,26864,4548
1791357882,26864,4549
1791357884,26864,4548
1791357886,26864,4547
1791357888,26864,4548
1791357890,26864,4548
1791357892,26864,4548
1791357894,26864,4548
1791357896,26864,4547
1791357898,26864,4547
1791357900,26864,4548
1791357902,26864,4546
1791357904,26864,4545
1791357906,26864,4545
1791357908,26864,4545
1791357910,26864,4544
1791357913,26864,4544
1791357915,26864,4544
1791357917,26864,4545
1791357919,26864,4546
1791357921,26864,4546
1791357923,26864,4546
1791357925,26864,4546
1791357927,26864,4546
1791357929,26864,4546
1791357931,26864,4546
1791357933,26864,4546
1791357935,26864,4545
1791357937,26864,4544
1791357939,26864,4544
1791357941,26864,4544
1791357943,26864,4544
1791357945,26864,4545
1791357947,26864,4546
1791357949,26864,4546
1791357951,26864,4545
1791357953,26864,4546
1791357955,26864,4546
1791357957,26864,4546
1791357959,26864,4547
1791357961,26864,4547
1791357963,26864,4547
1791357965,26864,4548
1791357967,26864,4549
1791357969,26864,4549
1791357971,26864,4549
1791357973,26864,4549
1791357975,26864,4550
1791357977,26864,4551
1791357979,26864,4551
1791357981,26864,4550
1791357983,26864,4550
1791357985,26864,4551
1791357987,26864,4550
1791357989,26864,4550
1791357991,26864,4551
1791357993,26864,4549
1791357995,26976,4658
1791357997,26864,4658
1791357999,26864,4656
1791358001,26864,4654
1791358003,26864,4655
1791358005,26864,4653
1791358007,26864,4654
1791358009,26864,4654
1791358011,26864,4654
1791358013,26864,4654
1791358015,26864,4651
1791358017,26864,4651
1791358020,26864,4652
1791358022,26864,4652
1791358024,26864,4653
1791358026,26864,4653
1791358028,26864,4656
1791358030,26864,4657
1791358032,26864,4657
1791358034,26864,4657
1791358036,26864,4657
1791358038,26864,4658
1791358040,26864,4658
1791358042,26864,4657
1791358044,26864,4657
1791358046,26864,4656
1791358048,26864,4655
1791358050,26864,4654
1791358052,26864,4656
1791358054,26864,4656
1791358056,26864,4657
1791358058,26864,4657
1791358060,26864,4657
1791358062,26864,4657
1791358064,26864,4656
1791358066,26864,4657
1791358068,26864,4655
1791358070,26864,4655
1791358072,26864,4654
1791358074,26864,4655
1791358076,26864,4655
1791358078,26864,4655
1791358080,26864,4656
1791358082,26864,4655
1791358084,26864,4656
1791358086,26864,4656
1791358088,26864,4656
1791358090,26864,4656
1791358092,26864,4659
1791358094,26864,4659
1791358096,26864,4659
1791358098,26864,4659
1791358100,26864,4658
1791358102,26864,4657
1791358104,26864,4652
1791358106,26864,4652
1791358108,26864,4651
1791358110,26864,4652
1791358112,26864,4653
1791358114,26864,4651
1791358116,26864,4652
1791358118,26864,4651
1791358120,26864,4652
1791358122,26864,4653
1791358124,26864,4654
1791358127,26864,4652
1791358129,26864,4653
1791358131,26864,4654
1791358133,26864,4653
1791358135,26864,4645
1791358137,26864,4645
1791358139,26864,4645
1791358141,26864,4646
1791358143,26864,4647
1791358145,26864,4646
1791358147,26864,4646
1791358149,26864,4647
1791358151,26864,4647
1791358153,26864,4646
1791358155,26864,4647
1791358157,26864,4647
1791358159,26864,4648
1791358161,26864,4647
1791358163,26864,4648
1791358165,26864,4648
1791358167,26864,4640
1791358169,26864,4640
1791358171,26864,4640
1791358173,26864,4640
1791358175,26864,4664
1791358177,26864,4667
1791358179,26864,4667
1791358181,26864,4665
1791358183,26864,4664
1791358185,26864,4665
1791358187,26864,4665
1791358189,26864,4664
1791358191,26864,4664
1791358193,26864,4664
1791358195,26864,4665
1791358197,26864,4658
1791358199,26864,4657
1791358201,26864,4657
1791358203,26864,4656
1791358205,26864,4656
1791358207,26864,4656
1791358209,26864,4656
1791358211,26864,4656
1791358213,26864,4657
1791358215,26864,4655
1791358217,26864,4653
1791358219,26864,4653
1791358221,26864,4654
1791358223,26864,4654
1791358225,26864,4653
1791358227,26864,4645
1791358229,26864,4644
1791358232,26864,4643
1791358234,26864,4643
1791358236,26864,4643
1791358238,26864,4652
1791358240,26864,4653
1791358242,26864,4654
1791358244,26864,4654
1791358246,26864,4654
1791358248,26864,4655
1791358250,26864,4656
1791358252,26864,4656
1791358254,26864,4657
1791358256,26864,4657
1791358258,26864,4649
1791358260,26864,4649
1791358262,26864,4647
1791358264,26864,4646
1791358266,26864,4647
1791358268,26864,4647
1791358270,26864,4649
1791358272,26864,4650
1791358274,26864,4651
1791358276,26864,4652
1791358278,26864,4652
1791358280,26864,4652
1791358282,26864,4652
1791358284,26864,4652
1791358286,26864,4654
1791358288,26864,4654
1791358290,26864,4645
1791358292,26864,4644
1791358294,26864,4644
1791358296,26864,4644
1791358298,26864,4645
1791358300,26864,4645
1791358302,26864,4645
1791358304,26864,4646
1791358306,26864,4644
1791358308,26864,4644
1791358310,26864,4646
1791358312,26864,4646
1791358314,26864,4645
1791358316,26864,4645
1791358318,26864,4645
1791358320,26864,4644
1791358322,26864,4636
1791358324,26864,4637
1791358326,26864,4637
1791358328,26864,4637
1791358330,26864,4637
1791358332,26864,4637
1791358334,26864,4636
1791358336,26864,4635
1791358339,26864,4635
1791358341,26864,4635
1791358343,26864,4635
1791358345,26864,4635
1791358347,26864,4635
1791358349,26864,4635
1791358351,26864,4635
1791358353,26864,4675
1791358355,26864,4675
1791358357,26864,4672
1791358359,26864,4672
1791358361,26864,4673
1791358363,26864,4672
1791358365,26864,4673
1791358367,26864,4673
1791358369,26864,4672
1791358371,26864,4673
1791358373,26864,4673
1791358375,26864,4673
1791358377,26864,4673
1791358379,26864,4673
1791358381,26864,4673
1791358383,26864,4666
1791358385,26864,4666
1791358387,26864,4665
1791358389,26864,4665
1791358391,26864,4665
1791358393,26864,4665
1791358395,26864,4665
1791358397,26864,4665
1791358399,26864,4665
1791358401,26864,4665
1791358403,26864,4663
1791358405,26864,4664
1791358407,26864,4664
1791358409,26864,4664
1791358411,26864,4663
1791358413,26864,4656
1791358415,26864,4656
1791358417,26864,4655
1791358419,26864,4655
1791358421,26864,4655
1791358423,26864,4655
1791358425,26864,4654
1791358427,26864,4654
1791358429,26864,4654
1791358431,26864,4654
1791358433,26864,4654
1791358435,26864,4655
1791358437,26864,4655
1791358439,26864,4655
1791358441,26864,4655
1791358443,26864,4655
1791358446,26864,4645
1791358448,26864,4645
1791358450,26864,4644
1791358452,26864,4644
1791358454,26864,4645
1791358456,26864,4644
1791358458,26864,4645
1791358460,26864,4645
1791358462,26864,4646
1791358464,26864,4646
1791358466,26864,4646
1791358468,26864,4647
1791358470,26864,4647
1791358472,26864,4647
1791358474,26864,4647
1791358476,26864,4640
1791358478,26864,4636
1791358480,26864,4635
1791358482,26864,4635
1791358484,26864,4635
1791358486,26864,4637
1791358488,26864,4638
1791358490,26864,4638
1791358492,26864,4638
1791358494,26864,4638
1791358496,26864,4638
1791358498,26864,4638
1791358500,26864,4638
1791358502,26864,4638
1791358504,26864,4638
1791358506,26864,4630
1791358508,26864,4630
1791358510,26864,4631
1791358512,26864,4632
1791358514,26864,4632
1791358516,26864,4631
1791358518,26864,4632
1791358520,26864,4632
1791358522,26864,4631
1791358524,26864,4631
1791358526,26864,4630
1791358528,26864,4629
1791358530,26864,4668
1791358532,26864,4669
1791358534,26864,4668
1791358536,26864,4659
1791358538,26864,4660
1791358540,26864,4657
1791358542,26864,4657
1791358544,26864,4657
1791358546,26864,4659
1791358548,26864,4658
1791358550,26864,4659
1791358553,26864,4659
1791358555,26864,4659
1791358557,26864,4660
1791358559,26864,4660
1791358561,26864,4659
1791358563,26864,4660
1791358565,26864,4659
1791358567,26864,4650
1791358569,26864,4650
1791358571,26864,4650
1791358573,26864,4651
1791358575,26864,4650
1791358577,26864,4650
1791358579,26864,4650
1791358581,26864,4649
1791358583,26864,4649
1791358585,26864,4650
1791358587,26864,4652
1791358589,26864,4653
1791358591,26864,4654
1791358593,26864,4654
1791358595,26864,4654
1791358597,26864,4653
1791358599,26864,4644
1791358601,26864,4644
1791358603,26864,4643
1791358605,26864,4643
1791358607,26864,4643
1791358609,26864,4642
1791358611,26864,4641
1791358613,26864,4641
1791358615,26864,4642
1791358617,26864,4641
1791358619,26864,4641
1791358621,26864,4642
1791358623,26864,4642
1791358625,26864,4642
1791358627,26864,4643
1791358629,26864,4635
1791358631,26864,4634
1791358633,26864,4628
1791358635,26864,4627
1791358637,26864,4626
1791358639,26864,4627
1791358641,26864,4626
1791358643,26864,4627
1791358645,26864,4628
1791358647,26864,4629
1791358649,26864,4629
1791358651,26864,4629
1791358653,26864,4630
1791358655,26864,4630
1791358658,26864,4630
1791358660,26864,4621
1791358662,26864,4620
1791358664,26864,4620
1791358666,26864,4619
1791358668,26864,4618
1791358670,26864,4619
1791358672,26864,4620
1791358674,26864,4620
1791358676,26864,4620
1791358678,26864,4620
1791358680,26864,4621
1791358682,26864,4621
1791358684,26864,4620
1791358686,26864,4620
1791358688,26864,4618
1791358690,26864,4611
1791358692,26864,4611
1791358694,26864,4611
1791358696,26864,4609
1791358698,26864,4609
1791358700,26864,4610
1791358702,26864,4611
1791358704,26864,4612
1791358706,26864,4648
1791358708,26864,4649
1791358710,26864,4649
1791358712,26864,4649
1791358714,26864,4697
1791358716,26864,4697
1791358718,26864,4698
1791358720,26864,4690
1791358722,26864,4690
1791358724,26864,4691
1791358726,26864,4691
1791358728,26864,4689
1791358730,26864,4690
1791358732,26864,4689
1791358734,26864,4689
1791358736,26864,4689
1791358738,26864,4689
1791358740,26864,4690
1791358742,26864,4689
1791358744,26864,4689
1791358746,26864,4688
1791358748,26864,4689
1791358750,26864,4689
1791358752,26864,4681
1791358754,26864,4681
1791358756,26864,4681
1791358758,26864,4677
1791358760,26864,4677
1791358762,26864,4676
1791358765,26864,4676
1791358767,26864,4677
1791358769,26864,4677
1791358771,26864,4677
1791358773,26864,4676
1791358775,26864,4676
1791358777,26864,4675
1791358779,26864,4676
1791358781,26864,4676
1791358783,26864,4667
1791358785,26864,4668
1791358787,26864,4668
1791358789,26864,4665
1791358791,26864,4666
1791358793,26864,4666
1791358795,26864,4667
1791358797,26864,4667
1791358799,26864,4667
1791358801,26864,4667
1791358803,26864,4667
1791358805,26864,4665
1791358807,26864,4666
1791358809,26864,4667
1791358811,26864,4666
1791358813,26864,4658
1791358815,26864,4658
1791358817,26864,4658
1791358819,26864,4659
1791358821,26864,4657
1791358823,26864,4657
1791358825,26864,4657
1791358827,26864,4657
1791358829,26864,4655
1791358831,26864,4655
1791358833,26864,4655
1791358835,26864,4655
1791358837,26864,4656
1791358839,26864,4656
1791358841,26864,4655
1791358843,26864,4655
1791358845,26864,4647
1791358847,26864,4645
1791358849,26864,4644
1791358851,26864,4642
1791358853,26864,4642
1791358855,26864,4643
1791358857,26864,4643
1791358859,26864,4643
1791358861,26864,4643
1791358863,26864,4643
1791358865,26864,4642
1791358867,26864,4640
1791358869,26864,4640
1791358872,26864,4640
1791358874,26864,4639
1791358876,26864,4639
1791358878,26864,4631
1791358880,26864,4630
1791358882,26864,4629
1791358884,26864,4629
1791358886,26864,4630
1791358888,26864,4630
1791358890,26864,4630
1791358892,26864,4631
1791358894,26864,4679
1791358896,26864,4679
1791358898,26864,4678
1791358900,26864,4677
1791358902,26864,4678
1791358904,26864,4678
1791358906,26864,4677
1791358908,26864,4668
1791358910,26864,4668
1791358912,26864,4669
1791358914,26864,4669
1791358916,26864,4665
1791358918,26864,4665
1791358920,26864,4665
1791358922,26864,4666
1791358924,26864,4666
1791358926,26864,4666
1791358928,26864,4665
1791358930,26864,4664
1791358932,26864,4664
1791358934,26864,4666
1791358936,26864,4668
1791358938,26864,4661
1791358940,26864,4660
1791358942,26864,4659
1791358944,26864,4659
1791358946,26864,4658
1791358948,26864,4658
1791358950,26864,4659
1791358952,26864,4659
1791358954,26864,4660
1791358956,26864,4660
1791358958,26864,4661
1791358960,26864,4661
1791358962,26864,4661
1791358964,26864,4661
1791358966,26864,4661
1791358968,26864,4652
1791358970,26864,4651
1791358972,26864,4651
1791358974,26864,4651
1791358977,26864,4650
1791358979,26864,4651
1791358981,26864,4651
1791358983,26864,4651
1791358985,26864,4651
1791358987,26864,4652
1791358989,26864,4654
1791358991,26864,4654
1791358993,26864,4654
1791358995,26864,4655
1791358997,26864,4656
1791358999,26864,4648
1791359001,26864,4648
1791359003,26864,4648
1791359005,26864,4648
1791359007,26864,4647
1791359009,26864,4647
1791359011,26864,4645
1791359013,26864,4645
1791359015,26864,4644
1791359017,26864,4642
1791359019,26864,4643
1791359021,26864,4643
1791359023,26864,4643
1791359025,26864,4644
1791359027,26864,4644
1791359029,26864,4644
1791359031,26864,4636
1791359033,26864,4636
1791359035,26864,4636
1791359037,26864,4635
1791359039,26864,4635
1791359041,26864,4635
1791359043,26864,4634
1791359045,26864,4634
1791359047,26864,4634
1791359049,26864,4634
1791359051,26864,4634
1791359053,26864,4634
1791359055,26864,4634
1791359057,26864,4634
1791359059,26864,4634
1791359061,26864,4626
1791359063,26864,4625
1791359065,26864,4625
1791359067,26864,4625
1791359069,26864,4625
1791359071,26864,4672
1791359073,26864,4671
1791359075,26864,4671
1791359077,26864,4671
1791359079,26864,4670
1791359082,26864,4670
1791359084,26864,4671
1791359086,26864,4671
1791359088,26864,4671
1791359090,26864,4671
1791359092,26864,4662
1791359094,26864,4662
1791359096,26864,4663
1791359098,26864,4662
1791359100,26864,4661
1791359102,26864,4662
1791359104,26864,4663
1791359106,26864,4662
1791359108,26864,4663
1791359110,26864,4663
1791359112,26864,4663
1791359114,26864,4662
1791359116,26864,4662
1791359118,26864,4661
1791359120,26864,4661
1791359122,26864,4654
1791359124,26864,4655
1791359126,26864,4654
1791359128,26864,4654
1791359130,26864,4654
1791359132,26864,4653
1791359134,26864,4654
1791359136,26864,4656
1791359138,26864,4659
1791359140,26864,4659
1791359142,26864,4661
1791359144,26864,4662
1791359146,26864,4662
1791359148,26864,4662
1791359150,26864,4663
1791359152,26864,4655
1791359154,26864,4656
1791359156,26864,4656
1791359158,26864,4656
1791359160,26864,4656
1791359162,26864,4656
1791359164,26864,4656
1791359166,26864,4655
1791359168,26864,4655
1791359170,26864,4654
1791359172,26864,4654
1791359174,26864,4653
1791359176,26864,4654
1791359178,26864,4655
1791359180,26864,4653
1791359182,26864,4654
1791359184,26864,4646
1791359187,26864,4646
1791359189,26864,4645
1791359191,26864,4645
1791359193,26864,4643
1791359195,26864,4643
1791359197,26864,4643
1791359199,26864,4643
1791359201,26864,4643
1791359203,26864,4643
1791359205,26864,4643
1791359207,26864,4643
1791359209,26864,4643
1791359211,26864,4645
1791359213,26864,4645
1791359215,26864,4635
1791359217,26864,4635
1791359219,26864,4635
1791359221,26864,4634
1791359223,26864,4634
1791359225,26864,4634
1791359227,26864,4634
1791359229,26864,4633
1791359231,26864,4634
1791359233,26864,4631
1791359235,26864,4631
1791359237,26864,4633
1791359239,26864,4633
1791359241,26864,4633
1791359243,26864,4634
1791359245,26864,4626
1791359247,26976,4665
1791359249,26864,4663
1791359251,26864,4664
1791359253,26864,4665
1791359255,26864,4666
1791359257,26864,4665
1791359259,26864,4664
1791359261,26864,4665
1791359263,26864,4666
1791359265,26864,4666
1791359267,26864,4666
1791359269,26864,4666
1791359271,26864,4666
1791359273,26864,4666
1791359275,26864,4657
1791359277,26864,4656
1791359279,26864,4656
1791359281,26864,4657
1791359283,26864,4657
1791359285,26864,4658
1791359287,26864,4657
1791359289,26864,4657
1791359291,26864,4658
1791359294,26864,4657
1791359296,26864,4657
1791359298,26864,4658
1791359300,26864,4658
1791359302,26864,4658
1791359304,26864,4657
1791359306,26864,4656
1791359308,26864,4649
1791359310,26864,4649
1791359312,26864,4649
1791359314,26864,4649
1791359316,26864,4650
1791359318,26864,4650
1791359320,26864,4650
1791359322,26864,4650
1791359324,26864,4650
1791359326,26864,4649
1791359328,26864,4648
1791359330,26864,4647
1791359332,26864,4646
1791359334,26864,4646
1791359336,26864,4645
1791359338,26864,4637
1791359340,26864,4638
1791359342,26864,4637
1791359344,26864,4637
1791359346,26864,4637
1791359348,26864,4636
1791359350,26864,4637
1791359352,26864,4638
1791359354,26864,4638
1791359356,26864,4639
1791359358,26864,4639
1791359360,26864,4638
1791359362,26864,4639
1791359364,26864,4639
1791359366,26864,4640
1791359368,26864,4631
1791359370,26864,4628
1791359372,26864,4628
1791359374,26864,4628
1791359376,26864,4628
1791359378,26864,4628
1791359380,26864,4629
1791359382,26864,4629
1791359384,26864,4629
1791359386,26864,4630
1791359388,26864,4630
1791359390,26864,4631
1791359392,26864,4631
1791359394,26864,4631
1791359396,26864,4630
1791359399,26864,4630
1791359401,26864,4622
1791359403,26864,4622
1791359405,26864,4622
1791359407,26864,4622
1791359409,26864,4622
1791359411,26864,4622
1791359413,26864,4621
1791359415,26864,4620
1791359417,26864,4618
1791359419,26864,4618
1791359421,26864,4618
1791359423,26864,4619
1791359425,26864,4618
1791359427,26864,4618
1791359429,26864,4619
1791359431,26864,4649
1791359433,26864,4652
1791359435,26864,4652
1791359437,26864,4653
1791359439,26864,4654
1791359441,26864,4655
1791359443,26864,4656
1791359445,26864,4656
1791359447,26864,4658
1791359449,26864,4658
1791359451,26864,4658
1791359453,26864,4657
1791359455,26864,4657
1791359457,26864,4657
1791359459,26864,4658
1791359461,26864,4658
1791359463,26864,4650
1791359465,26864,4649
1791359467,26864,4649
1791359469,26864,4649
1791359471,26864,4649
1791359473,26864,4650
1791359475,26864,4650
1791359477,26864,4650
1791359479,26864,4650
1791359481,26864,4651
1791359483,26864,4649
1791359485,26864,4649
1791359487,26864,4651
1791359489,26864,4652
1791359491,26864,4652
1791359493,26864,4643
1791359495,26864,4644
1791359497,26864,4644
1791359499,26864,4645
1791359501,26864,4645
1791359504,26864,4645
1791359506,26864,4645
1791359508,26864,4647
1791359510,26864,4647
1791359512,26864,4647
1791359514,26864,4645
1791359516,26864,4645
1791359518,26864,4645
1791359520,26864,4645
1791359522,26864,4645
1791359524,26864,4638
1791359526,26864,4639
1791359528,26864,4638
1791359530,26864,4638
1791359532,26864,4639
1791359534,26864,4638
1791359536,26864,4638
1791359538,26864,4639
1791359540,26864,4639
1791359542,26864,4640
1791359544,26864,4640
1791359546,26864,4641
1791359548,26864,4641
1791359550,26864,4641
1791359552,26864,4641
1791359554,26864,4633
1791359556,26864,4633
1791359558,26864,4633
1791359560,26864,4633
1791359562,26864,4634
1791359564,26864,4634
1791359566,26864,4634
1791359568,26864,4634
1791359570,26864,4633
1791359572,26864,4633
1791359574,26864,4631
1791359576,26864,4631
1791359578,26864,4632
1791359580,26864,4631
1791359582,26864,4631
1791359584,26864,4624
1791359586,26864,4624
1791359588,26864,4624
1791359590,26864,4623
1791359592,26864,4624
1791359594,26864,4625
1791359596,26864,4626
1791359598,26864,4626
1791359600,26864,4625
1791359602,26864,4624
1791359604,26864,4625
1791359606,26864,4625
1791359608,26864,4624
1791359611,26864,4624
1791359613,26864,4672
1791359615,26864,4672
1791359617,26864,4663
1791359619,26864,4664
1791359621,26192,3977
1791359623,26192,3977
1791359625,26192,3977
1791359627,26192,3977
1791359629,26192,3978
1791359631,26192,3978
1791359633,26192,3978
1791359635,26192,3978
1791359637,26192,3979
1791359639,26192,3979
1791359641,26192,3976
1791359643,26192,3976
1791359645,26304,3984
1791359647,26304,3985
1791359649,26416,4095
1791359651,26416,4096
1791359653,26416,4098
1791359655,26416,4099
1791359657,26192,4084
1791359659,26192,4084
1791359661,26192,4084
1791359663,26192,4084
1791359665,26192,4085
1791359667,26192,4085
1791359669,26192,4085
1791359671,26192,4084
1791359673,26192,4084
1791359675,26192,4086
1791359677,26192,4077
1791359679,26192,4076
1791359681,26304,4076
1791359683,26304,4076
1791359685,26304,4072
1791359687,26304,4073
1791359689,26304,4073
1791359691,26304,4073
1791359693,26304,4073
1791359695,26304,4074
1791359697,26304,4074
1791359699,26304,4074
1791359701,26304,4073
1791359703,26304,4073
1791359705,26304,4072
1791359707,26304,4072
1791359709,26304,4072
1791359711,26304,4072
1791359713,26304,4072
1791359716,26304,4071
1791359718,26304,4070
1791359720,26304,4070
1791359722,26304,4069
1791359724,26304,4070
1791359726,26304,4071
1791359728,26304,4070
1791359730,26304,4070
1791359732,26304,4070
1791359734,26304,4070
1791359736,26304,4070
1791359738,26304,4069
1791359740,26304,4069
1791359742,26304,4070
1791359744,26304,4070
1791359746,26304,4071
1791359748,26304,4068
1791359750,26304,4069
1791359752,26304,4068
1791359754,26304,4069
1791359756,26304,4068
1791359758,26304,4068
1791359760,26304,4068
1791359762,26304,4068
1791359764,26304,4069
1791359766,26304,4067
1791359768,26304,4068
1791359770,26304,4068
1791359772,26304,4067
1791359774,26304,4067
1791359776,26304,4066
1791359778,26304,4066
1791359780,26304,4064
1791359782,26304,4065
1791359784,26304,4064
1791359786,26304,4063
1791359788,26304,4063
1791359790,26304,4063
1791359792,26304,4063
1791359794,26304,4063
1791359796,26304,4063
1791359798,26304,4063
1791359800,26304,4061
1791359802,26304,4061
1791359804,26304,4060
1791359806,26304,4059
1791359808,26304,4059
1791359810,26304,4056
1791359812,26304,4056
1791359814,26304,4056
1791359816,26304,4058
1791359818,26304,4059
1791359820,26304,4060
1791359823,26304,4061
1791359825,26304,4061
1791359827,26304,4061
1791359829,26304,4063
1791359831,26304,4062
1791359833,26304,4062
1791359835,26304,4061
1791359837,26304,4062
1791359839,26304,4062
1791359841,26304,4062
1791359843,26304,4061
1791359845,26304,4061
1791359847,26304,4058
1791359849,26304,4058
1791359851,26304,4058
1791359853,26304,4058
1791359855,26304,4057
1791359857,26304,4058
1791359859,26304,4058
1791359861,26304,4057
1791359863,26304,4058
1791359865,26416,4088
1791359867,26416,4088
1791359869,26416,4087
1791359871,26416,4088
1791359873,26192,3974
1791359875,26192,3973
1791359877,26192,3974
1791359879,26192,3975
1791359881,26192,3976
1791359883,26192,3975
1791359885,26192,3976
1791359887,26192,3976
1791359889,26192,3975
1791359891,26192,3975
1791359893,26192,3967
1791359895,26192,3968
1791359897,26304,3968
1791359899,26304,3969
1791359901,26304,3969
1791359903,26304,3968
1791359905,26304,3970
1791359907,26304,3971
1791359909,26304,3970
1791359911,26304,3970
1791359913,26304,3970
1791359915,26304,3970
1791359917,26304,3970
1791359919,26304,3970
1791359921,26304,3971
1791359923,26304,3971
1791359925,26304,3972
1791359928,26304,3970
1791359930,26304,3969
1791359932,26304,3969
1791359934,26304,3969
1791359936,26304,3969
1791359938,26304,3969
1791359940,26304,3969
1791359942,26304,3969
1791359944,26304,3970
1791359946,26304,3971
1791359948,26304,3972
1791359950,26304,3972
1791359952,26304,3972
1791359954,26304,3972
1791359956,26304,3972
1791359958,26304,3972
1791359960,26304,3972
1791359962,26304,3973
1791359964,26304,3973
1791359966,26304,3973
1791359968,26304,3972
1791359970,26304,3972
1791359972,26304,3973
1791359974,26304,3974
1791359976,26304,3973
1791359978,26304,3973
1791359980,26304,3972
1791359982,26304,3971
1791359984,26304,3971
1791359986,26304,3972
1791359988,26304,3972
1791359990,26304,3974
1791359992,26304,3973
1791359994,26304,3973
1791359996,26304,3974
1791359998,26304,3975
1791360000,26304,3975
1791360002,26304,3975
1791360004,26304,3975
1791360006,26304,3975
1791360008,26304,3975
1791360010,26304,3975
1791360012,26304,3975
1791360014,26304,3976
1791360016,26304,3977
1791360018,26304,3976
1791360020,26304,3976
1791360022,26304,3976
1791360024,26304,3976
1791360026,26304,3975
1791360028,26304,3974
1791360030,26304,3973
1791360033,26304,3973
1791360035,26304,3974
1791360037,26304,3981
1791360039,26304,3982
1791360041,26304,3983
1791360043,26304,3982
1791360045,26304,3983
1791360047,26304,3983
1791360049,26304,3982
1791360051,26304,3982
1791360053,26304,3982
1791360055,26304,3983
1791360057,26304,3983
1791360059,26304,3982
1791360061,26304,3981
1791360063,26304,3981
1791360065,26304,3983
1791360067,26304,3984
1791360069,26304,3984
1791360071,26304,3984
1791360073,26304,3984
1791360075,26416,4102
1791360077,26416,4103
1791360079,26416,4102
1791360081,26416,4103
1791360083,26416,4102
1791360085,26416,4103
1791360087,26416,4103
1791360089,26416,4102
1791360091,26416,4103
1791360093,26416,4104
1791360095,26416,4104
1791360097,26416,4105
1791360099,26416,4105
1791360101,26416,4105
1791360103,26416,4105
1791360105,26416,4104
1791360107,26416,4103
1791360109,26416,4103
1791360111,26416,4101
1791360113,26416,4102
1791360115,26416,4101
1791360117,26416,4101
1791360119,26416,4101
1791360121,26416,4101
1791360123,26416,4101
1791360125,26416,4102
1791360127,26416,4103
1791360129,26416,4100
1791360131,26416,4099
1791360133,26416,4099
1791360135,26416,4100
1791360138,26416,4101
1791360140,26416,4101
1791360142,26416,4099
1791360144,26416,4100
1791360146,26416,4100
1791360148,26416,4101
1791360150,26416,4102
1791360152,26416,4101
1791360154,26416,4100
1791360156,26416,4099
1791360158,26416,4099
1791360160,26416,4099
1791360162,26416,4101
1791360164,26417,4101
1791360166,26417,4102
1791360168,26417,4103
1791360170,26417,4103
1791360172,26417,4103
1791360174,26417,4101
1791360176,26417,4100
1791360178,26417,4099
1791360180,26417,4098
1791360182,26417,4099
1791360184,26417,4099
1791360186,26417,4098
1791360188,26417,4099
1791360190,26417,4099
1791360192,26417,4099
1791360194,26417,4100
1791360196,26417,4100
1791360198,26417,4099
1791360200,26417,4099
1791360202,26417,4100
1791360204,26417,4100
1791360206,26417,4099
1791360208,26417,4099
1791360210,26417,4099
1791360212,26417,4098
1791360214,26417,4097
1791360216,26417,4097
1791360218,26417,4097
1791360220,26417,4097
1791360222,26417,4096
1791360224,26417,4097
1791360226,26417,4097
1791360228,26417,4098
1791360230,26417,4099
1791360232,26417,4099
1791360234,26417,4096
1791360236,26417,4097
1791360238,26417,4095
1791360240,26417,4096
1791360242,26417,4096
1791360245,26417,4096
1791360247,26417,4096
1791360249,26417,4096
1791360251,26417,4095
1791360253,26417,4096
1791360255,26529,4207
1791360257,26529,4208
1791360259,26529,4207
1791360261,26529,4207
1791360263,26529,4207
1791360265,26529,4207
1791360267,26529,4206
1791360269,26529,4206
1791360271,26529,4207
1791360273,26529,4207
1791360275,26529,4208
1791360277,26529,4208
1791360279,26529,4207
1791360281,26529,4207
1791360283,26529,4208
1791360285,26529,4207
1791360287,26529,4207
1791360289,26529,4207
1791360291,26529,4207
1791360293,26529,4206
1791360295,26529,4205
1791360297,26529,4204
1791360299,26529,4204
1791360301,26529,4204
1791360303,26529,4205
1791360305,26529,4205
1791360307,26529,4205
1791360309,26529,4205
1791360311,26529,4205
1791360313,26529,4206
1791360315,26529,4206
1791360317,26529,4206
1791360319,26529,4206
1791360321,26529,4206
1791360323,26529,4206
1791360325,26529,4205
1791360327,26529,4204
1791360329,26529,4205
1791360331,26529,4205
1791360333,26529,4204
1791360335,26529,4204
1791360337,26529,4205
1791360339,26529,4205
1791360341,26529,4206
1791360343,26529,4206
1791360345,26529,4207
1791360347,26529,4207
1791360349,26529,4208
1791360352,26529,4209
1791360354,26529,4208
1791360356,26529,4209
1791360358,26529,4208
1791360360,26529,4209
1791360362,26529,4209
1791360364,26529,4209
1791360366,26529,4209
1791360368,26529,4209
1791360370,26529,4210
1791360372,26529,4209
1791360374,26529,4210
1791360376,26529,4209
1791360378,26529,4210
1791360380,26529,4210
1791360382,26529,4210
1791360384,26529,4211
1791360386,26529,4211
1791360388,26529,4211
1791360390,26529,4211
1791360392,26529,4210
1791360394,26529,4209
1791360396,26529,4209
1791360398,26529,4209
1791360400,26529,4210
1791360402,26529,4210
1791360404,26529,4209
1791360406,26529,4209
1791360408,26529,4209
1791360410,26529,4209
1791360412,26529,4211
1791360414,26529,4209
1791360416,26529,4208
1791360418,26529,4208
1791360420,26529,4206
1791360422,26529,4205
1791360424,26529,4206
1791360426,26529,4205
1791360428,26529,4205
1791360430,26529,4206
1791360432,26529,4206
1791360434,26529,4207
1791360436,26529,4207
1791360438,26529,4206
1791360440,26529,4206
1791360442,26529,4206
1791360444,26529,4206
1791360446,26529,4207
1791360448,26641,4315
1791360450,26641,4315
1791360452,26641,4316
1791360454,26641,4319
1791360457,26192,4048
1791360459,26192,4047
1791360461,26192,4048
1791360463,26192,4048
1791360465,26192,4049
1791360467,26192,4048
1791360469,26192,4048
1791360471,26192,4048
1791360473,26192,4047
1791360475,26192,4047
1791360477,26192,4048
1791360479,26304,4041
1791360481,26304,4041
1791360483,26304,4040
1791360485,26304,4040
1791360487,26304,4041
1791360489,26304,4041
1791360491,26304,4040
1791360493,26304,4041
1791360495,26304,4040
1791360497,26304,4040
1791360499,26304,4041
1791360501,26304,4039
1791360503,26304,4039
1791360505,26304,4039
1791360507,26304,4039
1791360509,26304,4039
1791360511,26304,4037
1791360513,26304,4037
1791360515,26304,4038
1791360517,26304,4037
1791360519,26304,4037
1791360521,26304,4038
1791360523,26304,4038
1791360525,26304,4038
1791360527,26304,4038
1791360529,26304,4039
1791360531,26304,4039
1791360533,26304,4036
1791360535,26304,4037
1791360537,26304,4037
1791360539,26304,4038
1791360541,26304,4037
1791360543,26304,4037
1791360545,26304,4037
1791360547,26304,4038
1791360549,26304,4037
1791360551,26304,4037
1791360553,26304,4036
1791360555,26304,4036
1791360557,26304,4037
1791360560,26304,4037
1791360562,26304,4037
1791360564,26304,4037
1791360566,26304,4036
1791360568,26304,4035
1791360570,26304,4066
1791360572,26304,4066
1791360574,26304,4066
1791360576,26304,4068
1791360578,26304,4069
1791360580,26304,4067
1791360582,26304,4067
1791360584,26304,4067
1791360586,26304,4067
1791360588,26304,4066
1791360590,26304,4065
1791360592,26304,4065
1791360594,26304,4065
1791360596,26304,4065
1791360598,26304,4064
1791360600,26304,4065
1791360602,26304,4065
1791360604,26304,4065
1791360606,26304,4066
1791360608,26304,4066
1791360610,26304,4063
1791360612,26304,4063
1791360614,26304,4062
1791360616,26304,4062
1791360618,26304,4060
1791360620,26304,4060
1791360622,26304,4061
1791360624,26304,4062
1791360626,26304,4062
1791360628,26304,4061
1791360630,26304,4061
1791360632,26304,4061
1791360634,26304,4062
1791360636,26304,4064
1791360638,26304,4065
1791360640,26304,4063
1791360642,26304,4062
1791360644,26304,4062
1791360646,26304,4061
1791360648,26304,4061
1791360650,26304,4062
1791360652,26304,4061
1791360654,26304,4064
1791360656,26304,4065
1791360658,26304,4066
1791360660,26417,4122
1791360662,26417,4123
1791360665,26417,4122
1791360667,26417,4123
1791360669,26417,4121
1791360671,26417,4120
1791360673,26417,4120
1791360675,26417,4118
1791360677,26417,4117
1791360679,26417,4117
1791360681,26417,4118
1791360683,26417,4118
1791360685,26417,4118
1791360687,26417,4117
1791360689,26417,4117
1791360691,26417,4118
1791360693,26417,4117
1791360695,26417,4117
1791360697,26417,4117
1791360699,26417,4117
1791360701,26417,4118
1791360703,26417,4119
1791360705,26417,4115
1791360707,26417,4115
1791360709,26417,4116
1791360711,26417,4116
1791360713,26417,4116
1791360715,26417,4117
1791360717,26417,4117
1791360719,26417,4115
1791360721,26417,4117
1791360723,26417,4116
1791360725,26417,4115
1791360727,26417,4114
1791360729,26417,4114
1791360731,26417,4114
1791360733,26417,4115
1791360735,26417,4113
1791360737,26417,4113
1791360739,26417,4112
1791360741,26417,4113
1791360743,26417,4113
1791360745,26417,4112
1791360747,26417,4112
1791360749,26417,4113
1791360751,26417,4113
1791360753,26417,4113
1791360755,26417,4113
1791360757,26417,4112
1791360759,26417,4112
1791360761,26417,4113
1791360763,26417,4113
1791360765,26417,4112
1791360767,26417,4110
1791360769,26417,4108
1791360772,26417,4108
1791360774,26417,4109
1791360776,26417,4110
1791360778,26417,4110
1791360780,26417,4110
1791360782,26417,4109
1791360784,26417,4108
1791360786,26417,4108
1791360788,26417,4107
1791360790,26417,4105
1791360792,26417,4104
1791360794,26417,4105
1791360796,26417,4105
1791360798,26417,4104
1791360800,26417,4103
1791360802,26417,4104
1791360804,26417,4104
1791360806,26417,4105
1791360808,26417,4105
1791360810,26417,4105
1791360812,26417,4105
1791360814,26417,4106
1791360816,26417,4107
1791360818,26417,4106
1791360820,26417,4105
1791360822,26417,4105
1791360824,26417,4106
1791360826,26417,4106
1791360828,26417,4105
1791360830,26417,4105
1791360832,26417,4105
1791360834,26417,4105
1791360836,26417,4105
1791360838,26417,4105
1791360840,26417,4105
1791360842,26417,4106
1791360844,26529,4217
1791360846,26529,4217
1791360848,26529,4217
1791360850,26529,4217
1791360852,26529,4218
1791360854,26529,4218
1791360856,26529,4218
1791360858,26529,4218
1791360860,26529,4217
1791360862,26529,4216
1791360864,26529,4216
1791360866,26529,4216
1791360868,26529,4216
1791360870,26529,4217
1791360872,26529,4215
1791360874,26529,4215
1791360877,26529,4211
1791360879,26529,4210
1791360881,26529,4211
1791360883,26529,4210
1791360885,26529,4210
1791360887,26529,4210
1791360889,26529,4210
1791360891,26529,4210
1791360893,26529,4211
1791360895,26529,4208
1791360897,26529,4207
1791360899,26529,4207
1791360901,26529,4206
1791360903,26529,4207
1791360905,26529,4207
1791360907,26529,4208
1791360909,26529,4207
1791360911,26529,4206
1791360913,26529,4206
1791360915,26529,4206
1791360917,26529,4207
1791360919,26529,4206
1791360921,26529,4207
1791360923,26529,4206
1791360925,26529,4206
1791360927,26529,4204
1791360929,26529,4204
1791360931,26529,4204
1791360933,26529,4206
1791360935,26529,4205
1791360937,26529,4200
1791360939,26529,4200
1791360941,26529,4202
1791360943,26529,4202
1791360945,26529,4203
1791360947,26529,4202
1791360949,26529,4202
1791360951,26529,4201
1791360953,26529,4202
1791360955,26529,4201
1791360957,26529,4199
1791360959,26529,4199
1791360961,26529,4201
1791360963,26529,4202
1791360965,26529,4200
1791360967,26529,4201
1791360969,26529,4201
1791360971,26529,4201
1791360973,26529,4201
1791360975,26529,4202
1791360977,26529,4203
1791360979,26529,4204
1791360982,26529,4205
1791360984,26529,4205
1791360986,26529,4204
1791360988,26529,4204
1791360990,26529,4204
1791360992,26529,4205
1791360994,26529,4205
1791360996,26529,4205
1791360998,26529,4204
1791361000,26529,4204
1791361002,26529,4205
1791361004,26529,4204
1791361006,26529,4205
1791361008,26529,4205
1791361010,26529,4203
1791361012,26529,4203
1791361014,26529,4203
1791361016,26529,4200
1791361018,26529,4200
1791361020,26529,4199
1791361022,26529,4199
1791361024,26641,4316
1791361026,26641,4316
1791361028,26641,4316
1791361030,26641,4315
1791361032,26641,4316
1791361034,26641,4316
1791361036,26641,4317
1791361038,26641,4317
1791361040,26641,4318
1791361042,26641,4318
1791361044,26641,4317
1791361046,26641,4316
1791361048,26641,4315
1791361050,26641,4314
1791361052,26641,4314
1791361054,26641,4314
1791361056,26641,4314
1791361058,26641,4314
1791361060,26641,4314
1791361062,26641,4314
1791361064,26641,4315
1791361066,26641,4316
1791361068,26641,4316
1791361070,26641,4316
1791361072,26641,4316
1791361074,26641,4315
1791361076,26641,4316
1791361078,26641,4315
1791361080,26641,4315
1791361082,26641,4313
1791361084,26641,4314
1791361087,26641,4315
1791361089,26641,4315
1791361091,26641,4316
1791361093,26641,4316
1791361095,26641,4316
1791361097,26641,4317
1791361099,26641,4315
1791361101,26641,4316
1791361103,26641,4316
1791361105,26641,4317
1791361107,26641,4317
1791361109,26641,4317
1791361111,26641,4317
1791361113,26641,4315
1791361115,26641,4316
1791361117,26641,4316
1791361119,26641,4316
1791361121,26641,4317
1791361123,26641,4317
1791361125,26641,4317
1791361127,26641,4317
1791361129,26641,4318
1791361131,26641,4318
1791361133,26641,4318
1791361135,26641,4317
1791361137,26641,4316
1791361139,26641,4314
1791361141,26641,4313
1791361143,26641,4313
1791361145,26641,4314
1791361147,26641,4314
1791361149,26641,4313
1791361151,26641,4315
1791361153,26641,4315
1791361155,26641,4315
1791361157,26641,4315
1791361159,26641,4314
1791361161,26641,4315
1791361163,26641,4313
1791361165,26641,4313
1791361167,26641,4313
1791361169,26641,4314
1791361171,26641,4313
1791361173,26641,4314
1791361175,26641,4312
1791361177,26641,4312
1791361179,26641,4312
1791361181,26641,4312
1791361183,26641,4312
1791361185,26641,4312
1791361187,26641,4312
1791361189,26641,4313
1791361192,26641,4313
1791361194,26641,4313
1791361196,26641,4313
1791361198,26641,4314
1791361200,26641,4314
1791361202,26641,4313
1791361204,26641,4313
1791361206,26753,4429
1791361208,26753,4429
1791361210,26753,4429
1791361212,26753,4431
1791361214,26753,4430
1791361216,26753,4431
1791361218,26753,4432
1791361220,26753,4431
1791361222,26753,4432
1791361224,26753,4432
1791361226,26753,4433
1791361228,26753,4433
1791361230,26753,4433
1791361232,26753,4430
1791361234,26753,4432
1791361236,26753,4433
1791361238,26753,4434
1791361240,26753,4434
1791361242,26753,4434
1791361244,26753,4434
1791361246,26753,4434
1791361248,26753,4434
1791361250,26753,4433
1791361252,26753,4433
1791361254,26753,4434
1791361256,26753,4433
1791361258,26753,4433
1791361260,26753,4434
1791361262,26753,4433
1791361264,26753,4433
1791361266,26753,4431
1791361268,26753,4431
1791361270,26753,4430
1791361272,26753,4429
1791361274,26753,4430
1791361276,26753,4430
1791361278,26753,4430
1791361280,26753,4428
1791361282,26753,4429
1791361284,26753,4429
1791361286,26753,4429
1791361288,26753,4427
1791361290,26753,4428
1791361292,26753,4428
1791361294,26753,4428
1791361297,26753,4428
1791361299,26753,4428
1791361301,26753,4429
1791361303,26753,4430
1791361305,26753,4429
1791361307,26753,4429
1791361309,26753,4429
1791361311,26753,4427
1791361313,26753,4428
1791361315,26753,4429
1791361317,26753,4429
1791361319,26753,4429
1791361321,26753,4428
1791361323,26753,4428
1791361325,26753,4428
1791361327,26753,4428
1791361329,26753,4428
1791361331,26753,4428
1791361333,26753,4427
1791361335,26753,4429
1791361337,26753,4429
1791361339,26753,4429
1791361341,26753,4428
1791361343,26753,4428
1791361345,26753,4428
1791361347,26753,4428
1791361349,26753,4428
1791361351,26753,4428
1791361353,26753,4428
1791361355,26753,4428
1791361357,26753,4428
1791361359,26753,4428
1791361361,26753,4429
1791361363,26753,4428
1791361365,26753,4428
1791361367,26753,4428
1791361369,26753,4427
1791361371,26753,4427
1791361373,26753,4426
1791361375,26753,4427
1791361377,26753,4427
1791361379,26753,4426
1791361381,26753,4426
1791361383,26753,4424
1791361385,26753,4425
1791361387,26865,4536
1791361389,26865,4537
1791361391,26865,4535
1791361393,26865,4535
1791361395,26192,4057
1791361397,26192,4057
1791361399,26192,4057
1791361402,26192,4057
1791361404,26192,4059
1791361406,26192,4051
1791361408,26196,4050
1791361410,26196,4051
1791361412,26196,4050
1791361414,26196,4050
1791361416,26196,4050
1791361418,26301,4050
1791361420,26308,4050
1791361422,26308,4050
1791361424,26308,4051
1791361426,26308,4052
1791361428,26308,4052
1791361430,26308,4053
1791361432,26308,4053
1791361434,26308,4052
1791361436,26308,4051
1791361438,26308,4051
1791361440,26308,4052
1791361442,26308,4052
1791361444,26308,4052
1791361446,26308,4051
1791361448,26308,4051
1791361450,26308,4051
1791361452,26308,4051
1791361454,26308,4050
1791361456,26308,4051
1791361458,26308,4051
1791361460,26308,4052
1791361462,26308,4052
1791361464,26308,4053
1791361466,26308,4053
1791361468,26308,4050
1791361470,26308,4050
1791361472,26308,4050
1791361474,26308,4050
1791361476,26308,4050
1791361478,26308,4048
1791361480,26308,4049
1791361482,26308,4049
1791361484,26308,4049
1791361486,26308,4050
1791361488,26308,4049
1791361490,26308,4048
1791361492,26308,4049
1791361494,26308,4048
1791361496,26308,4050
1791361498,26308,4049
1791361500,26308,4049
1791361502,26308,4048
1791361504,26308,4048
1791361506,26308,4048
1791361509,26308,4047
1791361511,26308,4048
1791361513,26308,4048
1791361515,26308,4049
1791361517,26308,4048
1791361519,26308,4048
1791361521,26308,4048
1791361523,26308,4046
1791361525,26308,4047
1791361527,26308,4048
1791361529,26308,4047
1791361531,26308,4046
1791361533,26308,4047
1791361535,26308,4048
1791361537,26308,4048
1791361539,26308,4048
1791361541,26308,4048
1791361543,26308,4047
1791361545,26308,4046
1791361547,26308,4045
1791361549,26308,4045
1791361551,26308,4046
1791361553,26308,4046
1791361555,26308,4048
1791361557,26308,4049
1791361559,26308,4049
1791361561,26308,4049
1791361563,26308,4050
1791361565,26308,4048
1791361567,26308,4050
1791361569,26308,4050
1791361571,26308,4050
1791361573,26308,4049
1791361575,26308,4050
1791361577,26308,4050
1791361579,26308,4049
1791361581,26308,4050
1791361583,26308,4051
1791361585,26308,4051
1791361587,26308,4052
1791361589,26308,4051
1791361591,26308,4050
1791361593,26308,4049
1791361595,26308,4049
1791361597,26420,4088
1791361599,26420,4089
1791361601,26420,4089
1791361603,26420,4088
1791361605,26420,4088
1791361607,26420,4088
1791361609,26420,4088
1791361611,26420,4088
1791361613,26420,4087
1791361616,26420,4088
1791361618,26420,4086
1791361620,26420,4086
1791361622,26420,4085
1791361624,26420,4085
1791361626,26420,4085
1791361628,26420,4085
1791361630,26420,4085
1791361632,26420,4085
1791361634,26420,4084
1791361636,26420,4084
1791361638,26420,4085
1791361640,26420,4086
1791361642,26420,4085
1791361644,26420,4085
1791361646,26420,4086
1791361648,26420,4086
1791361650,26420,4086
1791361652,26420,4086
1791361654,26420,4085
1791361656,26420,4085
1791361658,26420,4086
1791361660,26420,4085
1791361662,26420,4081
1791361664,26420,4080
1791361666,26420,4081
1791361668,26420,4081
1791361670,26420,4081
1791361672,26420,4102
1791361674,26420,4105
1791361676,26420,4105
1791361678,26420,4106
1791361680,26420,4105
1791361682,26420,4105
1791361684,26420,4103
1791361686,26420,4103
1791361688,26420,4102
1791361690,26420,4102
1791361692,26420,4101
1791361694,26420,4101
1791361696,26420,4103
1791361698,26420,4104
1791361700,26420,4103
1791361702,26420,4102
1791361704,26420,4102
1791361706,26420,4103
1791361708,26420,4103
1791361710,26420,4102
1791361712,26420,4102
1791361714,26420,4102
1791361716,26420,4100
1791361718,26420,4100
1791361721,26420,4098
1791361723,26420,4098
1791361725,26420,4098
1791361727,26420,4096
1791361729,26420,4094
1791361731,26420,4094
1791361733,26420,4094
1791361735,26420,4097
1791361737,26420,4097
1791361739,26420,4097
1791361741,26420,4097
1791361743,26420,4097
1791361745,26420,4098
1791361747,26420,4098
1791361749,26420,4096
1791361751,26420,4095
1791361753,26420,4096
1791361755,26420,4096
1791361757,26420,4096
1791361759,26420,4096
1791361761,26420,4095
1791361763,26420,4096
1791361765,26420,4095
1791361767,26420,4095
1791361769,26420,4096
1791361771,26420,4095
1791361773,26420,4096
1791361775,26420,4096
1791361777,26420,4097
1791361779,26533,4215
1791361781,26533,4214
1791361783,26533,4212
1791361785,26533,4212
1791361787,26533,4212
1791361789,26533,4212
1791361791,26533,4212
1791361793,26533,4213
1791361795,26533,4213
1791361797,26533,4212
1791361799,26533,4212
1791361801,26533,4212
1791361803,26533,4211
1791361805,26533,4213
1791361807,26533,4212
1791361809,26533,4213
1791361811,26533,4212
1791361813,26533,4211
1791361815,26533,4211
1791361817,26533,4212
1791361819,26533,4211
1791361821,26533,4211
1791361823,26533,4211
1791361825,26533,4211
1791361828,26533,4210
1791361830,26533,4208
1791361832,26533,4208
1791361834,26533,4208
1791361836,26533,4209
1791361838,26533,4210
1791361840,26533,4213
1791361842,26533,4215
1791361844,26533,4215
1791361846,26533,4215
1791361848,26533,4215
1791361850,26533,4215
1791361852,26533,4215
1791361854,26533,4215
1791361856,26533,4215
1791361858,26533,4216
1791361860,26533,4215
1791361862,26533,4215
1791361864,26533,4216
1791361866,26533,4216
1791361868,26533,4216
1791361870,26533,4216
1791361872,26533,4216
1791361874,26533,4216
1791361876,26533,4214
1791361878,26533,4213
1791361880,26533,4212
1791361882,26533,4213
1791361884,26533,4214
1791361886,26533,4215
1791361888,26533,4214
1791361890,26533,4214
1791361892,26533,4214
1791361894,26533,4214
1791361896,26533,4214
1791361898,26533,4213
1791361900,26533,4213
1791361902,26533,4212
1791361904,26533,4212
1791361906,26533,4212
1791361908,26533,4210
1791361910,26533,4211
1791361912,26533,4211
1791361914,26533,4211
1791361916,26533,4211
1791361918,26533,4211
1791361920,26533,4211
1791361922,26533,4212
1791361924,26533,4213
1791361926,26533,4214
1791361928,26533,4215
1791361930,26533,4214
1791361933,26533,4214
1791361935,26533,4211
1791361937,26533,4212
1791361939,26533,4211
1791361941,26533,4211
1791361943,26533,4211
1791361945,26533,4211
1791361947,26533,4211
1791361949,26533,4211
1791361951,26533,4212
1791361953,26533,4213
1791361955,26533,4213
1791361957,26533,4212
1791361959,26645,4323
1791361961,26645,4322
1791361963,26645,4321
1791361965,26645,4322
1791361967,26645,4322
1791361969,26645,4321
1791361971,26645,4321
1791361973,26645,4320
1791361975,26645,4320
1791361977,26645,4321
1791361979,26645,4321
1791361981,26645,4321
1791361983,26645,4320
1791361985,26645,4318
1791361987,26645,4317
1791361989,26645,4317
1791361991,26645,4316
1791361993,26645,4316
1791361995,26645,4316
1791361997,26645,4317
1791361999,26645,4318
1791362001,26645,4319
1791362003,26645,4319
1791362005,26645,4318
1791362007,26645,4319
1791362009,26645,4320
1791362011,26645,4318
1791362013,26645,4320
1791362015,26645,4319
1791362017,26645,4319
1791362019,26645,4318
1791362021,26645,4318
1791362023,26645,4318
1791362025,26645,4319
1791362027,26645,4319
1791362029,26645,4317
1791362031,26645,4317
1791362033,26645,4318
1791362035,26645,4317
1791362038,26645,4317
1791362040,26645,4317
1791362042,26645,4318
1791362044,26645,4318
1791362046,26645,4319
1791362048,26645,4319
1791362050,26645,4319
1791362052,26645,4319
1791362054,26645,4315
1791362056,26645,4317
1791362058,26645,4318
1791362060,26645,4318
1791362062,26645,4319
1791362064,26645,4319
1791362066,26645,4319
1791362068,26645,4319
1791362070,26645,4319
1791362072,26645,4320
1791362074,26645,4320
1791362076,26645,4319
1791362078,26645,4316
1791362080,26645,4315
1791362082,26645,4317
1791362084,26645,4317
1791362086,26645,4318
1791362088,26645,4316
1791362090,26645,4317
1791362092,26645,4318
1791362094,26645,4315
1791362096,26645,4315
1791362098,26645,4315
1791362100,26645,4316
1791362102,26645,4315
1791362104,26645,4316
1791362106,26645,4316
1791362108,26645,4316
1791362110,26645,4317
1791362112,26645,4318
1791362114,26645,4317
1791362116,26645,4317
1791362118,26645,4317
1791362120,26645,4317
1791362122,26645,4317
1791362124,26645,4316
1791362126,26645,4314
1791362128,26645,4315
1791362130,26645,4313
1791362132,26645,4313
1791362134,26645,4313
1791362136,26645,4313
1791362138,26757,4424
1791362140,26757,4423
1791362143,26757,4422
1791362145,26757,4422
1791362147,26757,4422
1791362149,26757,4421
1791362151,26757,4421
1791362153,26757,4422
1791362155,26757,4422
1791362157,26757,4423
1791362159,26757,4423
1791362161,26757,4423
1791362163,26757,4424
1791362165,26757,4421
1791362167,26757,4422
1791362169,26757,4423
1791362171,26757,4424
1791362173,26757,4425
1791362175,26757,4425
1791362177,26757,4424
1791362179,26757,4424
1791362181,26757,4424
1791362183,26757,4424
1791362185,26757,4424
1791362187,26757,4424
1791362189,26757,4424
1791362191,26757,4423
1791362193,26757,4423
1791362195,26757,4422
1791362197,26757,4421
1791362199,26757,4420
1791362201,26757,4421
1791362203,26757,4422
1791362205,26757,4421
1791362207,26757,4420
1791362209,26757,4420
1791362211,26757,4417
1791362213,26757,4418
1791362215,26757,4419
1791362217,26757,4421
1791362219,26757,4421
1791362221,26757,4421
1791362223,26757,4421
1791362225,26757,4423
1791362227,26757,4421
1791362229,26757,4422
1791362231,26757,4422
1791362233,26757,4423
1791362235,26757,4424
1791362237,26757,4424
1791362239,26757,4425
1791362241,26757,4426
1791362243,26757,4425
1791362245,26757,4427
1791362248,26757,4429
1791362250,26757,4429
1791362252,26757,4427
1791362254,26757,4428
1791362256,26757,4426
1791362258,26757,4428
1791362260,26757,4428
1791362262,26757,4428
1791362264,26757,4429
1791362266,26757,4429
1791362268,26757,4429
1791362270,26757,4429
1791362272,26757,4428
1791362274,26757,4429
1791362276,26757,4429
1791362278,26757,4428
1791362280,26757,4428
1791362282,26757,4428
1791362284,26757,4429
1791362286,26757,4428
1791362288,26757,4429
1791362290,26757,4429
1791362292,26757,4430
1791362294,26757,4430
1791362296,26757,4430
1791362298,26757,4430
1791362300,26757,4430
1791362302,26757,4430
1791362304,26757,4429
1791362306,26757,4429
1791362308,26757,4429
1791362310,26757,4429
1791362312,26757,4429
1791362314,26757,4430
1791362316,26757,4430
1791362318,26869,4539
1791362320,26869,4540
1791362322,26869,4540
1791362324,26869,4540
1791362326,26869,4540
1791362328,26869,4540
1791362330,26869,4541
1791362332,26869,4541
1791362334,26869,4540
1791362336,26869,4541
1791362338,26869,4542
1791362340,26869,4542
1791362342,26869,4542
1791362344,26869,4539
1791362346,26869,4539
1791362348,26869,4540
1791362350,26869,4541
1791362352,26869,4541
1791362355,26869,4540
1791362357,26869,4541
1791362359,26869,4541
1791362361,26869,4541
1791362363,26869,4539
1791362365,26869,4540
1791362367,26869,4539
1791362369,26869,4539
1791362371,26869,4539
1791362373,26869,4538
1791362375,26869,4539
1791362377,26869,4539
1791362379,26869,4539
1791362381,26869,4538
1791362383,26869,4539
1791362385,26869,4539
1791362387,26869,4539
1791362389,26869,4539
1791362391,26869,4538
1791362393,26869,4537
1791362395,26869,4537
1791362397,26869,4538
1791362399,26869,4537
1791362401,26869,4537
1791362403,26869,4536
1791362405,26869,4537
1791362407,26869,4536
1791362409,26869,4536
1791362411,26869,4536
1791362413,26869,4536
1791362415,26869,4536
1791362417,26869,4535
1791362419,26869,4535
1791362421,26869,4535
1791362423,26869,4535
1791362425,26869,4536
1791362427,26869,4536
1791362429,26869,4537
1791362431,26869,4537
1791362433,26869,4573
1791362435,26869,4574
1791362437,26869,4575
1791362439,26869,4575
1791362441,26869,4572
1791362443,26869,4573
1791362445,26869,4574
1791362447,26869,4574
1791362449,26869,4573
1791362451,26869,4571
1791362453,26869,4569
1791362455,26869,4570
1791362457,26869,4570
1791362459,26869,4570
1791362462,26869,4571
1791362464,26869,4571
1791362466,26869,4571
1791362468,26869,4571
1791362470,26869,4571
1791362472,26869,4570
1791362474,26869,4570
1791362476,26869,4570
1791362478,26869,4570
1791362480,26869,4570
1791362482,26869,4571
1791362484,26869,4572
1791362486,26869,4569
1791362488,26869,4569
1791362490,26869,4568
1791362492,26869,4569
1791362494,26869,4569
1791362496,26869,4569
1791362498,26869,4688
1791362500,26869,4688
1791362502,26869,4688
1791362504,26869,4687
1791362506,26869,4687
1791362508,26869,4687
1791362510,26869,4687
1791362512,26869,4687
1791362514,26869,4688
1791362516,26869,4683
1791362518,26869,4683
1791362520,26869,4683
1791362522,26869,4682
1791362524,26869,4681
1791362526,26869,4680
1791362528,26869,4679
1791362530,26869,4679
1791362532,26869,4679
1791362534,26869,4679
1791362536,26869,4679
1791362538,26869,4679
1791362540,26869,4680
1791362542,26869,4680
1791362544,26869,4680
1791362546,26869,4677
1791362548,26869,4677
1791362550,26869,4677
1791362552,26869,4677
1791362554,26869,4675
1791362556,26869,4675
1791362558,26869,4676
1791362560,26869,4676
1791362562,26869,4674
1791362564,26869,4675
1791362567,26869,4675
1791362569,26869,4675
1791362571,26869,4675
1791362573,26869,4675
1791362575,26869,4674
1791362577,26869,4676
1791362579,26869,4675
1791362581,26869,4675
1791362583,26869,4676
1791362585,26869,4676
1791362587,26869,4675
1791362589,26869,4676
1791362591,26869,4676
1791362593,26869,4675
1791362595,26869,4676
1791362597,26869,4675
1791362599,26869,4675
1791362601,26869,4675
1791362603,26869,4674
1791362605,26869,4674
1791362607,26869,4674
1791362609,26869,4669
1791362611,26869,4670
1791362613,26869,4670
1791362615,26869,4670
1791362617,26869,4671
1791362619,26869,4671
1791362621,26869,4671
1791362623,26869,4672
1791362625,26869,4671
1791362627,26869,4671
1791362629,26869,4671
1791362631,26869,4672
1791362633,26869,4672
1791362635,26869,4672
1791362637,26869,4674
1791362639,26869,4663
1791362641,26869,4663
1791362643,26869,4664
1791362645,26869,4664
1791362647,26869,4663
1791362649,26869,4661
1791362651,26869,4662
1791362653,26869,4663
1791362655,26869,4663
1791362657,26869,4664
1791362659,26869,4663
1791362661,26869,4663
1791362663,26869,4663
1791362665,26869,4663
1791362667,26869,4664
1791362669,26869,4655
1791362672,26869,4654
1791362674,26869,4654
1791362676,26869,4655
1791362678,26869,4654
1791362680,26869,4654
1791362682,26869,4677
1791362684,26869,4678
1791362686,26869,4680
1791362688,26869,4681
1791362690,26199,4010
1791362692,26199,4010
1791362694,26199,4010
1791362696,26199,4011
1791362698,26199,4011
1791362700,26199,4003
1791362702,26199,4003
1791362704,26199,4001
1791362706,26199,4000
1791362708,26199,4001
1791362710,26199,4001
1791362712,26199,4001
1791362714,26199,4001
1791362716,26311,4001
1791362718,26311,4001
1791362720,26311,4001
1791362722,26311,4001
1791362724,26311,4001
1791362726,26311,4001
1791362728,26311,4001
1791362730,26311,4002
1791362732,26311,4001
1791362734,26311,4001
1791362736,26311,4001
1791362738,26311,3996
1791362740,26311,3997
1791362742,26311,3998
1791362744,26311,3998
1791362746,26311,3997
1791362748,26311,3997
1791362750,26311,3996
1791362752,26311,3997
1791362754,26311,3997
1791362756,26311,3998
1791362758,26311,3999
1791362760,26311,3999
1791362762,26311,4001
1791362764,26311,3999
1791362766,26311,4000
1791362768,26311,4001
1791362770,26311,4000
1791362772,26311,4000
1791362775,26311,3999
1791362777,26311,4000
1791362779,26311,4000
1791362781,26311,3999
1791362783,26311,4000
1791362785,26311,3999
1791362787,26311,4000
1791362789,26311,3999
1791362791,26311,3999
1791362793,26311,3998
1791362795,26311,3996
1791362797,26311,3996
1791362799,26311,3995
1791362801,26311,3994
1791362803,26311,3995
1791362805,26311,3995
1791362807,26311,3994
1791362809,26311,3994
1791362811,26285,3970
1791362813,26285,3970
1791362815,26285,3969
1791362817,26285,3971
1791362819,26285,3971
1791362821,26285,3972
1791362823,26285,3973
1791362825,26285,3971
1791362827,26285,3971
1791362829,26285,3970
1791362831,26285,3970
1791362833,26285,3969
1791362835,26285,3968
1791362837,26285,3968
1791362839,26285,3967
1791362841,26285,3968
1791362843,26285,3968
1791362845,26285,3968
1791362847,26285,3968
1791362849,26285,3967
1791362851,26285,3968
1791362853,26285,3967
1791362855,26285,3967
1791362857,26285,3968
1791362859,26285,3966
1791362861,26285,3967
1791362863,26285,3967
1791362865,26285,3967
1791362867,26285,3967
1791362869,26285,3968
1791362871,26285,3967
1791362873,26285,3967
1791362875,26285,3967
1791362877,26285,3968
1791362879,26285,3967
1791362882,26285,3968
1791362884,26285,3967
1791362886,26285,3968
1791362888,26285,3967
1791362890,26285,3966
1791362892,26285,3967
1791362894,26285,3965
1791362896,26285,3965
1791362898,26410,4090
1791362900,26410,4089
1791362902,26410,4089
1791362904,26410,4090
1791362906,26410,4090
1791362908,26410,4091
1791362910,26410,4091
1791362912,26410,4091
1791362914,26410,4090
1791362916,26410,4088
1791362918,26410,4088
1791362920,26410,4089
1791362922,26410,4089
1791362924,26410,4089
1791362926,26410,4089
1791362928,26410,4090
1791362930,26410,4088
1791362932,26410,4087
1791362934,26410,4088
1791362936,26410,4088
1791362938,26410,4088
1791362940,26410,4088
1791362942,26410,4088
1791362944,26410,4088
1791362946,26410,4088
1791362948,26410,4090
1791362950,26410,4091
1791362952,26410,4090
1791362954,26410,4089
1791362956,26410,4087
1791362958,26410,4087
1791362960,26410,4087
1791362962,26410,4087
1791362964,26410,4088
1791362966,26410,4089
1791362968,26410,4090
1791362970,26410,4088
1791362972,26410,4089
1791362974,26410,4089
1791362976,26410,4088
1791362978,26410,4089
1791362980,26410,4090
1791362982,26410,4087
1791362984,26410,4087
1791362986,26410,4088
1791362989,26410,4087
1791362991,26410,4088
1791362993,26410,4088
1791362995,26410,4089
1791362997,26410,4089
1791362999,26410,4089
1791363001,26410,4089
1791363003,26410,4088
1791363005,26410,4088
1791363007,26410,4087
1791363009,26410,4087
1791363011,26410,4088
1791363013,26410,4089
1791363015,26410,4089
1791363017,26410,4089
1791363019,26410,4089
1791363021,26410,4088
1791363023,26410,4089
1791363025,26410,4087
1791363027,26410,4087
1791363029,26410,4087
1791363031,26410,4088
1791363033,26410,4087
1791363035,26410,4087
1791363037,26410,4089
1791363039,26410,4089
1791363041,26410,4090
1791363043,26410,4091
1791363045,26410,4092
1791363047,26410,4091
1791363049,26410,4092
1791363051,26410,4092
1791363053,26410,4094
1791363055,26410,4094
1791363057,26410,4094
1791363059,26410,4094
1791363061,26410,4094
1791363063,26410,4094
1791363065,26410,4096
1791363067,26410,4096
1791363069,26410,4093
1791363071,26410,4094
1791363073,26410,4093
1791363075,26410,4092
1791363077,26410,4093
1791363079,26410,4094
1791363081,26523,4213
1791363083,26523,4213
1791363085,26523,4213
1791363087,26523,4214
1791363089,26523,4214
1791363091,26523,4214
1791363094,26523,4213
1791363096,26523,4212
1791363098,26523,4208
1791363100,26523,4209
1791363102,26523,4209
1791363104,26523,4209
1791363106,26523,4210
1791363108,26523,4210
1791363110,26523,4210
1791363112,26523,4210
1791363114,26523,4211
1791363116,26523,4211
1791363118,26523,4211
1791363120,26523,4210
1791363122,26523,4210
1791363124,26523,4211
1791363126,26523,4209
1791363128,26523,4209
1791363130,26523,4208
1791363132,26523,4209
1791363134,26523,4208
1791363136,26523,4207
1791363138,26523,4208
1791363140,26523,4206
1791363142,26523,4206
1791363144,26523,4206
1791363146,26523,4205
1791363148,26523,4207
1791363150,26523,4207
1791363152,26523,4207
1791363154,26523,4207
1791363156,26523,4206
1791363158,26523,4207
1791363160,26523,4208
1791363162,26523,4208
1791363164,26523,4207
1791363166,26523,4208
1791363168,26523,4208
1791363170,26523,4208
1791363172,26523,4206
1791363174,26523,4207
1791363176,26523,4207
1791363178,26523,4206
1791363180,26523,4206
1791363182,26523,4206
1791363184,26523,4206
1791363186,26523,4206
1791363188,26523,4206
1791363190,26523,4206
1791363192,26523,4206
1791363194,26523,4207
1791363196,26523,4207
1791363198,26523,4205
1791363200,26523,4206
1791363203,26523,4205
1791363205,26523,4205
1791363207,26523,4205
1791363209,26523,4204
1791363211,26523,4204
1791363213,26523,4203
1791363215,26523,4203
1791363217,26523,4203
1791363219,26523,4203
1791363221,26523,4203
1791363223,26523,4203
1791363225,26523,4204
1791363227,26523,4204
1791363229,26523,4204
1791363231,26523,4204
1791363233,26523,4205
1791363235,26523,4206
1791363237,26523,4206
1791363239,26523,4205
1791363241,26523,4205
1791363243,26523,4205
1791363245,26523,4205
1791363247,26523,4206
1791363249,26523,4206
1791363251,26523,4205
1791363253,26523,4206
1791363255,26523,4205
1791363257,26523,4205
1791363259,26523,4205
1791363261,26523,4203
1791363263,26523,4202
1791363265,26523,4202
1791363267,26635,4311
1791363269,26635,4311
1791363271,26635,4311
1791363273,26635,4311
1791363275,26635,4310
1791363277,26635,4309
1791363279,26635,4308
1791363281,26635,4308
1791363283,26635,4308
1791363285,26635,4308
1791363287,26635,4306
1791363289,26635,4306
1791363291,26635,4306
1791363293,26635,4307
1791363295,26635,4306
1791363297,26635,4305
1791363299,26635,4306
1791363301,26635,4306
1791363303,26635,4306
1791363305,26635,4306
1791363307,26635,4306
1791363310,26635,4306
1791363312,26635,4306
1791363314,26635,4306
1791363316,26635,4305
1791363318,26635,4306
1791363320,26635,4306
1791363322,26635,4306
1791363324,26635,4306
1791363326,26635,4304
1791363328,26635,4306
1791363330,26635,4307
1791363332,26635,4307
1791363334,26635,4307
1791363336,26635,4307
1791363338,26635,4306
1791363340,26635,4306
1791363342,26635,4306
1791363344,26635,4307
1791363346,26635,4307
1791363348,26635,4307
1791363350,26635,4306
1791363352,26635,4306
1791363354,26635,4307
1791363356,26635,4307
1791363358,26635,4306
1791363360,26635,4306
1791363362,26635,4307
1791363364,26635,4307
1791363366,26635,4306
1791363368,26635,4306
1791363370,26635,4304
1791363372,26635,4305
1791363374,26635,4306
1791363376,26635,4305
1791363378,26635,4304
1791363380,26635,4304
1791363382,26635,4304
1791363384,26635,4304
1791363386,26635,4304
1791363388,26635,4305
1791363390,26635,4304
1791363392,26635,4304
1791363394,26635,4304
1791363396,26635,4305
1791363398,26635,4306
1791363400,26635,4306
1791363402,26635,4306
1791363404,26635,4305
1791363406,26635,4305
1791363408,26635,4305
1791363410,26635,4305
1791363412,26635,4304
1791363415,26635,4303
1791363417,26635,4303
1791363419,26635,4304
1791363421,26635,4303
1791363423,26635,4303
1791363425,26635,4304
1791363427,26635,4304
1791363429,26635,4305
1791363431,26635,4305
1791363433,26635,4306
1791363435,26635,4306
1791363437,26635,4305
1791363439,26635,4305
1791363441,26635,4305
1791363443,26635,4305
1791363445,26635,4304
1791363447,26635,4304
1791363449,26744,4413
1791363451,26748,4415
1791363453,26748,4417
1791363455,26748,4418
1791363457,26748,4418
1791363459,26748,4419
1791363461,26748,4419
1791363463,26748,4419
1791363465,26748,4419
1791363467,26748,4419
1791363469,26748,4419
1791363471,26748,4418
1791363473,26748,4418
1791363475,26748,4419
1791363477,26748,4418
1791363479,26748,4417
1791363481,26748,4418
1791363483,26748,4418
1791363485,26748,4418
1791363487,26748,4418
1791363489,26748,4418
1791363491,26748,4419
1791363493,26748,4419
1791363495,26748,4419
1791363497,26748,4420
1791363499,26748,4420
1791363501,26748,4420
1791363503,26748,4419
1791363505,26748,4419
1791363507,26748,4420
1791363509,26748,4420
1791363511,26748,4420
1791363513,26748,4419
1791363515,26748,4419
1791363517,26748,4418
1791363519,26748,4418
1791363522,26748,4419
1791363524,26748,4419
1791363526,26748,4419
1791363528,26748,4419
1791363530,26748,4419
1791363532,26748,4419
1791363534,26748,4418
1791363536,26748,4418
1791363538,26748,4418
1791363540,26748,4419
1791363542,26748,4419
1791363544,26748,4419
1791363546,26748,4419
1791363548,26748,4419
1791363550,26748,4418
1791363552,26748,4419
1791363554,26748,4419
1791363556,26748,4419
1791363558,26748,4419
1791363560,26748,4420
1791363562,26748,4418
1791363564,26748,4418
1791363566,26748,4418
1791363568,26748,4418
1791363570,26748,4417
1791363572,26748,4417
1791363574,26748,4417
1791363576,26748,4418
1791363578,26748,4418
1791363580,26748,4419
1791363582,26748,4419
1791363584,26748,4419
1791363586,26748,4418
1791363588,26748,4418
1791363590,26748,4418
1791363592,26748,4419
1791363594,26748,4418
1791363596,26748,4418
1791363598,26748,4416
1791363600,26748,4416
1791363602,26748,4416
1791363604,26748,4415
1791363606,26748,4416
1791363608,26748,4416
1791363610,26748,4417
1791363612,26748,4417
1791363614,26748,4417
1791363616,26748,4418
1791363618,26748,4418
1791363620,26748,4417
1791363622,26748,4418
1791363624,26748,4420
1791363626,26748,4420
1791363629,26748,4420
1791363631,26860,4537
1791363633,26860,4538
1791363635,26860,4538
1791363637,26860,4529
1791363639,26860,4530
1791363641,26860,4532
1791363643,26860,4531
1791363645,26860,4532
1791363647,26860,4532
1791363649,26860,4532
1791363651,26860,4532
1791363653,26860,4533
1791363655,26860,4533
1791363657,26860,4533
1791363659,26860,4534
1791363661,26860,4534
1791363663,26860,4533
1791363665,26860,4534
1791363667,26860,4534
1791363669,26860,4534
1791363671,26860,4534
1791363673,26860,4534
1791363675,26860,4534
1791363677,26860,4535
1791363679,26860,4535
1791363681,26860,4535
1791363683,26860,4535
1791363685,26860,4535
1791363687,26860,4535
1791363689,26860,4535
1791363691,26860,4536
1791363693,26860,4535
1791363695,26860,4534
1791363697,26860,4535
1791363699,26860,4535
1791363701,26860,4533
1791363703,26860,4532
1791363705,26860,4535
1791363707,26860,4535
1791363709,26860,4536
1791363711,26860,4536
1791363713,26860,4537
1791363715,26860,4537
1791363717,26860,4537
1791363719,26860,4536
1791363721,26860,4536
1791363723,26860,4535
1791363725,26860,4534
1791363727,26860,4534
1791363729,26860,4532
1791363731,26860,4532
1791363733,26860,4532
1791363736,26860,4533
1791363738,26860,4533
1791363740,26860,4534
1791363742,26860,4534
1791363744,26860,4534
1791363746,26860,4535
1791363748,26860,4535
1791363750,26860,4534
1791363752,26860,4534
1791363754,26860,4534
1791363756,26860,4534
1791363758,26860,4533
1791363760,26860,4535
1791363762,26860,4535
1791363764,26860,4535
1791363766,26860,4535
1791363768,26860,4536
1791363770,26860,4536
1791363772,26860,4533
1791363774,26860,4533
1791363776,26860,4533
1791363778,26860,4533
1791363780,26860,4533
1791363782,26860,4532
1791363784,26860,4532
1791363786,26860,4531
1791363788,26860,4531
1791363790,26860,4532
1791363792,26860,4532
1791363794,26860,4533
1791363796,26860,4533
1791363798,26860,4532
1791363800,26860,4533
1791363802,26860,4533
1791363804,26860,4533
1791363806,26860,4534
1791363808,26860,4534
1791363810,26860,4532
1791363812,26860,4531
1791363814,26863,4649
1791363816,26863,4649
1791363818,26863,4649
1791363820,26863,4649
1791363822,26863,4649
1791363824,26863,4649
1791363826,26863,4649
1791363828,26863,4647
1791363830,26863,4647
1791363832,26863,4647
1791363834,26863,4644
1791363836,26863,4645
1791363838,26863,4645
1791363840,26863,4645
1791363843,26863,4644
1791363845,26863,4643
1791363847,26863,4645
1791363849,26863,4645
1791363851,26863,4646
1791363853,26863,4646
1791363855,26863,4647
1791363857,26863,4647
1791363859,26863,4647
1791363861,26863,4647
1791363863,26863,4647
1791363865,26863,4648
1791363867,26863,4649
1791363869,26863,4649
1791363871,26863,4649
1791363873,26863,4648
1791363875,26863,4648
1791363877,26863,4647
1791363879,26863,4647
1791363881,26863,4647
1791363883,26863,4645
1791363885,26863,4646
1791363887,26863,4646
1791363889,26863,4647
1791363891,26863,4648
1791363893,26863,4648
1791363895,26863,4649
1791363897,26863,4649
1791363899,26863,4649
1791363901,26863,4650
1791363903,26863,4648
1791363905,26863,4647
1791363907,26863,4647
1791363909,26863,4647
1791363911,26863,4647
1791363913,26863,4647
1791363915,26863,4648
1791363917,26863,4648
1791363919,26863,4649
1791363921,26863,4649
1791363923,26863,4648
1791363925,26863,4649
1791363927,26863,4647
1791363929,26863,4648
1791363931,26863,4649
1791363933,26863,4647
1791363935,26863,4647
1791363937,26863,4648
1791363939,26863,4648
1791363941,26863,4649
1791363943,26863,4648
1791363945,26863,4648
1791363947,26863,4650
1791363950,26863,4650
1791363952,26863,4651
1791363954,26863,4651
1791363956,26863,4650
1791363958,26863,4650
1791363960,26863,4650
1791363962,26863,4650
1791363964,26863,4651
1791363966,26863,4644
1791363968,26863,4644
1791363970,26863,4644
1791363972,26863,4644
1791363974,26863,4643
1791363976,26863,4643
1791363978,26863,4644
1791363980,26863,4644
1791363982,26863,4644
1791363984,26863,4644
1791363986,26863,4645
1791363988,26863,4645
1791363990,26863,4644
1791363992,26863,4644
1791363994,26865,4644
1791363996,26865,4635
1791363998,26865,4633
1791364000,26865,4633
1791364002,26865,4634
1791364004,26865,4633
1791364006,26865,4633
1791364008,26865,4634
1791364010,26865,4634
1791364012,26865,4635
1791364014,26865,4634
1791364016,26865,4634
1791364018,26865,4635
1791364020,26865,4635
1791364022,26865,4634
1791364024,26865,4633
1791364026,26865,4626
1791364028,26865,4625
1791364030,26865,4625
1791364032,26865,4625
1791364034,26865,4625
1791364036,26865,4626
1791364038,26865,4626
1791364040,26865,4626
1791364042,26865,4626
1791364044,26865,4627
1791364046,26865,4626
1791364048,26865,4626
1791364050,26865,4625
1791364052,26865,4626
1791364054,26865,4627
1791364057,26865,4627
1791364059,26865,4619
1791364061,26865,4619
1791364063,26865,4618
1791364065,26865,4618
1791364067,26865,4617
1791364069,26865,4618
1791364071,26865,4617
1791364073,26865,4616
1791364075,26865,4616
1791364077,26865,4617
1791364079,26865,4617
1791364081,26865,4617
1791364083,26865,4618
1791364085,26865,4621
1791364087,26867,4620
1791364089,26867,4612
1791364091,26867,4612
1791364093,26867,4613
1791364095,26867,4613
1791364097,26867,4612
1791364099,26867,4613
1791364101,26867,4612
1791364103,26867,4613
1791364105,26867,4613
1791364107,26867,4613
1791364109,26867,4613
1791364111,26867,4614
1791364113,26867,4614
1791364115,26867,4613
1791364117,26867,4615
1791364119,26867,4607
1791364121,26867,4606
1791364123,26867,4607
1791364125,26867,4607
1791364127,26867,4606
1791364129,26867,4605
1791364131,26867,4606
1791364133,26867,4607
1791364135,26867,4606
1791364137,26867,4607
1791364139,26867,4608
1791364141,26867,4608
1791364143,26867,4607
1791364145,26867,4607
1791364147,26867,4607
1791364149,26867,4598
1791364151,26867,4598
1791364153,26867,4598
1791364155,26867,4597
1791364157,26867,4598
1791364159,26867,4598
1791364162,26867,4598
1791364164,26867,4598
1791364166,26867,4598
1791364168,26867,4598
1791364170,26867,4598
1791364172,26867,4598
1791364174,26867,4598
1791364176,26867,4660
1791364178,26867,4659
1791364180,26867,4660
1791364182,26867,4652
1791364184,26867,4652
1791364186,26867,4652
1791364188,26867,4652
1791364190,26867,4652
1791364192,26867,4652
1791364194,26867,4651
1791364196,26867,4652
1791364198,26867,4653
1791364200,26867,4653
1791364202,26867,4653
1791364204,26867,4652
1791364206,26867,4652
1791364208,26867,4652
1791364210,26867,4653
1791364212,26867,4645
1791364214,26867,4645
1791364216,26867,4644
1791364218,26867,4645
1791364220,26867,4645
1791364222,26867,4645
1791364224,26867,4644
1791364226,26867,4646
1791364228,26867,4646
1791364230,26867,4647
1791364232,26867,4648
1791364234,26867,4648
1791364236,26867,4649
1791364238,26867,4650
1791364240,26867,4650
1791364242,26867,4643
1791364244,26867,4643
1791364246,26867,4642
1791364248,26867,4642
1791364250,26867,4642
1791364252,26867,4645
1791364254,26867,4646
1791364256,26867,4644
1791364258,26867,4643
1791364260,26867,4644
1791364262,26867,4644
1791364264,26867,4646
1791364266,26867,4646
1791364269,26867,4646
1791364271,26867,4647
1791364273,26867,4639
1791364275,26867,4638
1791364277,26867,4638
1791364279,26867,4638
1791364281,26867,4638
1791364283,26867,4638
1791364285,26867,4636
1791364287,26867,4636
1791364289,26867,4637
1791364291,26867,4635
1791364293,26867,4635
1791364295,26867,4636
1791364297,26867,4636
1791364299,26867,4669
1791364301,26867,4669
1791364303,26867,4659
1791364305,26867,4658
1791364307,26867,4657
1791364309,26867,4655
1791364311,26867,4655
1791364313,26867,4654
1791364315,26867,4656
1791364317,26867,4656
1791364319,26867,4656
1791364321,26867,4656
1791364323,26867,4656
1791364325,26867,4656
1791364327,26867,4656
1791364329,26867,4656
1791364331,26867,4656
1791364333,26867,4657
1791364335,26867,4649
1791364337,26867,4648
1791364339,26867,4648
1791364341,26867,4649
1791364343,26867,4649
1791364345,26867,4649
1791364347,26867,4649
1791364349,26867,4649
1791364351,26867,4648
1791364353,26867,4695
1791364355,26868,4697
1791364357,26868,4697
1791364359,26868,4697
1791364361,26868,4697
1791364363,26868,4697
1791364365,26868,4686
1791364367,26868,4685
1791364369,26868,4684
1791364371,26868,4684
1791364374,26868,4684
1791364376,26868,4683
1791364378,26868,4683
1791364380,26868,4684
1791364382,26868,4685
1791364384,26868,4685
1791364386,26868,4685
1791364388,26868,4685
1791364390,26868,4685
1791364392,26868,4686
1791364394,26868,4686
1791364396,26868,4676
1791364398,26868,4676
1791364400,26868,4676
1791364402,26868,4677
1791364404,26868,4675
1791364406,26868,4676
1791364408,26868,4676
1791364410,26868,4677
1791364412,26868,4677
1791364414,26868,4676
1791364416,26868,4677
1791364418,26868,4678
1791364420,26868,4678
1791364422,26868,4677
1791364424,26868,4678
1791364426,26868,4670
1791364428,26868,4667
1791364430,26868,4665
1791364432,26868,4664
1791364434,26868,4665
1791364436,26868,4665
1791364438,26868,4665
1791364440,26868,4665
1791364442,26868,4665
1791364444,26868,4665
1791364446,26868,4665
1791364448,26868,4666
1791364450,26868,4666
1791364452,26868,4667
1791364454,26868,4666
1791364456,26868,4658
1791364458,26868,4658
1791364460,26868,4658
1791364462,26868,4656
1791364464,26868,4657
1791364466,26868,4658
1791364468,26868,4658
1791364470,26868,4657
1791364472,26868,4657
1791364474,26868,4657
1791364476,26868,4657
1791364479,26868,4657
1791364481,26868,4658
1791364483,26868,4657
1791364485,26868,4658
1791364487,26868,4657
1791364489,26868,4649
1791364491,26868,4647
1791364493,26868,4647
1791364495,26868,4646
1791364497,26868,4647
1791364499,26868,4647
1791364501,26868,4648
1791364503,26868,4648
1791364505,26868,4650
1791364507,26868,4649
1791364509,26868,4649
1791364511,26868,4649
1791364513,26868,4650
1791364515,26868,4650
1791364517,26868,4650
1791364519,26868,4650
1791364521,26868,4640
1791364523,26868,4641
1791364525,26868,4639
1791364527,26868,4639
1791364529,26868,4639
1791364531,26868,4638
1791364533,26868,4681
1791364535,26868,4682
1791364537,26868,4678
1791364539,26868,4680
1791364541,26868,4681
1791364543,26868,4681
1791364545,26868,4680
1791364547,26868,4680
1791364549,26868,4681
1791364551,26868,4673
1791364553,26868,4672
1791364555,26868,4671
1791364557,26868,4671
1791364559,26868,4671
1791364561,26868,4672
1791364563,26868,4672
1791364565,26868,4673
1791364567,26868,4672
1791364569,26868,4672
1791364571,26868,4673
1791364573,26868,4673
1791364575,26868,4673
1791364577,26868,4672
1791364579,26868,4673
1791364581,26868,4665
1791364584,26868,4662
1791364586,26868,4662
1791364588,26868,4662
1791364590,26868,4663
1791364592,26868,4663
1791364594,26868,4662
1791364596,26868,4661
1791364598,26868,4662
1791364600,26868,4662
1791364602,26868,4662
1791364604,26868,4662
1791364606,26868,4663
1791364608,26868,4663
1791364610,26868,4663
1791364612,26868,4663
1791364614,26868,4653
1791364616,26868,4652
1791364618,26868,4652
1791364620,26868,4652
1791364622,26868,4653
1791364624,26868,4652
1791364626,26868,4675
1791364628,26868,4674
1791364630,26868,4674
1791364632,26868,4674
1791364634,26868,4676
1791364636,26202,4005
1791364638,26202,4005
1791364640,26202,4005
1791364642,26202,4005
1791364644,26202,4003
1791364646,26202,4002
1791364648,26202,4003
1791364650,26202,4004
1791364652,26202,4003
1791364654,26202,4003
1791364656,26202,4003
1791364658,26202,4002
1791364660,26314,4010
1791364662,26314,4009
1791364664,26314,4008
1791364666,26314,4009
1791364668,26314,4009
1791364670,26314,4010
1791364672,26314,4010
1791364674,26314,4008
1791364676,26314,4008
1791364678,26314,4007
1791364680,26314,4007
1791364682,26314,4007
1791364684,26314,4006
1791364687,26314,4007
1791364689,26314,4007
1791364691,26314,4007
1791364693,26314,4007
1791364695,26314,4007
1791364697,26314,4008
1791364699,26314,4007
1791364701,26314,4009
1791364703,26314,4008
1791364705,26314,4008
1791364707,26314,4008
1791364709,26314,4008
1791364711,26314,4008
1791364713,26314,4008
1791364715,26314,4008
1791364717,26314,4008
1791364719,26314,4008
1791364721,26314,4008
1791364723,26314,4006
1791364725,26314,4007
1791364727,26314,4007
1791364729,26314,4007
1791364731,26314,4007
1791364733,26314,4007
1791364735,26314,4007
1791364737,26314,4007
1791364739,26314,4007
1791364741,26314,4007
1791364743,26314,4006
1791364745,26314,4006
1791364747,26314,4007
1791364749,26314,4008
1791364751,26314,4007
1791364753,26314,4007
1791364755,26314,4005
1791364757,26314,4005
1791364759,26314,4005
1791364761,26314,4005
1791364763,26314,4005
1791364765,26314,4005
1791364767,26314,4005
1791364769,26314,4004
1791364771,26314,4003
1791364773,26314,4003
1791364775,26314,4003
1791364777,26314,4003
1791364779,26314,4000
1791364781,26314,4001
1791364783,26314,4003
1791364785,26314,4003
1791364787,26314,4003
1791364789,26314,4002
1791364792,26314,4002
1791364794,26314,4003
1791364796,26314,4004
1791364798,26314,4004
1791364800,26314,4004
1791364802,26314,4004
1791364804,26314,4004
1791364806,26314,4003
1791364808,26314,4003
1791364810,26314,4002
1791364812,26314,4003
1791364814,26314,4004
1791364816,26314,4003
1791364818,26314,4002
1791364820,26314,4003
1791364822,26314,4003
1791364824,26314,4002
1791364826,26314,4003
1791364828,26314,4003
1791364830,26314,4003
1791364832,26314,4001
1791364834,26314,4002
1791364836,26314,4004
1791364838,26314,4004
1791364840,26314,4004
1791364842,26426,4122
1791364844,26426,4122
1791364846,26426,4122
1791364848,26426,4122
1791364850,26426,4122
1791364852,26426,4122
1791364854,26426,4124
1791364856,26426,4122
1791364858,26426,4122
1791364860,26426,4121
1791364862,26426,4121
1791364864,26426,4120
1791364866,26426,4121
1791364868,26426,4120
1791364870,26426,4120
1791364872,26426,4120
1791364874,26426,4120
1791364876,26426,4120
1791364878,26426,4120
1791364880,26426,4120
1791364882,26426,4121
1791364884,26426,4120
1791364886,26426,4121
1791364888,26426,4122
1791364890,26426,4122
1791364892,26426,4122
1791364894,26426,4123
1791364896,26426,4121
1791364899,26426,4120
1791364901,26426,4120
1791364903,26426,4119
1791364905,26426,4119
1791364907,26426,4119
1791364909,26426,4118
1791364911,26426,4118
1791364913,26426,4118
1791364915,26426,4118
1791364917,26426,4118
1791364919,26426,4118
1791364921,26426,4119
1791364923,26426,4118
1791364925,26426,4118
1791364927,26426,4118
1791364929,26426,4118
1791364931,26426,4118
1791364933,26426,4118
1791364935,26426,4117
1791364937,26426,4117
1791364939,26426,4114
1791364941,26426,4114
1791364943,26426,4114
1791364945,26426,4116
1791364947,26426,4116
1791364949,26426,4116
1791364951,26426,4115
1791364953,26426,4116
1791364955,26426,4116
1791364957,26426,4117
1791364959,26426,4116
1791364961,26426,4113
1791364963,26426,4114
1791364965,26426,4114
1791364967,26426,4113
1791364969,26426,4115
1791364971,26426,4115
1791364973,26426,4116
1791364975,26426,4114
1791364977,26426,4115
1791364979,26426,4115
1791364981,26426,4115
1791364983,26426,4115
1791364985,26426,4115
1791364987,26426,4116
1791364989,26426,4114
1791364991,26426,4116
1791364993,26426,4116
1791364995,26426,4116
1791364997,26426,4116
1791364999,26426,4117
1791365001,26426,4117
1791365004,26426,4118
1791365006,26426,4118
1791365008,26426,4119
1791365010,26426,4119
1791365012,26426,4120
1791365014,26426,4120
1791365016,26426,4120
1791365018,26426,4120
1791365020,26426,4118
1791365022,26426,4119
1791365024,26426,4118
1791365026,26426,4117
1791365028,26470,4164
1791365030,26539,4228
1791365032,26539,4227
1791365034,26539,4228
1791365036,26539,4228
1791365038,26539,4230
1791365040,26539,4229
1791365042,26539,4230
1791365044,26539,4232
1791365046,26539,4232
1791365048,26539,4232
1791365050,26539,4233
1791365052,26539,4232
1791365054,26539,4233
1791365056,26539,4231
1791365058,26539,4230
1791365060,26539,4230
1791365062,26539,4231
1791365064,26539,4232
1791365066,26539,4232
1791365068,26539,4230
1791365070,26539,4231
1791365072,26539,4229
1791365074,26539,4229
1791365076,26539,4228
1791365078,26539,4228
1791365080,26539,4227
1791365082,26539,4228
1791365084,26539,4228
1791365086,26539,4228
1791365088,26539,4228
1791365090,26539,4229
1791365092,26539,4229
1791365094,26539,4228
1791365096,26539,4229
1791365098,26539,4229
1791365100,26539,4230
1791365102,26539,4228
1791365104,26539,4229
1791365106,26539,4228
1791365109,26539,4228
1791365111,26539,4228
1791365113,26539,4227
1791365115,26539,4227
1791365117,26539,4226
1791365119,26539,4226
1791365121,26539,4225
1791365123,26539,4224
1791365125,26539,4225
1791365127,26539,4225
1791365129,26539,4224
1791365131,26539,4223
1791365133,26539,4223
1791365135,26539,4224
1791365137,26539,4224
1791365139,26539,4224
1791365141,26539,4224
1791365143,26539,4222
1791365145,26539,4223
1791365147,26539,4223
1791365149,26539,4222
1791365151,26539,4222
1791365153,26539,4222
1791365155,26539,4223
1791365157,26539,4224
1791365159,26539,4223
1791365161,26539,4224
1791365163,26539,4225
1791365165,26539,4224
1791365167,26539,4223
1791365169,26539,4223
1791365171,26539,4223
1791365173,26539,4223
1791365175,26539,4223
1791365177,26539,4224
1791365179,26539,4223
1791365181,26539,4223
1791365183,26539,4224
1791365185,26539,4223
1791365187,26539,4221
1791365189,26539,4222
1791365191,26539,4222
1791365193,26539,4223
1791365195,26539,4223
1791365197,26539,4223
1791365199,26539,4223
1791365201,26539,4224
1791365203,26539,4223
1791365205,26539,4223
1791365207,26539,4223
1791365209,26539,4223
1791365211,26651,4333
1791365214,26651,4333
1791365216,26651,4333
1791365218,26651,4333
1791365220,26651,4333
1791365222,26651,4333
1791365224,26651,4333
1791365226,26651,4333
1791365228,26651,4334
1791365230,26651,4334
1791365232,26651,4333
1791365234,26651,4331
1791365236,26651,4330
1791365238,26651,4331
1791365240,26651,4331
1791365242,26651,4331
1791365244,26651,4331
1791365246,26651,4331
1791365248,26651,4330
1791365250,26651,4331
1791365252,26651,4331
1791365254,26651,4331
1791365256,26651,4332
1791365258,26651,4332
1791365260,26651,4331
1791365262,26651,4330
1791365264,26651,4330
1791365266,26651,4331
1791365268,26651,4330
1791365270,26651,4330
1791365272,26651,4330
1791365274,26651,4331
1791365276,26651,4331
1791365278,26651,4332
1791365280,26651,4332
1791365282,26651,4331
1791365284,26651,4331
1791365286,26651,4329
1791365288,26651,4329
1791365290,26651,4328
1791365292,26651,4328
1791365294,26651,4328
1791365296,26651,4327
1791365298,26651,4328
1791365300,26651,4328
1791365302,26651,4328
1791365304,26651,4328
1791365306,26651,4328
1791365308,26651,4329
1791365310,26651,4329
1791365312,26651,4329
1791365314,26651,4329
1791365316,26651,4329
1791365318,26651,4329
1791365321,26651,4329
1791365323,26651,4330
1791365325,26651,4328
1791365327,26651,4327
1791365329,26651,4326
1791365331,26651,4327
1791365333,26651,4327
1791365335,26651,4326
1791365337,26651,4326
1791365339,26651,4326
1791365341,26651,4326
1791365343,26651,4326
1791365345,26651,4325
1791365347,26651,4327
1791365349,26651,4328
1791365351,26651,4329
1791365353,26651,4329
1791365355,26651,4329
1791365357,26651,4329
1791365359,26651,4329
1791365361,26651,4327
1791365363,26651,4328
1791365365,26651,4328
1791365367,26651,4326
1791365369,26651,4329
1791365371,26651,4329
1791365373,26651,4330
1791365375,26651,4330
1791365377,26651,4330
1791365379,26651,4330
1791365381,26651,4330
1791365383,26651,4330
1791365385,26651,4329
1791365387,26651,4329
1791365389,26651,4329
1791365391,26651,4327
1791365393,26763,4447
1791365395,26763,4448
1791365397,26763,4446
1791365399,26763,4447
1791365401,26763,4447
1791365403,26763,4447
1791365405,26763,4448
1791365407,26763,4448
1791365409,26763,4447
1791365411,26763,4448
1791365413,26763,4449
1791365415,26763,4449
1791365417,26763,4448
1791365419,26763,4448
1791365421,26763,4448
1791365423,26763,4448
1791365426,26763,4448
1791365428,26763,4448
1791365430,26763,4448
1791365432,26763,4449
1791365434,26763,4449
1791365436,26763,4449
1791365438,26763,4457
1791365440,26763,4458
1791365442,26763,4459
1791365444,26763,4457
1791365446,26763,4457
1791365448,26763,4456
1791365450,26763,4457
1791365452,26763,4459
1791365454,26763,4459
1791365456,26763,4459
1791365458,26763,4459
1791365460,26763,4459
1791365462,26763,4460
1791365464,26763,4460
1791365466,26763,4460
1791365468,26763,4459
1791365470,26763,4459
1791365472,26763,4459
1791365474,26763,4460
1791365476,26763,4458
1791365478,26763,4459
1791365480,26763,4459
1791365482,26763,4459
1791365484,26763,4462
1791365486,26763,4463
1791365488,26763,4462
1791365490,26763,4463
1791365492,26763,4463
1791365494,26763,4462
1791365496,26763,4462
1791365498,26763,4462
1791365500,26763,4461
1791365502,26763,4461
1791365504,26763,4461
1791365506,26763,4461
1791365508,26763,4463
1791365510,26763,4462
1791365512,26763,4462
1791365514,26763,4462
1791365516,26763,4462
1791365518,26763,4463
1791365520,26763,4463
1791365522,26763,4463
1791365524,26763,4463
1791365526,26763,4463
1791365528,26763,4463
1791365530,26763,4464
1791365533,26763,4462
1791365535,26763,4463
1791365537,26763,4463
1791365539,26763,4463
1791365541,26763,4463
1791365543,26763,4463
1791365545,26763,4464
1791365547,26763,4464
1791365549,26763,4464
1791365551,26763,4464
1791365553,26763,4464
1791365555,26763,4464
1791365557,26763,4464
1791365559,26763,4462
1791365561,26763,4462
1791365563,26763,4461
1791365565,26763,4461
1791365567,26763,4461
1791365569,26763,4463
1791365571,26763,4463
1791365573,26763,4462
1791365575,26763,4462
1791365577,26875,4572
1791365579,26875,4573
1791365581,26875,4575
1791365583,26875,4575
1791365585,26875,4575
1791365587,26875,4574
1791365589,26875,4573
1791365591,26875,4574
1791365593,26875,4574
1791365595,26875,4574
1791365597,26875,4574
1791365599,26875,4574
1791365601,26875,4574
1791365603,26875,4573
1791365605,26875,4573
1791365607,26875,4572
1791365609,26875,4571
1791365611,26875,4570
1791365613,26875,4571
1791365615,26875,4571
1791365617,26875,4571
1791365619,26875,4571
1791365621,26875,4571
1791365623,26875,4571
1791365625,26875,4569
1791365627,26875,4569
1791365629,26875,4569
1791365631,26875,4570
1791365633,26875,4570
1791365635,26875,4569
1791365638,26875,4568
1791365640,26875,4568
1791365642,26875,4568
1791365644,26875,4569
1791365646,26875,4569
1791365648,26875,4569
1791365650,26875,4568
1791365652,26875,4568
1791365654,26875,4570
1791365656,26875,4569
1791365658,26875,4570
1791365660,26875,4570
1791365662,26875,4568
1791365664,26875,4569
1791365666,26875,4568
1791365668,26875,4569
1791365670,26875,4568
1791365672,26875,4567
1791365674,26875,4569
1791365676,26875,4569
1791365678,26875,4565
1791365680,26875,4565
1791365682,26875,4565
1791365684,26875,4566
1791365686,26875,4566
1791365688,26875,4566
1791365690,26875,4564
1791365692,26875,4564
1791365694,26875,4566
1791365696,26875,4566
1791365698,26875,4566
1791365700,26875,4566
1791365702,26875,4566
1791365704,26875,4566
1791365706,26875,4566
1791365708,26875,4566
1791365710,26875,4566
1791365712,26875,4566
1791365714,26875,4566
1791365716,26875,4566
1791365718,26875,4566
1791365720,26875,4567
1791365722,26875,4565
1791365724,26875,4566
1791365726,26875,4565
1791365728,26875,4565
1791365730,26875,4565
1791365732,26875,4564
1791365734,26875,4565
1791365736,26875,4565
1791365738,26875,4565
1791365740,26875,4565
1791365742,26875,4564
1791365745,26875,4565
1791365747,26875,4565
1791365749,26875,4565
1791365751,26875,4565
1791365753,26875,4562
1791365755,26875,4563
1791365757,26875,4563
1791365759,26875,4562
1791365761,26875,4563
1791365763,26875,4672
1791365765,26875,4673
1791365767,26875,4673
1791365769,26875,4673
1791365771,26875,4674
1791365773,26875,4676
1791365775,26875,4676
1791365777,26875,4676
1791365779,26875,4677
1791365781,26875,4677
1791365783,26875,4677
1791365785,26875,4677
1791365787,26875,4677
1791365789,26875,4678
1791365791,26875,4679
1791365793,26875,4678
1791365795,26875,4675
1791365797,26875,4673
1791365799,26875,4675
1791365801,26875,4675
1791365803,26875,4676
1791365805,26875,4676
1791365807,26875,4677
1791365809,26875,4678
1791365811,26875,4676
1791365813,26875,4676
1791365815,26875,4675
1791365817,26875,4674
1791365819,26875,4674
1791365821,26875,4675
1791365823,26875,4674
1791365825,26875,4673
1791365827,26875,4674
1791365829,26875,4674
1791365831,26875,4673
1791365833,26875,4674
1791365835,26875,4674
1791365837,26875,4673
1791365839,26875,4673
1791365841,26875,4674
1791365843,26875,4674
1791365845,26875,4674
1791365847,26875,4674
1791365849,26875,4674
1791365852,26875,4674
1791365854,26875,4674
1791365856,26875,4673
1791365858,26875,4673
1791365860,26875,4673
1791365862,26875,4673
1791365864,26875,4671
1791365866,26875,4673
1791365868,26875,4673
1791365870,26875,4674
1791365872,26875,4674
1791365874,26875,4675
1791365876,26875,4671
1791365878,26875,4671
1791365880,26875,4672
1791365882,26875,4671
1791365884,26875,4671
1791365886,26875,4670
1791365888,26875,4672
1791365890,26875,4671
1791365892,26875,4669
1791365894,26875,4669
1791365896,26875,4669
1791365898,26875,4669
1791365900,26875,4668
1791365902,26875,4668
1791365904,26875,4668
1791365906,26875,4669
1791365908,26875,4662
1791365910,26875,4661
1791365912,26875,4659
1791365914,26875,4659
1791365916,26875,4659
1791365918,26875,4659
1791365920,26875,4659
1791365922,26875,4658
1791365924,26875,4659
1791365926,26875,4660
1791365928,26875,4661
1791365930,26875,4661
1791365932,26875,4659
1791365934,26875,4659
1791365936,26875,4660
1791365938,26875,4653
1791365940,26875,4677
1791365942,26875,4677
1791365944,26875,4677
1791365946,26875,4677
1791365948,26875,4677
1791365950,26875,4678
1791365952,26875,4678
1791365954,26875,4679
1791365956,26875,4679
1791365959,26875,4679
1791365961,26875,4680
1791365963,26875,4680
1791365965,26875,4680
1791365967,26875,4680
1791365969,26875,4679
1791365971,26875,4672
1791365973,26875,4672
1791365975,26875,4672
1791365977,26875,4671
1791365979,26875,4671
1791365981,26875,4671
1791365983,26875,4670
1791365985,26875,4670
1791365987,26875,4670
1791365989,26875,4670
1791365991,26875,4669
1791365993,26875,4669
1791365995,26875,4668
1791365997,26875,4669
1791365999,26875,4668
1791366001,26875,4661
1791366003,26875,4660
1791366005,26875,4660
1791366007,26875,4661
1791366009,26875,4660
1791366011,26875,4660
1791366013,26875,4660
1791366015,26875,4661
1791366017,26875,4660
1791366019,26875,4659
1791366021,26875,4658
1791366023,26875,4659
1791366025,26875,4662
1791366027,26875,4662
1791366029,26875,4662
1791366031,26875,4652
1791366033,26875,4652
1791366035,26875,4652
1791366037,26875,4651
1791366039,26875,4651
1791366041,26875,4650
1791366043,26875,4651
1791366045,26875,4652
1791366047,26875,4652
1791366049,26875,4652
1791366051,26875,4652
1791366053,26875,4652
1791366055,26875,4651
1791366057,26875,4652
1791366059,26875,4652
1791366061,26875,4652
1791366064,26875,4645
1791366066,26875,4643
1791366068,26875,4643
1791366070,26875,4643
1791366072,26875,4643
1791366074,26875,4643
1791366076,26875,4643
1791366078,26875,4644
1791366080,26875,4644
1791366082,26875,4644
1791366084,26875,4645
1791366086,26875,4644
1791366088,26875,4644
1791366090,26875,4644
1791366092,26875,4643
1791366094,26875,4635
1791366096,26875,4635
1791366098,26875,4634
1791366100,26875,4633
1791366102,26875,4633
1791366104,26875,4633
1791366106,26875,4633
1791366108,26875,4635
1791366110,26875,4635
1791366112,26875,4635
1791366114,26875,4633
1791366116,26875,4634
1791366118,26875,4633
1791366120,26875,4672
1791366122,26875,4673
1791366124,26875,4664
1791366126,26875,4665
1791366128,26875,4664
1791366130,26875,4665
1791366132,26875,4664
1791366134,26875,4665
1791366136,26875,4665
1791366138,26875,4665
1791366140,26875,4665
1791366142,26875,4665
1791366144,26875,4664
1791366146,26875,4666
1791366148,26875,4665
1791366150,26875,4665
1791366152,26875,4666
1791366154,26875,4658
1791366156,26875,4658
1791366158,26875,4658
1791366160,26875,4658
1791366162,26875,4693
1791366164,26875,4694
1791366166,26875,4693
1791366168,26875,4693
1791366171,26875,4693
1791366173,26875,4693
1791366175,26875,4689
1791366177,26875,4690
1791366179,26875,4690
1791366181,26875,4689
1791366183,26875,4689
1791366185,26875,4682
1791366187,26875,4682
1791366189,26875,4681
1791366191,26875,4682
1791366193,26875,4683
1791366195,26875,4682
1791366197,26875,4680
1791366199,26875,4680
1791366201,26875,4681
1791366203,26875,4681
1791366205,26875,4682
1791366207,26875,4677
1791366209,26875,4677
1791366211,26875,4678
1791366213,26875,4678
1791366215,26875,4678
1791366217,26875,4670
1791366219,26875,4671
1791366221,26875,4670
1791366223,26875,4670
1791366225,26875,4670
1791366227,26875,4669
1791366229,26875,4668
1791366231,26875,4668
1791366233,26875,4669
1791366235,26875,4670
1791366237,26875,4669
1791366239,26875,4664
1791366241,26875,4664
1791366243,26875,4667
1791366245,26875,4667
1791366247,26875,4659
1791366249,26875,4659
1791366251,26875,4659
1791366253,26875,4660
1791366255,26875,4660
1791366257,26875,4658
1791366259,26875,4658
1791366261,26875,4658
1791366263,26875,4659
1791366265,26875,4657
1791366267,26875,4658
1791366269,26875,4655
1791366271,26875,4655
1791366273,26875,4655
1791366275,26875,4656
1791366278,26875,4646
1791366280,26875,4646
1791366282,26875,4645
1791366284,26875,4645
1791366286,26875,4645
1791366288,26875,4646
1791366290,26875,4646
1791366292,26875,4646
1791366294,26875,4646
1791366296,26875,4647
1791366298,26875,4647
1791366300,26875,4646
1791366302,26875,4646
1791366304,26875,4646
1791366306,26875,4647
1791366308,26875,4686
1791366310,26875,4687
1791366312,26875,4687
1791366314,26875,4687
1791366316,26875,4687
1791366318,26875,4687
1791366320,26875,4687
1791366322,26875,4687
1791366324,26875,4687
1791366326,26875,4687
1791366328,26875,4687
1791366330,26875,4686
1791366332,26875,4685
1791366334,26875,4685
1791366336,26875,4685
1791366338,26875,4692
1791366340,26875,4685
1791366342,26875,4685
1791366344,26875,4686
1791366346,26875,4686
1791366348,26875,4686
1791366350,26875,4686
1791366352,26875,4686
1791366354,26875,4687
1791366356,26875,4688
1791366358,26875,4689
1791366360,26875,4689
1791366362,26875,4689
1791366364,26875,4689
1791366366,26875,4689
1791366368,26875,4689
1791366370,26875,4682
1791366372,26875,4679
1791366374,26875,4680
1791366376,26875,4680
1791366378,26875,4681
1791366380,26875,4681
1791366383,26875,4682
1791366385,26875,4681
1791366387,26875,4682
1791366389,26875,4682
1791366391,26875,4681
1791366393,26875,4681
1791366395,26875,4680
1791366397,26875,4679
1791366399,26875,4680
1791366401,26875,4671
1791366403,26875,4669
1791366405,26875,4670
1791366407,26875,4671
1791366409,26875,4670
1791366411,26875,4671
1791366413,26875,4672
1791366415,26875,4670
1791366417,26875,4670
1791366419,26875,4670
1791366421,26875,4670
1791366423,26875,4669
1791366425,26875,4670
1791366427,26875,4670
1791366429,26875,4668
1791366431,26875,4660
1791366433,26875,4659
1791366435,26875,4658
1791366437,26875,4658
1791366439,26875,4658
1791366441,26875,4657
1791366443,26875,4657
1791366445,26875,4656
1791366447,26875,4656
1791366449,26875,4656
1791366451,26875,4656
1791366453,26875,4656
1791366455,26875,4656
1791366457,26875,4655
1791366459,26875,4655
1791366461,26875,4649
1791366463,26875,4648
1791366465,26875,4647
1791366467,26875,4646
1791366469,26875,4646
1791366471,26875,4647
1791366473,26875,4647
1791366475,26875,4647
1791366477,26875,4648
1791366479,26875,4648
1791366481,26875,4648
1791366483,26875,4695
1791366485,26875,4696
1791366488,26875,4695
1791366490,26875,4696
1791366492,26875,4694
1791366494,26875,4687
1791366496,26875,4687
1791366498,26875,4687
1791366500,26875,4687
1791366502,26875,4686
1791366504,26875,4685
1791366506,26875,4685
1791366508,26875,4686
1791366510,26875,4687
1791366512,26875,4688
1791366514,26875,4688
1791366516,26875,4687
1791366518,26875,4688
1791366520,26875,4688
1791366522,26875,4687
1791366524,26875,4686
1791366526,26875,4679
1791366528,26875,4678
1791366530,26875,4678
1791366532,26875,4677
1791366534,26875,4676
1791366536,26875,4676
1791366538,26875,4675
1791366540,26875,4674
1791366542,26875,4675
1791366544,26875,4671
1791366546,26875,4672
1791366548,26875,4673
1791366550,26875,4673
1791366552,26875,4673
1791366554,26875,4672
1791366556,26875,4665
1791366558,26875,4662
1791366560,26875,4663
1791366562,26875,4663
1791366564,26875,4663
1791366566,26875,4663
1791366568,26875,4663
1791366570,26875,4663
1791366572,26875,4665
1791366574,26875,4664
1791366576,26875,4665
1791366578,26875,4665
1791366580,26875,4665
1791366582,26875,4665
1791366584,26875,4664
1791366586,26875,4657
1791366588,26875,4657
1791366590,26875,4657
1791366592,26875,4656
1791366595,26875,4656
1791366597,26875,4657
1791366599,26875,4657
1791366601,26875,4656
1791366603,26875,4655
1791366605,26875,4655
1791366607,26875,4655
1791366609,26875,4656
1791366611,26875,4658
1791366613,26875,4658
1791366615,26875,4657
1791366617,26875,4656
1791366619,26875,4647
1791366621,26875,4648
1791366623,26875,4647
1791366625,26875,4647
1791366627,26875,4647
1791366629,26875,4647
1791366631,26875,4646
1791366633,26875,4646
1791366635,26875,4646
1791366637,26875,4646
1791366639,26875,4647
1791366641,26875,4647
1791366643,26875,4647
1791366645,26875,4648
1791366647,26875,4649
1791366649,26875,4641
1791366651,26875,4642
1791366653,26875,4642
1791366655,26875,4643
1791366657,26875,4643
1791366659,26875,4643
1791366661,26875,4691
1791366663,26875,4690
1791366665,26875,4691
1791366667,26875,4689
1791366669,26875,4690
1791366671,26875,4689
1791366673,26875,4689
1791366675,26875,4688
1791366677,26875,4688
1791366679,26875,4680
1791366681,26875,4679
1791366683,26875,4680
1791366685,26875,4681
1791366687,26875,4681
1791366689,26875,4682
1791366691,26875,4682
1791366693,26875,4682
1791366695,26875,4682
1791366697,26875,4682
1791366699,26875,4682
1791366702,26875,4682
1791366704,26875,4683
1791366706,26875,4683
1791366708,26875,4684
1791366710,26875,4676
1791366712,26875,4676
1791366714,26875,4676
1791366716,26875,4676
1791366718,26875,4677
1791366720,26875,4675
1791366722,26875,4675
1791366724,26875,4676
1791366726,26875,4676
1791366728,26875,4676
1791366730,26875,4677
1791366732,26875,4677
1791366734,26875,4678
1791366736,26875,4678
1791366738,26875,4677
1791366740,26875,4669
1791366742,26875,4670
1791366744,26875,4670
1791366746,26875,4670
1791366748,26875,4670
1791366750,26875,4671
1791366752,26875,4670
1791366754,26875,4670
1791366756,26875,4670
1791366758,26875,4670
1791366760,26875,4670
1791366762,26875,4670
1791366764,26875,4670
1791366766,26875,4670
1791366768,26875,4670
1791366770,26875,4671
1791366772,26875,4662
1791366774,26875,4660
1791366776,26875,4661
1791366778,26875,4660
1791366780,26875,4659
1791366782,26875,4660
1791366784,26875,4660
1791366786,26875,4661
1791366788,26875,4660
1791366790,26875,4659
1791366792,26875,4660
1791366794,26875,4661
1791366796,26875,4662
1791366798,26875,4662
1791366800,26875,4661
1791366802,26875,4652
1791366804,26875,4652
1791366807,26875,4653
1791366809,26875,4653
1791366811,26875,4652
1791366813,26875,4653
1791366815,26875,4653
1791366817,26875,4653
1791366819,26875,4654
1791366821,26875,4654
1791366823,26875,4653
1791366825,26875,4653
1791366827,26875,4649
1791366829,26875,4649
1791366831,26875,4650
1791366833,26875,4643
1791366835,26875,4640
1791366837,26875,4641
1791366839,26875,4641
1791366841,26875,4640
1791366843,26875,4640
1791366845,26875,4687
1791366847,26875,4687
1791366849,26875,4688
1791366851,26875,4688
1791366853,26875,4688
1791366855,26875,4689
1791366857,26875,4687
1791366859,26875,4687
1791366861,26875,4688
1791366863,26875,4681
1791366865,26875,4679
1791366867,26875,4680
1791366869,26875,4680
1791366871,26875,4677
1791366873,26875,4676
1791366875,26875,4676
1791366877,26875,4673
1791366879,26875,4673
1791366881,26875,4674
1791366883,26875,4674
1791366885,26875,4675
1791366887,26875,4675
1791366889,26875,4676
1791366891,26875,4676
1791366893,26875,4668
1791366895,26875,4668
1791366897,26875,4667
1791366899,26875,4667
1791366901,26875,4667
1791366903,26875,4667
1791366905,26875,4668
1791366907,26875,4668
1791366909,26875,4669
1791366912,26875,4669
1791366914,26875,4669
1791366916,26875,4669
1791366918,26875,4669
1791366920,26875,4668
1791366922,26875,4668
1791366924,26875,4669
1791366926,26875,4661
1791366928,26875,4661
1791366930,26875,4660
1791366932,26875,4660
1791366934,26875,4660
1791366936,26875,4660
1791366938,26875,4660
1791366940,26875,4660
1791366942,26875,4658
1791366944,26875,4659
1791366946,26875,4658
1791366948,26875,4657
1791366950,26875,4656
1791366952,26875,4657
1791366954,26875,4657
1791366956,26875,4650
1791366958,26875,4651
1791366960,26875,4650
1791366962,26875,4650
1791366964,26875,4651
1791366966,26875,4651
1791366968,26875,4650
1791366970,26875,4649
1791366972,26875,4648
1791366974,26875,4648
1791366976,26875,4648
1791366978,26875,4646
1791366980,26875,4646
1791366982,26875,4646
1791366984,26875,4646
1791366986,26875,4639
1791366988,26875,4639
1791366990,26875,4639
1791366992,26875,4639
1791366994,26875,4639
1791366996,26875,4640
1791366998,26875,4640
1791367000,26875,4641
1791367002,26875,4641
1791367004,26875,4639
1791367006,26875,4640
1791367008,26875,4641
1791367010,26875,4641
1791367012,26875,4642
1791367014,26875,4642
1791367016,26875,4634
1791367019,26875,4634
1791367021,26875,4635
1791367023,26875,4635
1791367025,26875,4676
1791367027,26875,4676
1791367029,26875,4675
1791367031,26875,4673
1791367033,26205,4009
1791367035,26205,4009
1791367037,26205,4010
1791367039,26205,4011
1791367041,26205,4010
1791367043,26205,4010
1791367045,26205,4011
1791367047,26205,4009
1791367049,26205,3999
1791367051,26205,4001
1791367053,26205,4001
1791367055,26205,4002
1791367057,26205,4003
1791367059,26317,4010
1791367061,26317,4010
1791367063,26317,4010
1791367065,26317,4010
1791367067,26317,4011
1791367069,26317,4011
1791367071,26317,4011
1791367073,26317,4011
1791367075,26317,4012
1791367077,26317,4013
1791367079,26317,4013
1791367081,26317,4014
1791367083,26317,4012
1791367085,26317,4012
1791367087,26317,4012
1791367089,26317,4012
1791367091,26317,4011
1791367093,26317,4012
1791367095,26317,4012
1791367097,26317,4013
1791367099,26317,4013
1791367101,26317,4014
1791367103,26317,4014
1791367105,26317,4014
1791367107,26317,4014
1791367109,26317,4014
1791367111,26317,4014
1791367113,26317,4015
1791367115,26317,4015
1791367117,26317,4016
1791367119,26317,4016
1791367121,26317,4016
1791367124,26317,4015
1791367126,26317,4016
1791367128,26317,4016
1791367130,26317,4016
1791367132,26317,4017
1791367134,26317,4018
1791367136,26317,4019
1791367138,26317,4019
1791367140,26317,4019
1791367142,26317,4018
1791367144,26317,4018
1791367146,26317,4018
1791367148,26317,4018
1791367150,26317,4017
1791367152,26317,4018
1791367154,26317,4018
1791367156,26317,4018
1791367158,26317,4018
1791367160,26317,4018
1791367162,26317,4019
1791367164,26317,4018
1791367166,26317,4018
1791367168,26317,4016
1791367170,26317,4017
1791367172,26317,4017
1791367174,26317,4017
1791367176,26317,4015
1791367178,26317,4016
1791367180,26317,4015
1791367182,26317,4014
1791367184,26317,4014
1791367186,26317,4015
1791367188,26317,4013
1791367190,26317,4012
1791367192,26317,4013
1791367194,26317,4013
1791367196,26317,4013
1791367198,26317,4012
1791367200,26317,4012
1791367202,26317,4012
1791367204,26317,4012
1791367206,26317,4010
1791367208,26317,4012
1791367210,26317,4012
1791367212,26317,4011
1791367214,26317,4012
1791367216,26317,4012
1791367218,26317,4012
1791367220,26317,4012
1791367222,26317,4012
1791367224,26317,4012
1791367226,26317,4012
1791367228,26317,4013
1791367231,26317,4012
1791367233,26317,4011
1791367235,26317,4011
1791367237,26317,4011
1791367239,26430,4121
1791367241,26430,4122
1791367243,26430,4123
1791367245,26430,4124
1791367247,26430,4124
1791367249,26430,4124
1791367251,26430,4125
1791367253,26430,4124
1791367255,26430,4124
1791367257,26430,4124
1791367259,26430,4124
1791367261,26430,4124
1791367263,26430,4123
1791367265,26430,4125
1791367267,26430,4124
1791367269,26430,4125
1791367271,26430,4126
1791367273,26430,4126
1791367275,26430,4126
1791367277,26430,4126
1791367279,26430,4126
1791367281,26430,4126
1791367283,26430,4126
1791367285,26430,4126
1791367287,26430,4125
1791367289,26430,4125
1791367291,26430,4125
1791367293,26430,4125
1791367295,26430,4127
1791367297,26430,4127
1791367299,26430,4127
1791367301,26430,4126
1791367303,26430,4126
1791367305,26430,4125
1791367307,26430,4125
1791367309,26430,4125
1791367311,26430,4125
1791367313,26430,4125
1791367315,26430,4125
1791367317,26430,4124
1791367319,26430,4124
1791367321,26430,4124
1791367323,26430,4124
1791367325,26430,4123
1791367327,26430,4121
1791367329,26430,4122
1791367331,26430,4121
1791367333,26430,4122
1791367336,26430,4123
1791367338,26430,4124
1791367340,26430,4123
1791367342,26430,4124
1791367344,26430,4122
1791367346,26430,4122
1791367348,26430,4123
1791367350,26430,4123
1791367352,26430,4125
1791367354,26430,4125
1791367356,26430,4126
1791367358,26430,4125
1791367360,26430,4126
1791367362,26430,4125
1791367364,26430,4124
1791367366,26430,4125
1791367368,26430,4124
1791367370,26430,4125
1791367372,26430,4124
1791367374,26430,4124
1791367376,26430,4123
1791367378,26430,4124
1791367380,26430,4124
1791367382,26430,4124
1791367384,26430,4126
1791367386,26430,4124
1791367388,26430,4124
1791367390,26430,4124
1791367392,26430,4124
1791367394,26430,4124
1791367396,26430,4124
1791367398,26430,4124
1791367400,26430,4125
1791367402,26430,4124
1791367404,26430,4125
1791367406,26430,4124
1791367408,26430,4124
1791367410,26430,4124
1791367412,26430,4125
1791367414,26430,4126
1791367416,26430,4125
1791367418,26430,4126
1791367420,26542,4244
1791367422,26542,4244
1791367424,26542,4243
1791367426,26542,4245
1791367428,26542,4244
1791367430,26542,4244
1791367432,26542,4244
1791367434,26542,4244
1791367436,26542,4245
1791367438,26542,4246
1791367441,26542,4246
1791367443,26542,4247
1791367445,26542,4247
1791367447,26542,4248
1791367449,26542,4246
1791367451,26542,4246
1791367453,26542,4245
1791367455,26542,4245
1791367457,26542,4245
1791367459,26542,4243
1791367461,26542,4243
1791367463,26542,4243
1791367465,26542,4243
1791367467,26542,4243
1791367469,26542,4243
1791367471,26542,4244
1791367473,26542,4244
1791367475,26542,4244
1791367477,26542,4244
1791367479,26542,4243
1791367481,26542,4244
1791367483,26542,4244
1791367485,26542,4244
1791367487,26542,4245
1791367489,26542,4245
1791367491,26542,4245
1791367493,26542,4246
1791367495,26542,4244
1791367497,26542,4244
1791367499,26542,4245
1791367501,26542,4246
1791367503,26542,4244
1791367505,26542,4245
1791367507,26542,4245
1791367509,26542,4245
1791367511,26542,4246
1791367513,26542,4246
1791367515,26542,4247
1791367517,26542,4246
1791367519,26542,4246
1791367521,26542,4246
1791367523,26542,4245
1791367525,26542,4244
1791367527,26542,4245
1791367529,26542,4244
1791367531,26542,4245
1791367533,26542,4245
1791367535,26542,4245
1791367537,26542,4246
1791367539,26542,4246
1791367541,26542,4246
1791367543,26542,4247
1791367546,26542,4248
1791367548,26542,4247
1791367550,26542,4247
1791367552,26542,4245
1791367554,26542,4246
1791367556,26542,4244
1791367558,26542,4244
1791367560,26542,4245
1791367562,26542,4245
1791367564,26542,4245
1791367566,26542,4245
1791367568,26542,4245
1791367570,26542,4244
1791367572,26542,4243
1791367574,26542,4244
1791367576,26542,4244
1791367578,26542,4244
1791367580,26542,4243
1791367582,26542,4243
1791367584,26542,4243
1791367586,26542,4243
1791367588,26542,4243
1791367590,26542,4244
1791367592,26542,4244
1791367594,26542,4243
1791367596,26542,4243
1791367598,26542,4243
1791367600,26542,4243
1791367602,26542,4243
1791367604,26654,4352
1791367606,26654,4352
1791367608,26654,4352
1791367610,26654,4353
1791367612,26654,4352
1791367614,26654,4350
1791367616,26654,4349
1791367618,26654,4349
1791367620,26654,4349
1791367622,26654,4350
1791367624,26654,4349
1791367626,26654,4349
1791367628,26654,4349
1791367630,26654,4348
1791367632,26654,4349
1791367634,26654,4350
1791367636,26654,4351
1791367638,26654,4351
1791367640,26654,4351
1791367642,26654,4349
1791367644,26654,4350
1791367646,26654,4350
1791367648,26654,4351
1791367650,26654,4351
1791367653,26654,4352
1791367655,26654,4352
1791367657,26654,4351
1791367659,26654,4351
1791367661,26654,4352
1791367663,26654,4353
1791367665,26654,4353
1791367667,26654,4353
1791367669,26654,4354
1791367671,26654,4353
1791367673,26654,4354
1791367675,26654,4355
1791367677,26654,4354
1791367679,26654,4354
1791367681,26654,4354
1791367683,26654,4355
1791367685,26654,4355
1791367687,26654,4353
1791367689,26654,4354
1791367691,26654,4354
1791367693,26654,4354
1791367695,26654,4354
1791367697,26654,4352
1791367699,26654,4352
1791367701,26654,4353
1791367703,26654,4353
1791367705,26654,4353
1791367707,26654,4352
1791367709,26654,4352
1791367711,26654,4352
1791367713,26654,4353
1791367715,26654,4351
1791367717,26654,4351
1791367719,26654,4353
1791367721,26654,4353
1791367723,26654,4353
1791367725,26654,4353
1791367727,26654,4353
1791367729,26654,4352
1791367731,26654,4352
1791367733,26654,4353
1791367735,26654,4353
1791367737,26654,4353
1791367739,26654,4353
1791367741,26654,4350
1791367743,26654,4351
1791367745,26654,4351
1791367747,26654,4351
1791367749,26654,4351
1791367751,26654,4351
1791367753,26654,4351
1791367755,26654,4352
1791367758,26654,4351
1791367760,26654,4351
1791367762,26654,4351
1791367764,26654,4351
1791367766,26654,4351
1791367768,26654,4351
1791367770,26654,4350
1791367772,26654,4349
1791367774,26654,4349
1791367776,26654,4350
1791367778,26654,4350
1791367780,26654,4350
1791367782,26654,4350
1791367784,26766,4460
1791367786,26766,4460
1791367788,26766,4461
1791367790,26766,4461
1791367792,26766,4462
1791367794,26766,4462
1791367796,26766,4462
1791367798,26766,4462
1791367800,26766,4462
1791367802,26766,4461
1791367804,26766,4460
1791367806,26766,4460
1791367808,26766,4460
1791367810,26766,4461
1791367812,26766,4459
1791367814,26766,4459
1791367816,26766,4459
1791367818,26766,4459
1791367820,26766,4460
1791367822,26766,4460
1791367824,26766,4460
1791367826,26766,4458
1791367828,26766,4460
1791367830,26766,4460
1791367832,26766,4457
1791367834,26766,4458
1791367836,26766,4461
1791367838,26766,4461
1791367840,26766,4461
1791367842,26766,4461
1791367844,26766,4462
1791367846,26766,4462
1791367848,26766,4462
1791367850,26766,4461
1791367852,26766,4461
1791367854,26766,4462
1791367856,26766,4460
1791367858,26766,4460
1791367860,26766,4460
1791367863,26766,4459
1791367865,26766,4459
1791367867,26766,4459
1791367869,26766,4459
1791367871,26766,4458
1791367873,26766,4459
1791367875,26766,4460
1791367877,26766,4461
1791367879,26766,4462
1791367881,26766,4463
1791367883,26766,4462
1791367885,26766,4462
1791367887,26766,4462
1791367889,26766,4462
1791367891,26766,4462
1791367893,26766,4460
1791367895,26766,4462
1791367897,26766,4463
1791367899,26766,4463
1791367901,26766,4460
1791367903,26766,4461
1791367905,26766,4463
1791367907,26766,4463
1791367909,26766,4464
1791367911,26766,4464
1791367913,26766,4464
1791367915,26766,4464
1791367917,26766,4466
1791367919,26766,4466
1791367921,26766,4466
1791367923,26766,4467
1791367925,26766,4467
1791367927,26766,4467
1791367929,26766,4464
1791367931,26766,4465
1791367933,26766,4465
1791367935,26766,4465
1791367937,26766,4466
1791367939,26766,4466
1791367941,26766,4465
1791367943,26766,4465
1791367945,26766,4465
1791367947,26766,4466
1791367949,26766,4465
1791367951,26766,4465
1791367953,26766,4465
1791367955,26766,4464
1791367957,26766,4466
1791367959,26766,4466
1791367961,26766,4466
1791367963,26766,4466
1791367965,26878,4585
1791367967,26878,4585
1791367970,26878,4584
1791367972,26878,4583
1791367974,26878,4582
1791367976,26878,4582
1791367978,26878,4584
1791367980,26878,4584
1791367982,26878,4585
1791367984,26878,4586
1791367986,26878,4586
1791367988,26878,4586
1791367990,26878,4585
1791367992,26878,4585
1791367994,26878,4585
1791367996,26878,4585
1791367998,26878,4586
1791368000,26878,4586
1791368002,26878,4586
1791368004,26878,4585
1791368006,26878,4585
1791368008,26878,4586
1791368010,26878,4585
1791368012,26878,4586
1791368014,26878,4586
1791368016,26878,4585
1791368018,26878,4585
1791368020,26878,4585
1791368022,26878,4585
1791368024,26878,4583
1791368026,26878,4618
1791368028,26878,4619
1791368030,26878,4618
1791368032,26878,4619
1791368034,26878,4618
1791368036,26878,4618
1791368038,26878,4618
1791368040,26878,4618
1791368042,26878,4617
1791368044,26878,4617
1791368046,26878,4617
1791368048,26878,4616
1791368050,26878,4614
1791368052,26878,4614
1791368054,26878,4617
1791368056,26878,4617
1791368058,26878,4614
1791368060,26878,4615
1791368062,26878,4614
1791368064,26878,4615
1791368066,26878,4613
1791368068,26878,4613
1791368070,26878,4614
1791368072,26878,4614
1791368074,26878,4613
1791368077,26878,4613
1791368079,26878,4613
1791368081,26878,4613
1791368083,26878,4614
1791368085,26878,4614
1791368087,26878,4614
1791368089,26878,4610
1791368091,26878,4609
1791368093,26878,4609
1791368095,26878,4609
1791368097,26878,4609
1791368099,26878,4609
1791368101,26878,4609
1791368103,26878,4608
1791368105,26878,4608
1791368107,26878,4608
1791368109,26878,4608
1791368111,26878,4608
1791368113,26878,4608
1791368115,26878,4608
1791368117,26878,4608
1791368119,26878,4603
1791368121,26878,4604
1791368123,26878,4604
1791368125,26878,4604
1791368127,26878,4605
1791368129,26878,4605
1791368131,26878,4604
1791368133,26878,4604
1791368135,26878,4605
1791368137,26878,4611
1791368139,26878,4609
1791368141,26878,4611
1791368143,26878,4611
1791368145,26878,4610
1791368147,26878,4719
1791368149,26878,4717
1791368151,26878,4717
1791368153,26878,4718
1791368155,26878,4718
1791368157,26878,4718
1791368159,26878,4717
1791368161,26878,4718
1791368163,26878,4719
1791368165,26878,4719
1791368167,26878,4719
1791368169,26878,4718
1791368171,26878,4718
1791368173,26878,4717
1791368175,26878,4717
1791368177,26878,4718
1791368179,26878,4717
1791368182,26878,4717
1791368184,26878,4716
1791368186,26878,4716
1791368188,26878,4716
1791368190,26878,4716
1791368192,26878,4716
1791368194,26878,4716
1791368196,26878,4715
1791368198,26878,4715
1791368200,26878,4715
1791368202,26878,4716
1791368204,26878,4715
1791368206,26878,4715
1791368208,26878,4715
1791368210,26878,4716
1791368212,26878,4714
1791368214,26878,4714
1791368216,26878,4714
1791368218,26878,4713
1791368220,26878,4712
1791368222,26878,4711
1791368224,26878,4711
1791368226,26878,4711
1791368228,26878,4712
1791368230,26878,4712
1791368232,26878,4711
1791368234,26878,4712
1791368236,26878,4712
1791368238,26878,4712
1791368240,26878,4712
1791368242,26878,4709
1791368244,26878,4710
1791368246,26878,4707
1791368248,26878,4709
1791368250,26878,4709
1791368252,26878,4743
1791368254,26878,4744
1791368256,26878,4744
1791368258,26878,4745
1791368260,26878,4745
1791368262,26878,4745
1791368264,26878,4744
1791368266,26878,4743
1791368268,26878,4743
1791368270,26878,4744
1791368272,26878,4742
1791368274,26878,4742
1791368276,26878,4741
1791368278,26878,4741
1791368280,26878,4742
1791368282,26878,4728
1791368284,26878,4728
1791368287,26878,4726
1791368289,26878,4727
1791368291,26878,4728
1791368293,26878,4729
1791368295,26878,4728
1791368297,26878,4727
1791368299,26878,4727
1791368301,26878,4729
1791368303,26878,4727
1791368305,26878,4727
1791368307,26878,4727
1791368309,26878,4727
1791368311,26878,4726
1791368313,26878,4719
1791368315,26878,4716
1791368317,26878,4716
1791368319,26878,4717
1791368321,26878,4717
1791368323,26878,4717
1791368325,26878,4716
1791368327,26878,4716
1791368329,26878,4740
1791368331,26878,4741
1791368333,26878,4740
1791368335,26878,4741
1791368337,26878,4741
1791368339,26878,4740
1791368341,26878,4741
1791368343,26878,4740
1791368345,26878,4733
1791368347,26878,4732
1791368349,26878,4730
1791368351,26878,4731
1791368353,26878,4731
1791368355,26878,4731
1791368357,26878,4731
1791368359,26878,4731
1791368361,26878,4728
1791368363,26878,4727
1791368365,26878,4726
1791368367,26878,4728
1791368369,26878,4728
1791368371,26878,4727
1791368373,26878,4727
1791368375,26878,4719
1791368377,26878,4719
1791368379,26878,4719
1791368381,26878,4716
1791368383,26878,4716
1791368385,26878,4717
1791368387,26878,4716
1791368389,26878,4715
1791368391,26878,4715
1791368394,26878,4715
1791368396,26878,4715
1791368398,26878,4715
1791368400,26878,4716
1791368402,26878,4716
1791368404,26878,4715
1791368406,26878,4708
1791368408,26878,4707
1791368410,26878,4707
1791368412,26878,4705
1791368414,26878,4705
1791368416,26878,4705
1791368418,26878,4705
1791368420,26878,4705
1791368422,26878,4706
1791368424,26878,4705
1791368426,26878,4704
1791368428,26878,4703
1791368430,26878,4704
1791368432,26878,4701
1791368434,26878,4702
1791368436,26878,4694
1791368438,26878,4694
1791368440,26878,4694
1791368442,26878,4692
1791368444,26878,4692
1791368446,26878,4693
1791368448,26878,4693
1791368450,26878,4692
1791368452,26878,4693
1791368454,26878,4693
1791368456,26878,4693
1791368458,26878,4693
1791368460,26878,4692
1791368462,26878,4692
1791368464,26878,4692
1791368466,26878,4683
1791368468,26878,4682
1791368470,26878,4682
1791368472,26878,4683
1791368474,26878,4682
1791368476,26878,4681
1791368478,26878,4681
1791368480,26878,4682
1791368482,26878,4682
1791368484,26878,4682
1791368486,26878,4680
1791368488,26878,4680
1791368490,26878,4681
1791368492,26878,4680
1791368494,26878,4680
1791368496,26878,4681
1791368499,26878,4670
1791368501,26878,4671
1791368503,26878,4671
1791368505,26878,4671
1791368507,26878,4669
1791368509,26878,4669
1791368511,26878,4715
1791368513,26878,4714
1791368515,26878,4714
1791368517,26878,4714
1791368519,26878,4714
1791368521,26878,4715
1791368523,26878,4715
1791368525,26878,4715
1791368527,26878,4716
1791368529,26878,4715
1791368531,26878,4707
1791368533,26878,4706
1791368535,26878,4706
1791368537,26878,4707
1791368539,26878,4706
1791368541,26878,4706
1791368543,26878,4707
1791368545,26878,4708
1791368547,26878,4708
1791368549,26878,4705
1791368551,26878,4704
1791368553,26878,4704
1791368555,26878,4704
1791368557,26878,4704
1791368559,26878,4705
1791368561,26878,4697
1791368563,26878,4697
1791368565,26878,4697
1791368567,26878,4697
1791368569,26878,4698
1791368571,26878,4697
1791368573,26878,4697
1791368575,26878,4697
1791368577,26878,4696
1791368579,26878,4697
1791368581,26878,4697
1791368583,26878,4697
1791368585,26878,4698
1791368587,26878,4698
1791368589,26878,4699
1791368591,26878,4688
1791368593,26878,4688
1791368595,26878,4687
1791368597,26878,4687
1791368599,26878,4687
1791368601,26878,4685
1791368604,26878,4684
1791368606,26878,4684
1791368608,26878,4684
1791368610,26878,4685
1791368612,26878,4685
1791368614,26878,4687
1791368616,26878,4687
1791368618,26878,4686
1791368620,26878,4686
1791368622,26878,4678
1791368624,26878,4679
1791368626,26878,4678
1791368628,26878,4679
1791368630,26878,4680
1791368632,26878,4678
1791368634,26878,4677
1791368636,26878,4679
1791368638,26878,4679
1791368640,26878,4679
1791368642,26878,4679
1791368644,26878,4678
1791368646,26878,4678
1791368648,26878,4677
1791368650,26878,4676
1791368652,26878,4676
1791368654,26878,4669
1791368656,26878,4669
1791368658,26878,4670
1791368660,26878,4669
1791368662,26878,4669
1791368664,26878,4669
1791368666,26878,4668
1791368668,26878,4669
1791368670,26878,4667
1791368672,26878,4667
1791368674,26878,4668
1791368676,26878,4668
1791368678,26878,4667
1791368680,26878,4667
1791368682,26878,4668
1791368684,26878,4660
1791368686,26878,4660
1791368688,26878,4661
1791368690,26878,4703
1791368692,26878,4703
1791368694,26878,4702
1791368696,26878,4700
1791368698,26878,4701
1791368700,26878,4702
1791368702,26878,4702
1791368704,26878,4702
1791368706,26878,4702
1791368709,26878,4703
1791368711,26878,4704
1791368713,26878,4704
1791368715,26878,4698
1791368717,26878,4696
1791368719,26878,4696
1791368721,26878,4697
1791368723,26878,4698
1791368725,26878,4699
1791368727,26878,4698
1791368729,26878,4698
1791368731,26878,4698
1791368733,26878,4698
1791368735,26878,4696
1791368737,26878,4696
1791368739,26878,4697
1791368741,26878,4697
1791368743,26878,4696
1791368745,26878,4689
1791368747,26878,4689
1791368749,26878,4690
1791368751,26878,4690
1791368753,26878,4689
1791368755,26878,4690
1791368757,26878,4691
1791368759,26878,4690
1791368761,26878,4690
1791368763,26878,4690
1791368765,26878,4689
1791368767,26878,4690
1791368769,26878,4690
1791368771,26878,4691
1791368773,26878,4687
1791368775,26878,4688
1791368777,26878,4679
1791368779,26878,4678
1791368781,26878,4695
1791368783,26878,4695
1791368785,26878,4700
1791368787,26878,4700
1791368789,26878,4698
1791368791,26878,4699
1791368793,26878,4696
1791368795,26878,4697
1791368797,26878,4697
1791368799,26878,4696
1791368801,26878,4696
1791368803,26878,4695
1791368805,26878,4695
1791368807,26878,4688
1791368809,26878,4688
1791368811,26878,4687
1791368814,26878,4688
1791368816,26878,4688
1791368818,26878,4688
1791368820,26878,4688
1791368822,26878,4688
1791368824,26878,4686
1791368826,26878,4688
1791368828,26878,4688
1791368830,26878,4688
1791368832,26878,4688
1791368834,26878,4689
1791368836,26878,4690
1791368838,26878,4683
1791368840,26878,4681
1791368842,26878,4682
1791368844,26878,4682
1791368846,26878,4683
1791368848,26878,4684
1791368850,26878,4684
1791368852,26878,4684
1791368854,26878,4684
1791368856,26878,4685
1791368858,26878,4684
1791368860,26878,4685
1791368862,26878,4685
1791368864,26878,4684
1791368866,26878,4684
1791368868,26878,4677
1791368870,26878,4713
1791368872,26878,4712
1791368874,26878,4713
1791368876,26878,4714
1791368878,26878,4714
1791368880,26878,4714
1791368882,26878,4713
1791368884,26878,4714
1791368886,26878,4713
1791368888,26878,4714
1791368890,26878,4713
1791368892,26878,4713
1791368894,26878,4714
1791368896,26878,4714
1791368898,26878,4707
1791368900,26878,4707
1791368902,26878,4706
1791368904,26878,4705
1791368906,26878,4706
1791368908,26878,4706
1791368910,26878,4706
1791368912,26878,4706
1791368914,26878,4705
1791368916,26878,4705
1791368919,26878,4705
1791368921,26878,4705
1791368923,26878,4704
1791368925,26878,4705
1791368927,26878,4705
1791368929,26878,4704
1791368931,26878,4696
1791368933,26878,4697
1791368935,26878,4695
1791368937,26878,4695
1791368939,26878,4694
1791368941,26878,4696
1791368943,26878,4696
1791368945,26878,4696
1791368947,26878,4696
1791368949,26878,4695
1791368951,26878,4695
1791368953,26878,4695
1791368955,26878,4695
1791368957,26878,4695
1791368959,26878,4695
1791368961,26878,4687
1791368963,26878,4687
1791368965,26878,4685
1791368967,26878,4684
1791368969,26878,4683
1791368971,26878,4683
1791368973,26878,4683
1791368975,26878,4683
1791368977,26878,4683
1791368979,26878,4683
1791368981,26878,4683
1791368983,26878,4683
1791368985,26878,4684
1791368987,26878,4684
1791368989,26878,4684
1791368991,26878,4677
1791368993,26878,4676
1791368995,26878,4675
1791368997,26878,4676
1791368999,26878,4676
1791369001,26878,4677
1791369003,26878,4677
1791369005,26878,4677
1791369007,26878,4677
1791369009,26878,4676
1791369011,26878,4677
1791369013,26878,4677
1791369015,26878,4678
1791369017,26878,4677
1791369019,26878,4678
1791369022,26878,4670
1791369024,26878,4670
1791369026,26878,4670
1791369028,26878,4670
1791369030,26878,4668
1791369032,26878,4669
1791369034,26878,4668
1791369036,26878,4668
1791369038,26878,4670
1791369040,26878,4670
1791369042,26878,4670
1791369044,26878,4671
1791369046,26878,4712
1791369048,26878,4712
1791369050,26878,4711
1791369052,26878,4705
1791369054,26878,4704
1791369056,26878,4704
1791369058,26878,4704
1791369060,26878,4704
1791369062,26878,4704
1791369064,26878,4705
1791369066,26878,4704
1791369068,26878,4705
1791369070,26878,4705
1791369072,26878,4704
1791369074,26878,4705
1791369076,26878,4705
1791369078,26878,4705
1791369080,26878,4706
1791369082,26878,4706
1791369084,26878,4706
1791369086,26878,4699
1791369088,26878,4699
1791369090,26878,4698
1791369092,26878,4698
1791369094,26878,4698
1791369096,26878,4698
1791369098,26878,4698
1791369100,26878,4698
1791369102,26878,4699
1791369104,26878,4698
1791369106,26878,4699
1791369108,26878,4699
1791369110,26878,4697
1791369112,26878,4697
1791369114,26878,4697
1791369116,26878,4688
1791369118,26878,4688
1791369120,26878,4689
1791369122,26878,4688
1791369124,26878,4687
1791369127,26878,4688
1791369129,26878,4688
1791369131,26878,4689
1791369133,26878,4688
1791369135,26878,4689
1791369137,26878,4689
1791369139,26878,4688
1791369141,26878,4688
1791369143,26878,4689
1791369145,26878,4689
1791369147,26878,4681
1791369149,26878,4680
1791369151,26878,4681
1791369153,26878,4681
1791369155,26878,4680
1791369157,26878,4681
1791369159,26878,4680
1791369161,26878,4681
1791369163,26878,4681
1791369165,26878,4680
1791369167,26878,4680
1791369169,26878,4680
1791369171,26878,4680
1791369173,26878,4681
1791369175,26878,4680
1791369177,26878,4670
1791369179,26878,4671
1791369181,26878,4671
1791369183,26878,4669
1791369185,26878,4669
1791369187,26878,4669
1791369189,26878,4668
1791369191,26878,4668
1791369193,26878,4669
1791369195,26878,4667
1791369197,26878,4667
1791369199,26878,4668
1791369201,26878,4668
1791369203,26878,4669
1791369205,26878,4668
1791369207,26878,4669
1791369209,26878,4660
1791369211,26878,4660
1791369213,26878,4660
1791369215,26878,4660
1791369217,26878,4658
1791369219,26878,4658
1791369221,26878,4705
1791369223,26878,4706
1791369225,26878,4708
1791369227,26878,4708
1791369229,26878,4709
1791369232,26878,4709
1791369234,26878,4708
1791369236,26878,4708
1791369238,26878,4709
1791369240,26878,4701
1791369242,26878,4700
1791369244,26878,4699
1791369246,26878,4699
1791369248,26878,4699
1791369250,26878,4698
1791369252,26878,4698
1791369254,26878,4698
1791369256,26878,4697
1791369258,26878,4694
1791369260,26878,4695
1791369262,26878,4695
1791369264,26878,4696
1791369266,26878,4697
1791369268,26878,4697
1791369270,26878,4690
1791369272,26878,4690
1791369274,26878,4691
1791369276,26878,4691
1791369278,26878,4688
1791369280,26878,4689
1791369282,26878,4689
1791369284,26878,4688
1791369286,26878,4689
1791369288,26878,4689
1791369290,26878,4689
1791369292,26878,4688
1791369294,26878,4689
1791369296,26878,4689
1791369298,26878,4689
1791369300,26878,4681
1791369302,26878,4681
1791369304,26878,4681
1791369306,26878,4681
1791369308,26878,4681
1791369310,26878,4682
1791369312,26878,4682
1791369314,26878,4682
1791369316,26878,4679
1791369318,26878,4678
1791369320,26878,4678
1791369322,26878,4677
1791369324,26878,4677
1791369326,26878,4677
1791369328,26878,4677
1791369330,26878,4667
1791369332,26878,4667
1791369335,26878,4666
1791369337,26878,4667
1791369339,26878,4667
1791369341,26878,4669
1791369343,26878,4669
1791369345,26878,4669
1791369347,26878,4670
1791369349,26878,4670
1791369351,26878,4669
1791369353,26878,4670
1791369355,26878,4671
1791369357,26878,4672
1791369359,26878,4672
1791369361,26878,4672
1791369363,26878,4664
1791369365,26878,4663
1791369367,26878,4664
1791369369,26878,4664
1791369371,26878,4663
1791369373,26878,4663
1791369375,26878,4663
1791369377,26878,4662
1791369379,26878,4662
1791369381,26878,4662
1791369383,26878,4660
1791369385,26878,4660
1791369387,26878,4662
1791369389,26878,4662
1791369391,26878,4662
1791369393,26878,4653
1791369395,26878,4653
1791369397,26971,4677
1791369399,26878,4698
1791369401,26878,4699
1791369403,26878,4699
1791369405,26878,4700
1791369407,26878,4701
1791369409,26878,4701
1791369411,26878,4701
1791369413,26878,4702
1791369415,26878,4702
1791369417,26878,4702
1791369419,26878,4702
1791369421,26878,4702
1791369423,26878,4694
1791369425,26878,4694
1791369427,26878,4693
1791369429,26878,4694
1791369431,26878,4694
1791369433,26878,4694
1791369435,26878,4694
1791369437,26878,4695
1791369440,26878,4695
1791369442,26878,4695
1791369444,26878,4696
1791369446,26878,4696
1791369448,26878,4697
1791369450,26878,4697
1791369452,26878,4697
1791369454,26878,4689
1791369456,26878,4689
1791369458,26878,4690
1791369460,26878,4690
1791369462,26878,4691
1791369464,26878,4690
1791369466,26878,4690
1791369468,26878,4690
1791369470,26878,4691
1791369472,26878,4691
1791369474,26878,4688
1791369476,26878,4688
1791369478,26878,4688
1791369480,26878,4689
1791369482,26878,4690
1791369484,26878,4683
1791369486,26878,4683
1791369488,26878,4683
1791369490,26878,4683
1791369492,26878,4683
1791369494,26878,4681
1791369496,26878,4682
1791369498,26878,4682
1791369500,26878,4681
1791369502,26878,4680
1791369504,26878,4679
1791369506,26878,4679
1791369508,26878,4678
1791369510,26878,4677
1791369512,26878,4679
1791369514,26878,4680
1791369516,26878,4673
1791369518,26878,4672
1791369520,26878,4671
1791369522,26878,4671
1791369524,26878,4672
1791369526,26878,4672
1791369528,26878,4673
1791369530,26878,4673
1791369532,26878,4674
1791369534,26878,4672
1791369536,26878,4672
1791369538,26878,4671
1791369540,26878,4670
1791369542,26878,4671
1791369545,26878,4671
1791369547,26878,4664
1791369549,26878,4664
1791369551,26878,4664
1791369553,26878,4664
1791369555,26878,4664
1791369557,26878,4663
1791369559,26878,4663
1791369561,26878,4664
1791369563,26878,4664
1791369565,26878,4666
1791369567,26878,4666
1791369569,26878,4665
1791369571,26878,4665
1791369573,26878,4664
1791369575,26878,4664
1791369577,26878,4695
1791369579,26878,4692
1791369581,26878,4693
1791369583,26878,4692
1791369585,26878,4692
1791369587,26878,4693
1791369589,26878,4694
1791369591,26878,4693
1791369593,26878,4693
1791369595,26878,4694
1791369597,26878,4695
1791369599,26878,4694
1791369601,26878,4694
1791369603,26878,4695
1791369605,26878,4695
1791369607,26878,4689
1791369609,26878,4688
1791369611,26878,4688
1791369613,26878,4686
1791369615,26878,4686
1791369617,26878,4687
1791369619,26878,4688
1791369621,26878,4688
1791369623,26878,4687
1791369625,26878,4688
1791369627,26878,4688
1791369629,26878,4689
1791369631,26878,4688
1791369633,26878,4687
1791369635,26878,4688
1791369637,26878,4689
1791369639,26878,4690
1791369641,26878,4682
1791369643,26878,4681
1791369645,26878,4679
1791369648,26878,4678
1791369650,26878,4679
1791369652,26878,4680
1791369654,26878,4677
1791369656,26878,4679
1791369658,26878,4680
1791369660,26878,4678
1791369662,26878,4679
1791369664,26878,4678
1791369666,26878,4679
1791369668,26878,4680
1791369670,26878,4680
1791369672,26878,4672
1791369674,26878,4672
1791369676,26878,4673
1791369678,26878,4673
1791369680,26878,4673
1791369682,26878,4674
1791369684,26878,4673
1791369686,26878,4674
1791369688,26878,4674
1791369690,26878,4673
1791369692,26878,4673
1791369694,26878,4672
1791369696,26878,4672
1791369698,26878,4671
1791369700,26878,4672
1791369702,26878,4662
1791369704,26878,4662
1791369706,26878,4662
1791369708,26878,4662
1791369710,26878,4662
1791369712,26878,4661
1791369714,26878,4661
1791369716,26878,4662
1791369718,26878,4663
1791369720,26878,4663
1791369722,26878,4664
1791369724,26878,4663
1791369726,26878,4663
1791369728,26878,4664
1791369730,26878,4663
1791369732,26878,4654
1791369734,26878,4654
1791369736,26878,4655
1791369738,26878,4655
1791369740,26878,4655
1791369742,26878,4655
1791369744,26878,4656
1791369746,26878,4655
1791369748,26878,4656
1791369750,26878,4656
1791369753,26878,4656
1791369755,26878,4656
1791369757,26878,4653
1791369759,26878,4653
1791369761,26878,4701
1791369763,26878,4691
1791369765,26878,4692
1791369767,26878,4693
1791369769,0,1788
1791369771,0,1784
1791369773,0,1784
1791369775,0,1786
